#ifndef CAT_PIC_H
#define CAT_PIC_H

#ifdef __has_include
#if __has_include("lvgl.h")
#ifndef LV_LVGL_H_INCLUDE_SIMPLE
#define LV_LVGL_H_INCLUDE_SIMPLE
#endif
#endif
#endif

#if defined(LV_LVGL_H_INCLUDE_SIMPLE)
#include "lvgl.h"
#else
#include "lvgl/lvgl.h"
#endif

#ifndef LV_ATTRIBUTE_MEM_ALIGN
#define LV_ATTRIBUTE_MEM_ALIGN
#endif

#ifndef LV_ATTRIBUTE_IMAGE_CAT_1_OPTIMIZED
#define LV_ATTRIBUTE_IMAGE_CAT_1_OPTIMIZED
#endif

const LV_ATTRIBUTE_MEM_ALIGN LV_ATTRIBUTE_LARGE_CONST
    LV_ATTRIBUTE_IMAGE_CAT_1_OPTIMIZED uint8_t cat_1_optimized_map[] = {
        0x00, 0x00, 0x00, 0x00, 0x00, 0x00, 0x00, 0x00, 0x00, 0x00, 0x00, 0x00,
        0x00, 0x00, 0x00, 0x00, 0x00, 0x00, 0x00, 0x00, 0x00, 0x00, 0x00, 0x00,
        0x00, 0x00, 0x00, 0x00, 0x00, 0x00, 0x00, 0x00, 0x00, 0x00, 0x00, 0x00,
        0x00, 0x00, 0x00, 0x00, 0x00, 0x00, 0x00, 0x00, 0x00, 0x00, 0x00, 0x00,
        0x00, 0x00, 0x00, 0x00, 0x00, 0x00, 0x00, 0x00, 0x00, 0x00, 0x00, 0x00,
        0x00, 0x00, 0x00, 0x00, 0x00, 0x00, 0x00, 0x00, 0x00, 0x00, 0x00, 0x00,
        0x00, 0x00, 0x00, 0x00, 0x00, 0x00, 0x00, 0x00, 0x00, 0x00, 0x00, 0x00,
        0x00, 0x00, 0x00, 0x00, 0x00, 0x00, 0x00, 0x00, 0x00, 0x00, 0x00, 0x00,
        0x00, 0x00, 0x00, 0x00, 0x00, 0x00, 0x00, 0x00, 0x00, 0x00, 0x00, 0x00,
        0x00, 0x00, 0x00, 0x00, 0x00, 0x00, 0x00, 0x00, 0x00, 0x00, 0x00, 0x00,
        0x00, 0x00, 0x00, 0x00, 0x00, 0x00, 0x00, 0x00, 0x00, 0x00, 0x00, 0x00,
        0x00, 0x00, 0x00, 0x00, 0x00, 0x00, 0x00, 0x00, 0x00, 0x00, 0x00, 0x00,
        0x00, 0x00, 0x00, 0x00, 0x00, 0x00, 0x00, 0x00, 0x00, 0x00, 0x00, 0x00,
        0x00, 0x00, 0x00, 0x00, 0x00, 0x00, 0x00, 0x00, 0x00, 0x00, 0x00, 0x00,
        0x00, 0x00, 0x00, 0x00, 0x00, 0x00, 0x00, 0x00, 0x00, 0x00, 0x00, 0x00,
        0x00, 0x00, 0x00, 0x00, 0x00, 0x00, 0x00, 0x00, 0x00, 0x00, 0x00, 0x00,
        0xff, 0xff, 0xff, 0xff, 0xff, 0xff, 0xbf, 0xff, 0x00, 0x00, 0xff, 0xff,
        0xff, 0xff, 0x00, 0x00, 0x00, 0x00, 0x00, 0x00, 0x00, 0x00, 0x00, 0x00,
        0x00, 0x00, 0x00, 0x00, 0x00, 0x00, 0x00, 0x00, 0x00, 0x00, 0x00, 0x00,
        0x00, 0x00, 0x00, 0x00, 0x00, 0x00, 0x00, 0x00, 0x00, 0x00, 0x00, 0x00,
        0x00, 0x00, 0x00, 0x00, 0x00, 0x00, 0x00, 0x00, 0x00, 0x00, 0x00, 0x00,
        0x00, 0x00, 0x00, 0x00, 0x00, 0x00, 0x00, 0x00, 0x00, 0x00, 0x00, 0x00,
        0x00, 0x00, 0x00, 0x00, 0x00, 0x00, 0x00, 0x00, 0x00, 0x00, 0x00, 0x00,
        0x00, 0x00, 0x00, 0x00, 0x00, 0x00, 0x00, 0x00, 0x00, 0x00, 0x00, 0x00,
        0x00, 0x00, 0x00, 0x00, 0x00, 0x00, 0x00, 0x00, 0x00, 0x00, 0x00, 0x00,
        0x00, 0x00, 0x00, 0x00, 0x00, 0x00, 0x00, 0x00, 0x00, 0x00, 0x00, 0x00,
        0x00, 0x00, 0x00, 0x00, 0x00, 0x00, 0x00, 0x00, 0x00, 0x00, 0x00, 0x00,
        0x00, 0x00, 0x00, 0x00, 0x00, 0x00, 0x00, 0x00, 0x00, 0x00, 0x00, 0x00,
        0x00, 0x00, 0x00, 0x00, 0x00, 0x00, 0x00, 0x00, 0x00, 0x00, 0x00, 0x00,
        0x00, 0x00, 0x00, 0x00, 0x00, 0x00, 0x00, 0x00, 0x00, 0x00, 0x00, 0x00,
        0x00, 0x00, 0x00, 0x00, 0x00, 0x00, 0x00, 0x00, 0x00, 0x00, 0x00, 0x00,
        0x00, 0x00, 0x00, 0x00, 0x00, 0x00, 0x00, 0x00, 0x00, 0x00, 0x00, 0x00,
        0x00, 0x00, 0x00, 0x00, 0x00, 0x00, 0x00, 0x00, 0x00, 0x00, 0x00, 0x00,
        0x00, 0x00, 0x00, 0x00, 0x00, 0x00, 0x00, 0x00, 0x00, 0x00, 0x00, 0x00,
        0x00, 0x00, 0x00, 0x00, 0x00, 0x00, 0x00, 0x00, 0x00, 0x00, 0x00, 0x00,
        0x00, 0x00, 0x00, 0x00, 0x00, 0x00, 0x00, 0x00, 0x00, 0x00, 0x00, 0x00,
        0x00, 0x00, 0x00, 0x00, 0x00, 0x00, 0x00, 0x00, 0x00, 0x00, 0x00, 0x00,
        0x00, 0x00, 0x00, 0x00, 0x00, 0x00, 0x00, 0x00, 0x00, 0x00, 0x00, 0x00,
        0x00, 0x00, 0x00, 0x00, 0x00, 0x00, 0x00, 0x00, 0x00, 0x00, 0x00, 0x00,
        0x00, 0x00, 0x00, 0x00, 0x00, 0x00, 0x00, 0x00, 0x00, 0x00, 0x00, 0x00,
        0x00, 0x00, 0x00, 0x00, 0x00, 0x00, 0x00, 0x00, 0x00, 0x00, 0x00, 0x00,
        0x00, 0x00, 0x00, 0x00, 0x00, 0x00, 0x00, 0x00, 0x00, 0x00, 0x00, 0x00,
        0x00, 0x00, 0x00, 0x00, 0x00, 0x00, 0x00, 0x00, 0x00, 0x00, 0x00, 0x00,
        0x00, 0x00, 0x00, 0x00, 0x00, 0x00, 0x00, 0x00, 0x00, 0x00, 0x00, 0x00,
        0x00, 0x00, 0x00, 0x00, 0x00, 0x00, 0x00, 0x00, 0x00, 0x00, 0x00, 0x00,
        0x00, 0x00, 0x00, 0x00, 0x00, 0x00, 0x00, 0x00, 0x00, 0x00, 0x00, 0x00,
        0x00, 0x00, 0x00, 0x00, 0x00, 0x00, 0x00, 0x00, 0x00, 0x00, 0x00, 0x00,
        0x00, 0x00, 0x00, 0x00, 0x00, 0x00, 0x00, 0x00, 0x00, 0x00, 0x00, 0x00,
        0x00, 0x00, 0x00, 0x00, 0x00, 0x00, 0x00, 0x00, 0x00, 0x00, 0x00, 0x00,
        0x00, 0x00, 0x00, 0x00, 0x00, 0x00, 0x00, 0x00, 0x00, 0x00, 0x00, 0x00,
        0x00, 0x00, 0x00, 0x00, 0x00, 0x00, 0x00, 0x00, 0x00, 0x00, 0x00, 0x00,
        0x00, 0x00, 0x00, 0x00, 0x00, 0x00, 0x00, 0x00, 0x00, 0x00, 0x00, 0x00,
        0x00, 0x00, 0x00, 0x00, 0x00, 0x00, 0x00, 0x00, 0x00, 0x00, 0x00, 0x00,
        0x00, 0x00, 0x00, 0x00, 0x00, 0x00, 0x00, 0x00, 0x00, 0x00, 0x00, 0x00,
        0x00, 0x00, 0x00, 0x00, 0x00, 0x00, 0x00, 0x00, 0x00, 0x00, 0x00, 0x00,
        0x00, 0x00, 0x00, 0x00, 0x00, 0x00, 0x00, 0x00, 0x00, 0x00, 0x00, 0x00,
        0xff, 0xff, 0x00, 0x00, 0x5c, 0xf7, 0x1b, 0xf7, 0xff, 0xff, 0x00, 0x00,
        0x00, 0x00, 0xff, 0xff, 0x00, 0x00, 0x00, 0x00, 0x00, 0x00, 0x00, 0x00,
        0x00, 0x00, 0x00, 0x00, 0x00, 0x00, 0x00, 0x00, 0x00, 0x00, 0x00, 0x00,
        0x00, 0x00, 0x00, 0x00, 0x00, 0x00, 0x00, 0x00, 0x00, 0x00, 0x00, 0x00,
        0x00, 0x00, 0x00, 0x00, 0x00, 0x00, 0x00, 0x00, 0x00, 0x00, 0x00, 0x00,
        0x00, 0x00, 0x00, 0x00, 0x00, 0x00, 0x00, 0x00, 0x00, 0x00, 0x00, 0x00,
        0x00, 0x00, 0x00, 0x00, 0x00, 0x00, 0x00, 0x00, 0x00, 0x00, 0x00, 0x00,
        0x00, 0x00, 0x00, 0x00, 0x00, 0x00, 0x00, 0x00, 0x00, 0x00, 0x00, 0x00,
        0x00, 0x00, 0x00, 0x00, 0x00, 0x00, 0x00, 0x00, 0x00, 0x00, 0x00, 0x00,
        0x00, 0x00, 0x00, 0x00, 0x00, 0x00, 0x00, 0x00, 0x00, 0x00, 0x00, 0x00,
        0x00, 0x00, 0x00, 0x00, 0x00, 0x00, 0x00, 0x00, 0x00, 0x00, 0x00, 0x00,
        0x00, 0x00, 0x00, 0x00, 0x00, 0x00, 0x00, 0x00, 0x00, 0x00, 0x00, 0x00,
        0x00, 0x00, 0x00, 0x00, 0x00, 0x00, 0x00, 0x00, 0x00, 0x00, 0x00, 0x00,
        0x00, 0x00, 0x00, 0x00, 0x00, 0x00, 0x00, 0x00, 0x00, 0x00, 0x00, 0x00,
        0x00, 0x00, 0x00, 0x00, 0x00, 0x00, 0x00, 0x00, 0x00, 0x00, 0x00, 0x00,
        0x00, 0x00, 0x00, 0x00, 0x00, 0x00, 0x00, 0x00, 0x00, 0x00, 0x00, 0x00,
        0x00, 0x00, 0x00, 0x00, 0x00, 0x00, 0x00, 0x00, 0x00, 0x00, 0x00, 0x00,
        0x00, 0x00, 0x00, 0x00, 0x00, 0x00, 0x00, 0x00, 0x00, 0x00, 0x00, 0x00,
        0x00, 0x00, 0x00, 0x00, 0x00, 0x00, 0x00, 0x00, 0x00, 0x00, 0x00, 0x00,
        0x00, 0x00, 0x00, 0x00, 0x00, 0x00, 0x00, 0x00, 0x00, 0x00, 0x00, 0x00,
        0x00, 0x00, 0x00, 0x00, 0x00, 0x00, 0x00, 0x00, 0x00, 0x00, 0x00, 0x00,
        0x00, 0x00, 0x00, 0x00, 0x00, 0x00, 0x00, 0x00, 0x00, 0x00, 0x00, 0x00,
        0x00, 0x00, 0x00, 0x00, 0x00, 0x00, 0x00, 0x00, 0x00, 0x00, 0x00, 0x00,
        0x00, 0x00, 0x00, 0x00, 0x00, 0x00, 0x00, 0x00, 0x00, 0x00, 0x00, 0x00,
        0x00, 0x00, 0x00, 0x00, 0x00, 0x00, 0x00, 0x00, 0x00, 0x00, 0x00, 0x00,
        0x00, 0x00, 0x00, 0x00, 0x00, 0x00, 0x00, 0x00, 0x00, 0x00, 0x00, 0x00,
        0x00, 0x00, 0x00, 0x00, 0x00, 0x00, 0x00, 0x00, 0x00, 0x00, 0x00, 0x00,
        0x00, 0x00, 0x00, 0x00, 0x00, 0x00, 0x00, 0x00, 0x00, 0x00, 0x00, 0x00,
        0x00, 0x00, 0x00, 0x00, 0x00, 0x00, 0x00, 0x00, 0x00, 0x00, 0x00, 0x00,
        0x00, 0x00, 0x00, 0x00, 0x00, 0x00, 0x00, 0x00, 0x00, 0x00, 0x00, 0x00,
        0x00, 0x00, 0x00, 0x00, 0x00, 0x00, 0x00, 0x00, 0x00, 0x00, 0x00, 0x00,
        0x00, 0x00, 0x00, 0x00, 0x00, 0x00, 0x00, 0x00, 0x00, 0x00, 0x00, 0x00,
        0x00, 0x00, 0x00, 0x00, 0x00, 0x00, 0x00, 0x00, 0x00, 0x00, 0x00, 0x00,
        0x00, 0x00, 0x00, 0x00, 0x00, 0x00, 0x00, 0x00, 0x00, 0x00, 0x00, 0x00,
        0x00, 0x00, 0x00, 0x00, 0x00, 0x00, 0x00, 0x00, 0x00, 0x00, 0x00, 0x00,
        0x00, 0x00, 0x00, 0x00, 0x00, 0x00, 0x00, 0x00, 0x00, 0x00, 0x00, 0x00,
        0x00, 0x00, 0x00, 0x00, 0x00, 0x00, 0x00, 0x00, 0x00, 0x00, 0x00, 0x00,
        0x00, 0x00, 0x00, 0x00, 0x00, 0x00, 0x00, 0x00, 0x00, 0x00, 0x00, 0x00,
        0x00, 0x00, 0x00, 0x00, 0x00, 0x00, 0x00, 0x00, 0x00, 0x00, 0x00, 0x00,
        0x00, 0x00, 0x00, 0x00, 0x00, 0x00, 0x00, 0x00, 0x00, 0x00, 0xff, 0xff,
        0x00, 0x00, 0x5c, 0xf7, 0xfa, 0xf6, 0x77, 0xe6, 0xd9, 0xee, 0xfa, 0xee,
        0xbf, 0xff, 0x00, 0x00, 0xff, 0xff, 0x00, 0x00, 0x00, 0x00, 0x00, 0x00,
        0x00, 0x00, 0x00, 0x00, 0x00, 0x00, 0x00, 0x00, 0x00, 0x00, 0x00, 0x00,
        0x00, 0x00, 0x00, 0x00, 0x00, 0x00, 0x00, 0x00, 0x00, 0x00, 0x00, 0x00,
        0x00, 0x00, 0x00, 0x00, 0x00, 0x00, 0x00, 0x00, 0x00, 0x00, 0x00, 0x00,
        0x00, 0x00, 0x00, 0x00, 0x00, 0x00, 0x00, 0x00, 0x00, 0x00, 0x00, 0x00,
        0x00, 0x00, 0x00, 0x00, 0x00, 0x00, 0x00, 0x00, 0x00, 0x00, 0x00, 0x00,
        0x00, 0x00, 0x00, 0x00, 0x00, 0x00, 0x00, 0x00, 0x00, 0x00, 0x00, 0x00,
        0x00, 0x00, 0x00, 0x00, 0x00, 0x00, 0x00, 0x00, 0x00, 0x00, 0x00, 0x00,
        0x00, 0x00, 0x00, 0x00, 0x00, 0x00, 0x00, 0x00, 0x00, 0x00, 0x00, 0x00,
        0x00, 0x00, 0x00, 0x00, 0x00, 0x00, 0x00, 0x00, 0x00, 0x00, 0x00, 0x00,
        0x00, 0x00, 0x00, 0x00, 0x00, 0x00, 0x00, 0x00, 0x00, 0x00, 0x00, 0x00,
        0x00, 0x00, 0x00, 0x00, 0x00, 0x00, 0x00, 0x00, 0x00, 0x00, 0x00, 0x00,
        0x00, 0x00, 0x00, 0x00, 0x00, 0x00, 0x00, 0x00, 0x00, 0x00, 0x00, 0x00,
        0x00, 0x00, 0x00, 0x00, 0x00, 0x00, 0x00, 0x00, 0x00, 0x00, 0x00, 0x00,
        0x00, 0x00, 0x00, 0x00, 0x00, 0x00, 0x00, 0x00, 0x00, 0x00, 0x00, 0x00,
        0x00, 0x00, 0x00, 0x00, 0x00, 0x00, 0x00, 0x00, 0x00, 0x00, 0x00, 0x00,
        0x00, 0x00, 0x00, 0x00, 0x00, 0x00, 0x00, 0x00, 0x00, 0x00, 0x00, 0x00,
        0x00, 0x00, 0x00, 0x00, 0x00, 0x00, 0x00, 0x00, 0x00, 0x00, 0x00, 0x00,
        0x00, 0x00, 0x00, 0x00, 0x00, 0x00, 0x00, 0x00, 0x00, 0x00, 0x00, 0x00,
        0x00, 0x00, 0x00, 0x00, 0x00, 0x00, 0x00, 0x00, 0x00, 0x00, 0x00, 0x00,
        0x00, 0x00, 0x00, 0x00, 0x00, 0x00, 0x00, 0x00, 0x00, 0x00, 0x00, 0x00,
        0x00, 0x00, 0x00, 0x00, 0x00, 0x00, 0x00, 0x00, 0x00, 0x00, 0x00, 0x00,
        0x00, 0x00, 0x00, 0x00, 0x00, 0x00, 0x00, 0x00, 0x00, 0x00, 0x00, 0x00,
        0x00, 0x00, 0x00, 0x00, 0x00, 0x00, 0x00, 0x00, 0x00, 0x00, 0x00, 0x00,
        0x00, 0x00, 0x00, 0x00, 0x00, 0x00, 0x00, 0x00, 0x00, 0x00, 0x00, 0x00,
        0x00, 0x00, 0x00, 0x00, 0x00, 0x00, 0x00, 0x00, 0x00, 0x00, 0x00, 0x00,
        0x00, 0x00, 0x00, 0x00, 0x00, 0x00, 0x00, 0x00, 0x00, 0x00, 0x00, 0x00,
        0x00, 0x00, 0x00, 0x00, 0x00, 0x00, 0x00, 0x00, 0x00, 0x00, 0x00, 0x00,
        0x00, 0x00, 0x00, 0x00, 0x00, 0x00, 0x00, 0x00, 0x00, 0x00, 0x00, 0x00,
        0x00, 0x00, 0x00, 0x00, 0x00, 0x00, 0x00, 0x00, 0x00, 0x00, 0x00, 0x00,
        0x00, 0x00, 0x00, 0x00, 0x00, 0x00, 0x00, 0x00, 0x00, 0x00, 0x00, 0x00,
        0x00, 0x00, 0x00, 0x00, 0x00, 0x00, 0x00, 0x00, 0x00, 0x00, 0x00, 0x00,
        0x00, 0x00, 0x00, 0x00, 0x00, 0x00, 0x00, 0x00, 0x00, 0x00, 0x00, 0x00,
        0x00, 0x00, 0x00, 0x00, 0x00, 0x00, 0x00, 0x00, 0x00, 0x00, 0x00, 0x00,
        0x00, 0x00, 0x00, 0x00, 0x00, 0x00, 0x00, 0x00, 0x00, 0x00, 0x00, 0x00,
        0x00, 0x00, 0x00, 0x00, 0x00, 0x00, 0x00, 0x00, 0x00, 0x00, 0x00, 0x00,
        0x00, 0x00, 0x00, 0x00, 0x00, 0x00, 0x00, 0x00, 0x00, 0x00, 0x00, 0x00,
        0x00, 0x00, 0x00, 0x00, 0x00, 0x00, 0x00, 0x00, 0x00, 0x00, 0x00, 0x00,
        0x00, 0x00, 0x00, 0x00, 0x00, 0x00, 0x00, 0x00, 0x00, 0x00, 0x00, 0x00,
        0xff, 0xff, 0x77, 0xe6, 0xd8, 0xf6, 0xd9, 0xee, 0xb8, 0xe6, 0xd8, 0xf6,
        0xfa, 0xee, 0xbf, 0xff, 0x00, 0x00, 0xff, 0xff, 0x00, 0x00, 0x00, 0x00,
        0x00, 0x00, 0x00, 0x00, 0x00, 0x00, 0x00, 0x00, 0x00, 0x00, 0x00, 0x00,
        0x00, 0x00, 0x00, 0x00, 0x00, 0x00, 0x00, 0x00, 0x00, 0x00, 0x00, 0x00,
        0x00, 0x00, 0x00, 0x00, 0x00, 0x00, 0x00, 0x00, 0x00, 0x00, 0x00, 0x00,
        0x00, 0x00, 0x00, 0x00, 0x00, 0x00, 0x00, 0x00, 0x00, 0x00, 0x00, 0x00,
        0x00, 0x00, 0x00, 0x00, 0x00, 0x00, 0x00, 0x00, 0x00, 0x00, 0x00, 0x00,
        0x00, 0x00, 0x00, 0x00, 0x00, 0x00, 0x00, 0x00, 0x00, 0x00, 0x00, 0x00,
        0x00, 0x00, 0x00, 0x00, 0x00, 0x00, 0x00, 0x00, 0x00, 0x00, 0x00, 0x00,
        0x00, 0x00, 0x00, 0x00, 0x00, 0x00, 0x00, 0x00, 0x00, 0x00, 0x00, 0x00,
        0x00, 0x00, 0x00, 0x00, 0x00, 0x00, 0x00, 0x00, 0x00, 0x00, 0x00, 0x00,
        0x00, 0x00, 0x00, 0x00, 0x00, 0x00, 0x00, 0x00, 0x00, 0x00, 0x00, 0x00,
        0x00, 0x00, 0x00, 0x00, 0x00, 0x00, 0x00, 0x00, 0x00, 0x00, 0x00, 0x00,
        0x00, 0x00, 0x00, 0x00, 0x00, 0x00, 0x00, 0x00, 0x00, 0x00, 0x00, 0x00,
        0x00, 0x00, 0x00, 0x00, 0x00, 0x00, 0x00, 0x00, 0x00, 0x00, 0x00, 0x00,
        0x00, 0x00, 0x00, 0x00, 0x00, 0x00, 0x00, 0x00, 0x00, 0x00, 0x00, 0x00,
        0x00, 0x00, 0x00, 0x00, 0x00, 0x00, 0x00, 0x00, 0x00, 0x00, 0x00, 0x00,
        0x00, 0x00, 0x00, 0x00, 0x00, 0x00, 0x00, 0x00, 0x00, 0x00, 0x00, 0x00,
        0x00, 0x00, 0x00, 0x00, 0x00, 0x00, 0x00, 0x00, 0x00, 0x00, 0x00, 0x00,
        0x00, 0x00, 0x00, 0x00, 0x00, 0x00, 0x00, 0x00, 0x00, 0x00, 0x00, 0x00,
        0x00, 0x00, 0x00, 0x00, 0x00, 0x00, 0x00, 0x00, 0x00, 0x00, 0x00, 0x00,
        0x00, 0x00, 0x00, 0x00, 0x00, 0x00, 0x00, 0x00, 0x00, 0x00, 0x00, 0x00,
        0x00, 0x00, 0x00, 0x00, 0x00, 0x00, 0x00, 0x00, 0x00, 0x00, 0x00, 0x00,
        0x00, 0x00, 0x00, 0x00, 0x00, 0x00, 0x00, 0x00, 0x00, 0x00, 0x00, 0x00,
        0x00, 0x00, 0x00, 0x00, 0x00, 0x00, 0x00, 0x00, 0x00, 0x00, 0x00, 0x00,
        0x00, 0x00, 0x00, 0x00, 0x00, 0x00, 0x00, 0x00, 0x00, 0x00, 0x00, 0x00,
        0x00, 0x00, 0x00, 0x00, 0x00, 0x00, 0x00, 0x00, 0x00, 0x00, 0x00, 0x00,
        0x00, 0x00, 0x00, 0x00, 0x00, 0x00, 0x00, 0x00, 0x00, 0x00, 0x00, 0x00,
        0x00, 0x00, 0x00, 0x00, 0x00, 0x00, 0x00, 0x00, 0x00, 0x00, 0x00, 0x00,
        0x00, 0x00, 0x00, 0x00, 0x00, 0x00, 0x00, 0x00, 0x00, 0x00, 0x00, 0x00,
        0x00, 0x00, 0x00, 0x00, 0x00, 0x00, 0x00, 0x00, 0x00, 0x00, 0x00, 0x00,
        0x00, 0x00, 0x00, 0x00, 0x00, 0x00, 0x00, 0x00, 0x00, 0x00, 0x00, 0x00,
        0x00, 0x00, 0x00, 0x00, 0x00, 0x00, 0x00, 0x00, 0x00, 0x00, 0x00, 0x00,
        0x00, 0x00, 0x00, 0x00, 0x00, 0x00, 0x00, 0x00, 0x00, 0x00, 0x00, 0x00,
        0x00, 0x00, 0x00, 0x00, 0x00, 0x00, 0x00, 0x00, 0x00, 0x00, 0x00, 0x00,
        0x00, 0x00, 0x00, 0x00, 0x00, 0x00, 0x00, 0x00, 0x00, 0x00, 0x00, 0x00,
        0x00, 0x00, 0x00, 0x00, 0x00, 0x00, 0x00, 0x00, 0x00, 0x00, 0x00, 0x00,
        0x00, 0x00, 0x00, 0x00, 0x00, 0x00, 0x00, 0x00, 0x00, 0x00, 0x00, 0x00,
        0x00, 0x00, 0x00, 0x00, 0x00, 0x00, 0x00, 0x00, 0x00, 0x00, 0x00, 0x00,
        0x00, 0x00, 0x00, 0x00, 0x00, 0x00, 0x00, 0x00, 0xff, 0xff, 0x00, 0x00,
        0x5c, 0xf7, 0xd8, 0xee, 0xd8, 0xee, 0xf9, 0xf6, 0xf9, 0xf6, 0xd8, 0xf6,
        0xf8, 0xfe, 0x5b, 0xf7, 0x7d, 0xf7, 0x00, 0x00, 0xff, 0xff, 0x00, 0x00,
        0x00, 0x00, 0x00, 0x00, 0x00, 0x00, 0x00, 0x00, 0x00, 0x00, 0x00, 0x00,
        0x00, 0x00, 0x00, 0x00, 0x00, 0x00, 0x00, 0x00, 0x00, 0x00, 0x00, 0x00,
        0x00, 0x00, 0x00, 0x00, 0x00, 0x00, 0x00, 0x00, 0x00, 0x00, 0x00, 0x00,
        0x00, 0x00, 0x00, 0x00, 0x00, 0x00, 0x00, 0x00, 0x00, 0x00, 0x00, 0x00,
        0x00, 0x00, 0x00, 0x00, 0x00, 0x00, 0x00, 0x00, 0x00, 0x00, 0x00, 0x00,
        0x00, 0x00, 0x00, 0x00, 0x00, 0x00, 0x00, 0x00, 0x00, 0x00, 0x00, 0x00,
        0x00, 0x00, 0x00, 0x00, 0x00, 0x00, 0x00, 0x00, 0x00, 0x00, 0x00, 0x00,
        0x00, 0x00, 0x00, 0x00, 0x00, 0x00, 0x00, 0x00, 0x00, 0x00, 0x00, 0x00,
        0x00, 0x00, 0x00, 0x00, 0x00, 0x00, 0x00, 0x00, 0x00, 0x00, 0x00, 0x00,
        0x00, 0x00, 0x00, 0x00, 0x00, 0x00, 0x00, 0x00, 0x00, 0x00, 0x00, 0x00,
        0x00, 0x00, 0x00, 0x00, 0x00, 0x00, 0x00, 0x00, 0x00, 0x00, 0x00, 0x00,
        0x00, 0x00, 0x00, 0x00, 0x00, 0x00, 0x00, 0x00, 0x00, 0x00, 0x00, 0x00,
        0x00, 0x00, 0x00, 0x00, 0x00, 0x00, 0x00, 0x00, 0x00, 0x00, 0x00, 0x00,
        0x00, 0x00, 0x00, 0x00, 0x00, 0x00, 0x00, 0x00, 0x00, 0x00, 0x00, 0x00,
        0x00, 0x00, 0x00, 0x00, 0x00, 0x00, 0x00, 0x00, 0x00, 0x00, 0x00, 0x00,
        0x00, 0x00, 0x00, 0x00, 0x00, 0x00, 0x00, 0x00, 0x00, 0x00, 0x00, 0x00,
        0x00, 0x00, 0x00, 0x00, 0x00, 0x00, 0x00, 0x00, 0x00, 0x00, 0x00, 0x00,
        0x00, 0x00, 0x00, 0x00, 0x00, 0x00, 0x00, 0x00, 0x00, 0x00, 0x00, 0x00,
        0x00, 0x00, 0x00, 0x00, 0x00, 0x00, 0x00, 0x00, 0x00, 0x00, 0x00, 0x00,
        0x00, 0x00, 0x00, 0x00, 0x00, 0x00, 0x00, 0x00, 0x00, 0x00, 0x00, 0x00,
        0x00, 0x00, 0x00, 0x00, 0x00, 0x00, 0x00, 0x00, 0x00, 0x00, 0x00, 0x00,
        0x00, 0x00, 0x00, 0x00, 0x00, 0x00, 0x00, 0x00, 0x00, 0x00, 0x00, 0x00,
        0x00, 0x00, 0x00, 0x00, 0x00, 0x00, 0x00, 0x00, 0x00, 0x00, 0x00, 0x00,
        0x00, 0x00, 0x00, 0x00, 0x00, 0x00, 0x00, 0x00, 0x00, 0x00, 0x00, 0x00,
        0x00, 0x00, 0x00, 0x00, 0x00, 0x00, 0x00, 0x00, 0x00, 0x00, 0x00, 0x00,
        0x00, 0x00, 0x00, 0x00, 0x00, 0x00, 0x00, 0x00, 0x00, 0x00, 0x00, 0x00,
        0x00, 0x00, 0x00, 0x00, 0x00, 0x00, 0x00, 0x00, 0x00, 0x00, 0x00, 0x00,
        0x00, 0x00, 0x00, 0x00, 0x00, 0x00, 0x00, 0x00, 0x00, 0x00, 0x00, 0x00,
        0x00, 0x00, 0x00, 0x00, 0x00, 0x00, 0x00, 0x00, 0x00, 0x00, 0x00, 0x00,
        0x00, 0x00, 0x00, 0x00, 0x00, 0x00, 0x00, 0x00, 0x00, 0x00, 0x00, 0x00,
        0x00, 0x00, 0x00, 0x00, 0x00, 0x00, 0x00, 0x00, 0x00, 0x00, 0x00, 0x00,
        0x00, 0x00, 0x00, 0x00, 0x00, 0x00, 0x00, 0x00, 0x00, 0x00, 0x00, 0x00,
        0x00, 0x00, 0x00, 0x00, 0x00, 0x00, 0x00, 0x00, 0x00, 0x00, 0x00, 0x00,
        0x00, 0x00, 0x00, 0x00, 0x00, 0x00, 0x00, 0x00, 0x00, 0x00, 0x00, 0x00,
        0x00, 0x00, 0x00, 0x00, 0x00, 0x00, 0x00, 0x00, 0x00, 0x00, 0x00, 0x00,
        0x00, 0x00, 0x00, 0x00, 0x00, 0x00, 0x00, 0x00, 0x00, 0x00, 0x00, 0x00,
        0x00, 0x00, 0x00, 0x00, 0x00, 0x00, 0x00, 0x00, 0x00, 0x00, 0x00, 0x00,
        0x00, 0x00, 0x00, 0x00, 0x00, 0x00, 0xff, 0xff, 0x00, 0x00, 0xff, 0xff,
        0xfa, 0xee, 0x7c, 0xff, 0xf9, 0xf6, 0xd8, 0xf6, 0xd8, 0xee, 0x1a, 0xf7,
        0xd8, 0xf6, 0x9d, 0xff, 0x5b, 0xf7, 0xbf, 0xff, 0x00, 0x00, 0xff, 0xff,
        0x00, 0x00, 0x00, 0x00, 0x00, 0x00, 0x00, 0x00, 0x00, 0x00, 0x00, 0x00,
        0x00, 0x00, 0x00, 0x00, 0x00, 0x00, 0x00, 0x00, 0x00, 0x00, 0x00, 0x00,
        0x00, 0x00, 0x00, 0x00, 0x00, 0x00, 0x00, 0x00, 0x00, 0x00, 0x00, 0x00,
        0x00, 0x00, 0x00, 0x00, 0x00, 0x00, 0x00, 0x00, 0x00, 0x00, 0x00, 0x00,
        0x00, 0x00, 0x00, 0x00, 0x00, 0x00, 0x00, 0x00, 0x00, 0x00, 0x00, 0x00,
        0x00, 0x00, 0x00, 0x00, 0x00, 0x00, 0x00, 0x00, 0x00, 0x00, 0x00, 0x00,
        0x00, 0x00, 0x00, 0x00, 0x00, 0x00, 0x00, 0x00, 0x00, 0x00, 0x00, 0x00,
        0x00, 0x00, 0x00, 0x00, 0x00, 0x00, 0x00, 0x00, 0x00, 0x00, 0x00, 0x00,
        0x00, 0x00, 0x00, 0x00, 0x00, 0x00, 0x00, 0x00, 0x00, 0x00, 0x00, 0x00,
        0x00, 0x00, 0x00, 0x00, 0x00, 0x00, 0x00, 0x00, 0x00, 0x00, 0x00, 0x00,
        0x00, 0x00, 0x00, 0x00, 0x00, 0x00, 0x00, 0x00, 0x00, 0x00, 0x00, 0x00,
        0x00, 0x00, 0x00, 0x00, 0x00, 0x00, 0x00, 0x00, 0x00, 0x00, 0x00, 0x00,
        0x00, 0x00, 0x00, 0x00, 0x00, 0x00, 0x00, 0x00, 0x00, 0x00, 0x00, 0x00,
        0x00, 0x00, 0x00, 0x00, 0x00, 0x00, 0x00, 0x00, 0x00, 0x00, 0x00, 0x00,
        0x00, 0x00, 0x00, 0x00, 0x00, 0x00, 0x00, 0x00, 0x00, 0x00, 0x00, 0x00,
        0x00, 0x00, 0x00, 0x00, 0x00, 0x00, 0x00, 0x00, 0x00, 0x00, 0x00, 0x00,
        0x00, 0x00, 0x00, 0x00, 0x00, 0x00, 0x00, 0x00, 0x00, 0x00, 0x00, 0x00,
        0x00, 0x00, 0x00, 0x00, 0x00, 0x00, 0x00, 0x00, 0x00, 0x00, 0x00, 0x00,
        0x00, 0x00, 0x00, 0x00, 0x00, 0x00, 0x00, 0x00, 0x00, 0x00, 0x00, 0x00,
        0x00, 0x00, 0x00, 0x00, 0x00, 0x00, 0x00, 0x00, 0x00, 0x00, 0x00, 0x00,
        0x00, 0x00, 0x00, 0x00, 0x00, 0x00, 0x00, 0x00, 0x00, 0x00, 0x00, 0x00,
        0x00, 0x00, 0x00, 0x00, 0x00, 0x00, 0x00, 0x00, 0x00, 0x00, 0x00, 0x00,
        0x00, 0x00, 0x00, 0x00, 0x00, 0x00, 0x00, 0x00, 0x00, 0x00, 0x00, 0x00,
        0x00, 0x00, 0x00, 0x00, 0x00, 0x00, 0x00, 0x00, 0x00, 0x00, 0x00, 0x00,
        0x00, 0x00, 0x00, 0x00, 0x00, 0x00, 0x00, 0x00, 0x00, 0x00, 0x00, 0x00,
        0x00, 0x00, 0x00, 0x00, 0x00, 0x00, 0x00, 0x00, 0x00, 0x00, 0x00, 0x00,
        0x00, 0x00, 0x00, 0x00, 0x00, 0x00, 0x00, 0x00, 0x00, 0x00, 0x00, 0x00,
        0x00, 0x00, 0x00, 0x00, 0x00, 0x00, 0x00, 0x00, 0x00, 0x00, 0x00, 0x00,
        0x00, 0x00, 0x00, 0x00, 0x00, 0x00, 0x00, 0x00, 0x00, 0x00, 0x00, 0x00,
        0x00, 0x00, 0x00, 0x00, 0x00, 0x00, 0x00, 0x00, 0x00, 0x00, 0x00, 0x00,
        0x00, 0x00, 0x00, 0x00, 0x00, 0x00, 0x00, 0x00, 0x00, 0x00, 0x00, 0x00,
        0x00, 0x00, 0x00, 0x00, 0x00, 0x00, 0x00, 0x00, 0x00, 0x00, 0x00, 0x00,
        0x00, 0x00, 0x00, 0x00, 0x00, 0x00, 0x00, 0x00, 0x00, 0x00, 0x00, 0x00,
        0x00, 0x00, 0x00, 0x00, 0x00, 0x00, 0x00, 0x00, 0x00, 0x00, 0x00, 0x00,
        0x00, 0x00, 0x00, 0x00, 0x00, 0x00, 0x00, 0x00, 0x00, 0x00, 0x00, 0x00,
        0x00, 0x00, 0x00, 0x00, 0x00, 0x00, 0x00, 0x00, 0x00, 0x00, 0x00, 0x00,
        0x00, 0x00, 0x00, 0x00, 0x00, 0x00, 0x00, 0x00, 0x00, 0x00, 0x00, 0x00,
        0x00, 0x00, 0x00, 0x00, 0x00, 0x00, 0xff, 0xff, 0x00, 0x00, 0x1b, 0xf7,
        0x39, 0xff, 0xb8, 0xf6, 0xd8, 0xee, 0xd8, 0xee, 0x96, 0xf6, 0xf9, 0xf6,
        0x96, 0xf6, 0xf8, 0xfe, 0xbe, 0xff, 0x5b, 0xf7, 0xff, 0xff, 0xff, 0xff,
        0xff, 0xff, 0x00, 0x00, 0x00, 0x00, 0x00, 0x00, 0x00, 0x00, 0x00, 0x00,
        0x00, 0x00, 0x00, 0x00, 0x00, 0x00, 0x00, 0x00, 0x00, 0x00, 0x00, 0x00,
        0x00, 0x00, 0x00, 0x00, 0x00, 0x00, 0x00, 0x00, 0x00, 0x00, 0x00, 0x00,
        0x00, 0x00, 0x00, 0x00, 0x00, 0x00, 0x00, 0x00, 0x00, 0x00, 0x00, 0x00,
        0x00, 0x00, 0x00, 0x00, 0x00, 0x00, 0x00, 0x00, 0x00, 0x00, 0x00, 0x00,
        0x00, 0x00, 0x00, 0x00, 0x00, 0x00, 0x00, 0x00, 0x00, 0x00, 0x00, 0x00,
        0x00, 0x00, 0x00, 0x00, 0x00, 0x00, 0x00, 0x00, 0x00, 0x00, 0x00, 0x00,
        0x00, 0x00, 0x00, 0x00, 0x00, 0x00, 0x00, 0x00, 0x00, 0x00, 0x00, 0x00,
        0x00, 0x00, 0x00, 0x00, 0x00, 0x00, 0x00, 0x00, 0x00, 0x00, 0x00, 0x00,
        0x00, 0x00, 0x00, 0x00, 0x00, 0x00, 0x00, 0x00, 0x00, 0x00, 0x00, 0x00,
        0x00, 0x00, 0x00, 0x00, 0x00, 0x00, 0x00, 0x00, 0x00, 0x00, 0x00, 0x00,
        0x00, 0x00, 0x00, 0x00, 0x00, 0x00, 0x00, 0x00, 0x00, 0x00, 0x00, 0x00,
        0x00, 0x00, 0x00, 0x00, 0x00, 0x00, 0x00, 0x00, 0x00, 0x00, 0x00, 0x00,
        0x00, 0x00, 0x00, 0x00, 0x00, 0x00, 0x00, 0x00, 0x00, 0x00, 0x00, 0x00,
        0x00, 0x00, 0x00, 0x00, 0x00, 0x00, 0x00, 0x00, 0x00, 0x00, 0x00, 0x00,
        0x00, 0x00, 0x00, 0x00, 0x00, 0x00, 0x00, 0x00, 0x00, 0x00, 0x00, 0x00,
        0x00, 0x00, 0x00, 0x00, 0x00, 0x00, 0x00, 0x00, 0x00, 0x00, 0x00, 0x00,
        0x00, 0x00, 0x00, 0x00, 0x00, 0x00, 0x00, 0x00, 0x00, 0x00, 0x00, 0x00,
        0x00, 0x00, 0x00, 0x00, 0x00, 0x00, 0x00, 0x00, 0x00, 0x00, 0x00, 0x00,
        0x00, 0x00, 0x00, 0x00, 0x00, 0x00, 0x00, 0x00, 0x00, 0x00, 0x00, 0x00,
        0x00, 0x00, 0x00, 0x00, 0x00, 0x00, 0x00, 0x00, 0x00, 0x00, 0x00, 0x00,
        0x00, 0x00, 0x00, 0x00, 0x00, 0x00, 0x00, 0x00, 0x00, 0x00, 0x00, 0x00,
        0x00, 0x00, 0x00, 0x00, 0x00, 0x00, 0x00, 0x00, 0x00, 0x00, 0x00, 0x00,
        0x00, 0x00, 0x00, 0x00, 0x00, 0x00, 0x00, 0x00, 0x00, 0x00, 0x00, 0x00,
        0x00, 0x00, 0x00, 0x00, 0x00, 0x00, 0x00, 0x00, 0x00, 0x00, 0x00, 0x00,
        0x00, 0x00, 0x00, 0x00, 0x00, 0x00, 0x00, 0x00, 0x00, 0x00, 0x00, 0x00,
        0x00, 0x00, 0x00, 0x00, 0x00, 0x00, 0x00, 0x00, 0x00, 0x00, 0x00, 0x00,
        0x00, 0x00, 0x00, 0x00, 0x00, 0x00, 0x00, 0x00, 0x00, 0x00, 0x00, 0x00,
        0x00, 0x00, 0x00, 0x00, 0x00, 0x00, 0x00, 0x00, 0x00, 0x00, 0x00, 0x00,
        0x00, 0x00, 0x00, 0x00, 0x00, 0x00, 0x00, 0x00, 0x00, 0x00, 0x00, 0x00,
        0x00, 0x00, 0x00, 0x00, 0x00, 0x00, 0x00, 0x00, 0x00, 0x00, 0x00, 0x00,
        0x00, 0x00, 0x00, 0x00, 0x00, 0x00, 0x00, 0x00, 0x00, 0x00, 0x00, 0x00,
        0x00, 0x00, 0x00, 0x00, 0x00, 0x00, 0x00, 0x00, 0x00, 0x00, 0x00, 0x00,
        0x00, 0x00, 0x00, 0x00, 0x00, 0x00, 0x00, 0x00, 0x00, 0x00, 0x00, 0x00,
        0x00, 0x00, 0x00, 0x00, 0x00, 0x00, 0x00, 0x00, 0x00, 0x00, 0x00, 0x00,
        0x00, 0x00, 0x00, 0x00, 0x00, 0x00, 0x00, 0x00, 0x00, 0x00, 0x00, 0x00,
        0x00, 0x00, 0x00, 0x00, 0x00, 0x00, 0x00, 0x00, 0x00, 0x00, 0x00, 0x00,
        0x00, 0x00, 0x00, 0x00, 0xff, 0xff, 0xff, 0xff, 0xff, 0xff, 0xfa, 0xf6,
        0xf8, 0xfe, 0x55, 0xee, 0x96, 0xee, 0x97, 0xee, 0xb7, 0xf6, 0xf8, 0xfe,
        0x76, 0xee, 0x54, 0xee, 0xf8, 0xfe, 0x9d, 0xff, 0xfa, 0xee, 0xff, 0xff,
        0xff, 0xff, 0x00, 0x00, 0x00, 0x00, 0x00, 0x00, 0x00, 0x00, 0x00, 0x00,
        0x00, 0x00, 0x00, 0x00, 0x00, 0x00, 0x00, 0x00, 0x00, 0x00, 0x00, 0x00,
        0x00, 0x00, 0x00, 0x00, 0x00, 0x00, 0x00, 0x00, 0x00, 0x00, 0x00, 0x00,
        0x00, 0x00, 0x00, 0x00, 0x00, 0x00, 0x00, 0x00, 0x00, 0x00, 0x00, 0x00,
        0x00, 0x00, 0x00, 0x00, 0x00, 0x00, 0x00, 0x00, 0x00, 0x00, 0x00, 0x00,
        0x00, 0x00, 0x00, 0x00, 0x00, 0x00, 0x00, 0x00, 0x00, 0x00, 0x00, 0x00,
        0x00, 0x00, 0x00, 0x00, 0x00, 0x00, 0x00, 0x00, 0x00, 0x00, 0x00, 0x00,
        0x00, 0x00, 0x00, 0x00, 0x00, 0x00, 0x00, 0x00, 0x00, 0x00, 0x00, 0x00,
        0x00, 0x00, 0x00, 0x00, 0x00, 0x00, 0x00, 0x00, 0x00, 0x00, 0x00, 0x00,
        0x00, 0x00, 0x00, 0x00, 0x00, 0x00, 0x00, 0x00, 0x00, 0x00, 0x00, 0x00,
        0x00, 0x00, 0x00, 0x00, 0x00, 0x00, 0x00, 0x00, 0x00, 0x00, 0x00, 0x00,
        0x00, 0x00, 0x00, 0x00, 0x00, 0x00, 0x00, 0x00, 0x00, 0x00, 0x00, 0x00,
        0x00, 0x00, 0x00, 0x00, 0x00, 0x00, 0x00, 0x00, 0x00, 0x00, 0x00, 0x00,
        0x00, 0x00, 0x00, 0x00, 0x00, 0x00, 0x00, 0x00, 0x00, 0x00, 0x00, 0x00,
        0x00, 0x00, 0x00, 0x00, 0x00, 0x00, 0x00, 0x00, 0x00, 0x00, 0x00, 0x00,
        0x00, 0x00, 0x00, 0x00, 0x00, 0x00, 0x00, 0x00, 0x00, 0x00, 0x00, 0x00,
        0x00, 0x00, 0x00, 0x00, 0x00, 0x00, 0x00, 0x00, 0x00, 0x00, 0x00, 0x00,
        0x00, 0x00, 0x00, 0x00, 0x00, 0x00, 0x00, 0x00, 0x00, 0x00, 0x00, 0x00,
        0x00, 0x00, 0x00, 0x00, 0x00, 0x00, 0x00, 0x00, 0x00, 0x00, 0x00, 0x00,
        0x00, 0x00, 0x00, 0x00, 0x00, 0x00, 0x00, 0x00, 0x00, 0x00, 0x00, 0x00,
        0x00, 0x00, 0x00, 0x00, 0x00, 0x00, 0x00, 0x00, 0x00, 0x00, 0x00, 0x00,
        0x00, 0x00, 0x00, 0x00, 0x00, 0x00, 0x00, 0x00, 0x00, 0x00, 0x00, 0x00,
        0x00, 0x00, 0x00, 0x00, 0x00, 0x00, 0x00, 0x00, 0x00, 0x00, 0x00, 0x00,
        0x00, 0x00, 0x00, 0x00, 0x00, 0x00, 0x00, 0x00, 0x00, 0x00, 0x00, 0x00,
        0x00, 0x00, 0x00, 0x00, 0x00, 0x00, 0x00, 0x00, 0x00, 0x00, 0x00, 0x00,
        0x00, 0x00, 0x00, 0x00, 0x00, 0x00, 0x00, 0x00, 0x00, 0x00, 0x00, 0x00,
        0x00, 0x00, 0x00, 0x00, 0x00, 0x00, 0x00, 0x00, 0x00, 0x00, 0x00, 0x00,
        0x00, 0x00, 0x00, 0x00, 0x00, 0x00, 0x00, 0x00, 0x00, 0x00, 0x00, 0x00,
        0x00, 0x00, 0x00, 0x00, 0x00, 0x00, 0x00, 0x00, 0x00, 0x00, 0x00, 0x00,
        0x00, 0x00, 0x00, 0x00, 0x00, 0x00, 0x00, 0x00, 0x00, 0x00, 0x00, 0x00,
        0x00, 0x00, 0x00, 0x00, 0x00, 0x00, 0x00, 0x00, 0x00, 0x00, 0x00, 0x00,
        0x00, 0x00, 0x00, 0x00, 0x00, 0x00, 0x00, 0x00, 0x00, 0x00, 0x00, 0x00,
        0x00, 0x00, 0x00, 0x00, 0x00, 0x00, 0x00, 0x00, 0x00, 0x00, 0x00, 0x00,
        0x00, 0x00, 0x00, 0x00, 0x00, 0x00, 0x00, 0x00, 0x00, 0x00, 0x00, 0x00,
        0x00, 0x00, 0x00, 0x00, 0x00, 0x00, 0x00, 0x00, 0x00, 0x00, 0x00, 0x00,
        0x00, 0x00, 0x00, 0x00, 0x00, 0x00, 0x00, 0x00, 0x00, 0x00, 0x00, 0x00,
        0x00, 0x00, 0x00, 0x00, 0x00, 0x00, 0x00, 0x00, 0x00, 0x00, 0x00, 0x00,
        0x00, 0x00, 0x00, 0x00, 0xff, 0xff, 0x00, 0x00, 0x1b, 0xf7, 0xf8, 0xfe,
        0x76, 0xee, 0x76, 0xee, 0x97, 0xee, 0xd8, 0xee, 0xb7, 0xf6, 0xb8, 0xf6,
        0x96, 0xf6, 0x14, 0xee, 0x54, 0xee, 0x5b, 0xff, 0x9d, 0xff, 0x1b, 0xf7,
        0x00, 0x00, 0xff, 0xff, 0x00, 0x00, 0x00, 0x00, 0x00, 0x00, 0x00, 0x00,
        0x00, 0x00, 0x00, 0x00, 0x00, 0x00, 0x00, 0x00, 0x00, 0x00, 0x00, 0x00,
        0x00, 0x00, 0x00, 0x00, 0x00, 0x00, 0x00, 0x00, 0x00, 0x00, 0x00, 0x00,
        0x00, 0x00, 0x00, 0x00, 0x00, 0x00, 0x00, 0x00, 0x00, 0x00, 0x00, 0x00,
        0x00, 0x00, 0x00, 0x00, 0x00, 0x00, 0x00, 0x00, 0x00, 0x00, 0x00, 0x00,
        0x00, 0x00, 0x00, 0x00, 0x00, 0x00, 0x00, 0x00, 0x00, 0x00, 0x00, 0x00,
        0x00, 0x00, 0x00, 0x00, 0x00, 0x00, 0x00, 0x00, 0x00, 0x00, 0x00, 0x00,
        0x00, 0x00, 0x00, 0x00, 0x00, 0x00, 0x00, 0x00, 0x00, 0x00, 0x00, 0x00,
        0x00, 0x00, 0x00, 0x00, 0x00, 0x00, 0x00, 0x00, 0x00, 0x00, 0x00, 0x00,
        0x00, 0x00, 0x00, 0x00, 0x00, 0x00, 0x00, 0x00, 0x00, 0x00, 0x00, 0x00,
        0x00, 0x00, 0x00, 0x00, 0x00, 0x00, 0x00, 0x00, 0x00, 0x00, 0x00, 0x00,
        0x00, 0x00, 0x00, 0x00, 0x00, 0x00, 0x00, 0x00, 0x00, 0x00, 0x00, 0x00,
        0x00, 0x00, 0x00, 0x00, 0x00, 0x00, 0x00, 0x00, 0x00, 0x00, 0x00, 0x00,
        0x00, 0x00, 0x00, 0x00, 0x00, 0x00, 0x00, 0x00, 0x00, 0x00, 0x00, 0x00,
        0x00, 0x00, 0x00, 0x00, 0x00, 0x00, 0x00, 0x00, 0x00, 0x00, 0x00, 0x00,
        0x00, 0x00, 0x00, 0x00, 0x00, 0x00, 0x00, 0x00, 0x00, 0x00, 0x00, 0x00,
        0x00, 0x00, 0x00, 0x00, 0x00, 0x00, 0x00, 0x00, 0x00, 0x00, 0x00, 0x00,
        0x00, 0x00, 0x00, 0x00, 0x00, 0x00, 0x00, 0x00, 0x00, 0x00, 0x00, 0x00,
        0x00, 0x00, 0x00, 0x00, 0x00, 0x00, 0x00, 0x00, 0x00, 0x00, 0x00, 0x00,
        0x00, 0x00, 0x00, 0x00, 0x00, 0x00, 0x00, 0x00, 0x00, 0x00, 0x00, 0x00,
        0x00, 0x00, 0x00, 0x00, 0x00, 0x00, 0x00, 0x00, 0x00, 0x00, 0x00, 0x00,
        0x00, 0x00, 0x00, 0x00, 0x00, 0x00, 0x00, 0x00, 0x00, 0x00, 0x00, 0x00,
        0x00, 0x00, 0x00, 0x00, 0x00, 0x00, 0x00, 0x00, 0x00, 0x00, 0x00, 0x00,
        0x00, 0x00, 0x00, 0x00, 0x00, 0x00, 0x00, 0x00, 0x00, 0x00, 0x00, 0x00,
        0x00, 0x00, 0x00, 0x00, 0x00, 0x00, 0x00, 0x00, 0x00, 0x00, 0x00, 0x00,
        0x00, 0x00, 0x00, 0x00, 0x00, 0x00, 0x00, 0x00, 0x00, 0x00, 0x00, 0x00,
        0x00, 0x00, 0x00, 0x00, 0x00, 0x00, 0x00, 0x00, 0x00, 0x00, 0x00, 0x00,
        0x00, 0x00, 0x00, 0x00, 0x00, 0x00, 0x00, 0x00, 0x00, 0x00, 0x00, 0x00,
        0x00, 0x00, 0x00, 0x00, 0x00, 0x00, 0x00, 0x00, 0x00, 0x00, 0x00, 0x00,
        0x00, 0x00, 0x00, 0x00, 0x00, 0x00, 0x00, 0x00, 0x00, 0x00, 0x00, 0x00,
        0x00, 0x00, 0x00, 0x00, 0x00, 0x00, 0x00, 0x00, 0x00, 0x00, 0x00, 0x00,
        0x00, 0x00, 0x00, 0x00, 0x00, 0x00, 0x00, 0x00, 0x00, 0x00, 0x00, 0x00,
        0x00, 0x00, 0x00, 0x00, 0x00, 0x00, 0x00, 0x00, 0x00, 0x00, 0x00, 0x00,
        0x00, 0x00, 0x00, 0x00, 0x00, 0x00, 0x00, 0x00, 0x00, 0x00, 0x00, 0x00,
        0x00, 0x00, 0x00, 0x00, 0x00, 0x00, 0x00, 0x00, 0x00, 0x00, 0x00, 0x00,
        0x00, 0x00, 0x00, 0x00, 0x00, 0x00, 0x00, 0x00, 0x00, 0x00, 0x00, 0x00,
        0x00, 0x00, 0x00, 0x00, 0x00, 0x00, 0x00, 0x00, 0x00, 0x00, 0x00, 0x00,
        0x00, 0x00, 0xff, 0xff, 0x00, 0x00, 0xff, 0xff, 0xfa, 0xf6, 0x76, 0xee,
        0xf5, 0xed, 0x96, 0xee, 0x97, 0xee, 0xf9, 0xf6, 0xf9, 0xf6, 0xb8, 0xf6,
        0x96, 0xf6, 0x55, 0xee, 0xf5, 0xed, 0xf9, 0xf6, 0x7c, 0xff, 0x7c, 0xff,
        0xbf, 0xff, 0xff, 0xff, 0xff, 0xff, 0x00, 0x00, 0x00, 0x00, 0x00, 0x00,
        0x00, 0x00, 0x00, 0x00, 0x00, 0x00, 0x00, 0x00, 0x00, 0x00, 0x00, 0x00,
        0x00, 0x00, 0x00, 0x00, 0x00, 0x00, 0x00, 0x00, 0x00, 0x00, 0x00, 0x00,
        0x00, 0x00, 0x00, 0x00, 0x00, 0x00, 0x00, 0x00, 0x00, 0x00, 0x00, 0x00,
        0x00, 0x00, 0x00, 0x00, 0x00, 0x00, 0x00, 0x00, 0x00, 0x00, 0x00, 0x00,
        0x00, 0x00, 0x00, 0x00, 0x00, 0x00, 0x00, 0x00, 0x00, 0x00, 0x00, 0x00,
        0x00, 0x00, 0x00, 0x00, 0x00, 0x00, 0x00, 0x00, 0x00, 0x00, 0x00, 0x00,
        0x00, 0x00, 0x00, 0x00, 0x00, 0x00, 0x00, 0x00, 0x00, 0x00, 0x00, 0x00,
        0x00, 0x00, 0x00, 0x00, 0x00, 0x00, 0x00, 0x00, 0x00, 0x00, 0x00, 0x00,
        0x00, 0x00, 0x00, 0x00, 0x00, 0x00, 0x00, 0x00, 0x00, 0x00, 0x00, 0x00,
        0x00, 0x00, 0x00, 0x00, 0x00, 0x00, 0x00, 0x00, 0x00, 0x00, 0x00, 0x00,
        0x00, 0x00, 0x00, 0x00, 0x00, 0x00, 0x00, 0x00, 0x00, 0x00, 0x00, 0x00,
        0x00, 0x00, 0x00, 0x00, 0x00, 0x00, 0x00, 0x00, 0x00, 0x00, 0x00, 0x00,
        0x00, 0x00, 0x00, 0x00, 0x00, 0x00, 0x00, 0x00, 0x00, 0x00, 0x00, 0x00,
        0x00, 0x00, 0x00, 0x00, 0x00, 0x00, 0x00, 0x00, 0x00, 0x00, 0x00, 0x00,
        0x00, 0x00, 0x00, 0x00, 0x00, 0x00, 0x00, 0x00, 0x00, 0x00, 0x00, 0x00,
        0x00, 0x00, 0x00, 0x00, 0x00, 0x00, 0x00, 0x00, 0x00, 0x00, 0x00, 0x00,
        0x00, 0x00, 0x00, 0x00, 0x00, 0x00, 0x00, 0x00, 0x00, 0x00, 0x00, 0x00,
        0x00, 0x00, 0x00, 0x00, 0x00, 0x00, 0x00, 0x00, 0x00, 0x00, 0x00, 0x00,
        0x00, 0x00, 0x00, 0x00, 0x00, 0x00, 0x00, 0x00, 0x00, 0x00, 0x00, 0x00,
        0x00, 0x00, 0x00, 0x00, 0x00, 0x00, 0x00, 0x00, 0x00, 0x00, 0x00, 0x00,
        0x00, 0x00, 0x00, 0x00, 0x00, 0x00, 0x00, 0x00, 0x00, 0x00, 0x00, 0x00,
        0x00, 0x00, 0x00, 0x00, 0x00, 0x00, 0x00, 0x00, 0x00, 0x00, 0x00, 0x00,
        0x00, 0x00, 0x00, 0x00, 0x00, 0x00, 0x00, 0x00, 0x00, 0x00, 0x00, 0x00,
        0x00, 0x00, 0x00, 0x00, 0x00, 0x00, 0x00, 0x00, 0x00, 0x00, 0x00, 0x00,
        0x00, 0x00, 0x00, 0x00, 0x00, 0x00, 0x00, 0x00, 0x00, 0x00, 0x00, 0x00,
        0x00, 0x00, 0x00, 0x00, 0x00, 0x00, 0x00, 0x00, 0x00, 0x00, 0x00, 0x00,
        0x00, 0x00, 0x00, 0x00, 0x00, 0x00, 0x00, 0x00, 0x00, 0x00, 0x00, 0x00,
        0x00, 0x00, 0x00, 0x00, 0x00, 0x00, 0x00, 0x00, 0x00, 0x00, 0x00, 0x00,
        0x00, 0x00, 0x00, 0x00, 0x00, 0x00, 0x00, 0x00, 0x00, 0x00, 0x00, 0x00,
        0x00, 0x00, 0x00, 0x00, 0x00, 0x00, 0x00, 0x00, 0x00, 0x00, 0x00, 0x00,
        0x00, 0x00, 0x00, 0x00, 0x00, 0x00, 0x00, 0x00, 0x00, 0x00, 0x00, 0x00,
        0x00, 0x00, 0x00, 0x00, 0x00, 0x00, 0x00, 0x00, 0x00, 0x00, 0x00, 0x00,
        0x00, 0x00, 0x00, 0x00, 0x00, 0x00, 0x00, 0x00, 0x00, 0x00, 0x00, 0x00,
        0x00, 0x00, 0x00, 0x00, 0x00, 0x00, 0x00, 0x00, 0x00, 0x00, 0x00, 0x00,
        0x00, 0x00, 0x00, 0x00, 0x00, 0x00, 0x00, 0x00, 0x00, 0x00, 0x00, 0x00,
        0x00, 0x00, 0x00, 0x00, 0x00, 0x00, 0x00, 0x00, 0x00, 0x00, 0x00, 0x00,
        0x00, 0x00, 0xff, 0xff, 0x00, 0x00, 0x7d, 0xf7, 0x76, 0xee, 0x35, 0xe6,
        0x76, 0xee, 0x76, 0xee, 0x96, 0xee, 0xb8, 0xf6, 0x1a, 0xf7, 0x1a, 0xf7,
        0xd8, 0xf6, 0xb7, 0xf6, 0x76, 0xee, 0x76, 0xee, 0x39, 0xff, 0x7c, 0xff,
        0x1b, 0xf7, 0x00, 0x00, 0xff, 0xff, 0x00, 0x00, 0x00, 0x00, 0x00, 0x00,
        0x00, 0x00, 0x00, 0x00, 0x00, 0x00, 0x00, 0x00, 0x00, 0x00, 0x00, 0x00,
        0x00, 0x00, 0x00, 0x00, 0x00, 0x00, 0x00, 0x00, 0x00, 0x00, 0x00, 0x00,
        0x00, 0x00, 0x00, 0x00, 0x00, 0x00, 0x00, 0x00, 0x00, 0x00, 0x00, 0x00,
        0x00, 0x00, 0x00, 0x00, 0x00, 0x00, 0x00, 0x00, 0x00, 0x00, 0x00, 0x00,
        0x00, 0x00, 0x00, 0x00, 0x00, 0x00, 0x00, 0x00, 0x00, 0x00, 0x00, 0x00,
        0x00, 0x00, 0x00, 0x00, 0x00, 0x00, 0x00, 0x00, 0x00, 0x00, 0x00, 0x00,
        0x00, 0x00, 0x00, 0x00, 0x00, 0x00, 0x00, 0x00, 0x00, 0x00, 0x00, 0x00,
        0x00, 0x00, 0x00, 0x00, 0x00, 0x00, 0x00, 0x00, 0x00, 0x00, 0x00, 0x00,
        0x00, 0x00, 0x00, 0x00, 0x00, 0x00, 0x00, 0x00, 0x00, 0x00, 0x00, 0x00,
        0x00, 0x00, 0x00, 0x00, 0x00, 0x00, 0x00, 0x00, 0x00, 0x00, 0x00, 0x00,
        0x00, 0x00, 0x00, 0x00, 0x00, 0x00, 0x00, 0x00, 0x00, 0x00, 0x00, 0x00,
        0x00, 0x00, 0x00, 0x00, 0x00, 0x00, 0x00, 0x00, 0x00, 0x00, 0x00, 0x00,
        0x00, 0x00, 0x00, 0x00, 0x00, 0x00, 0x00, 0x00, 0x00, 0x00, 0x00, 0x00,
        0x00, 0x00, 0x00, 0x00, 0x00, 0x00, 0x00, 0x00, 0x00, 0x00, 0x00, 0x00,
        0x00, 0x00, 0x00, 0x00, 0x00, 0x00, 0x00, 0x00, 0x00, 0x00, 0x00, 0x00,
        0x00, 0x00, 0x00, 0x00, 0x00, 0x00, 0x00, 0x00, 0x00, 0x00, 0x00, 0x00,
        0x00, 0x00, 0x00, 0x00, 0x00, 0x00, 0x00, 0x00, 0x00, 0x00, 0x00, 0x00,
        0x00, 0x00, 0x00, 0x00, 0x00, 0x00, 0x00, 0x00, 0x00, 0x00, 0x00, 0x00,
        0x00, 0x00, 0x00, 0x00, 0x00, 0x00, 0x00, 0x00, 0x00, 0x00, 0x00, 0x00,
        0x00, 0x00, 0x00, 0x00, 0x00, 0x00, 0x00, 0x00, 0x00, 0x00, 0x00, 0x00,
        0x00, 0x00, 0x00, 0x00, 0x00, 0x00, 0x00, 0x00, 0x00, 0x00, 0x00, 0x00,
        0x00, 0x00, 0x00, 0x00, 0x00, 0x00, 0x00, 0x00, 0x00, 0x00, 0x00, 0x00,
        0x00, 0x00, 0x00, 0x00, 0x00, 0x00, 0x00, 0x00, 0x00, 0x00, 0x00, 0x00,
        0x00, 0x00, 0x00, 0x00, 0x00, 0x00, 0x00, 0x00, 0x00, 0x00, 0x00, 0x00,
        0x00, 0x00, 0x00, 0x00, 0x00, 0x00, 0x00, 0x00, 0x00, 0x00, 0x00, 0x00,
        0x00, 0x00, 0x00, 0x00, 0x00, 0x00, 0x00, 0x00, 0x00, 0x00, 0x00, 0x00,
        0x00, 0x00, 0x00, 0x00, 0x00, 0x00, 0x00, 0x00, 0x00, 0x00, 0x00, 0x00,
        0x00, 0x00, 0x00, 0x00, 0x00, 0x00, 0x00, 0x00, 0x00, 0x00, 0x00, 0x00,
        0x00, 0x00, 0x00, 0x00, 0x00, 0x00, 0x00, 0x00, 0x00, 0x00, 0x00, 0x00,
        0x00, 0x00, 0x00, 0x00, 0x00, 0x00, 0x00, 0x00, 0x00, 0x00, 0x00, 0x00,
        0x00, 0x00, 0x00, 0x00, 0x00, 0x00, 0x00, 0x00, 0x00, 0x00, 0x00, 0x00,
        0x00, 0x00, 0x00, 0x00, 0x00, 0x00, 0x00, 0x00, 0x00, 0x00, 0x00, 0x00,
        0x00, 0x00, 0x00, 0x00, 0x00, 0x00, 0x00, 0x00, 0x00, 0x00, 0x00, 0x00,
        0x00, 0x00, 0x00, 0x00, 0x00, 0x00, 0x00, 0x00, 0x00, 0x00, 0x00, 0x00,
        0x00, 0x00, 0x00, 0x00, 0x00, 0x00, 0x00, 0x00, 0x00, 0x00, 0x00, 0x00,
        0x00, 0x00, 0x00, 0x00, 0x00, 0x00, 0x00, 0x00, 0x00, 0x00, 0x00, 0x00,
        0x00, 0x00, 0xff, 0xff, 0x00, 0x00, 0x1b, 0xf7, 0xd8, 0xf6, 0xd1, 0xe5,
        0x14, 0xee, 0xb7, 0xf6, 0xb7, 0xf6, 0xb8, 0xf6, 0xd8, 0xf6, 0xf9, 0xf6,
        0xf9, 0xf6, 0xb7, 0xf6, 0xb7, 0xf6, 0x76, 0xee, 0xb7, 0xf6, 0xf8, 0xfe,
        0x7c, 0xff, 0x5c, 0xf7, 0xff, 0xff, 0xff, 0xff, 0x00, 0x00, 0x00, 0x00,
        0x00, 0x00, 0x00, 0x00, 0x00, 0x00, 0x00, 0x00, 0x00, 0x00, 0x00, 0x00,
        0x00, 0x00, 0x00, 0x00, 0x00, 0x00, 0x00, 0x00, 0x00, 0x00, 0x00, 0x00,
        0x00, 0x00, 0x00, 0x00, 0x00, 0x00, 0x00, 0x00, 0x00, 0x00, 0x00, 0x00,
        0x00, 0x00, 0x00, 0x00, 0x00, 0x00, 0x00, 0x00, 0x00, 0x00, 0x00, 0x00,
        0x00, 0x00, 0x00, 0x00, 0x00, 0x00, 0x00, 0x00, 0x00, 0x00, 0x00, 0x00,
        0x00, 0x00, 0x00, 0x00, 0x00, 0x00, 0x00, 0x00, 0x00, 0x00, 0x00, 0x00,
        0x00, 0x00, 0x00, 0x00, 0x00, 0x00, 0x00, 0x00, 0x00, 0x00, 0x00, 0x00,
        0x00, 0x00, 0x00, 0x00, 0x00, 0x00, 0x00, 0x00, 0x00, 0x00, 0x00, 0x00,
        0x00, 0x00, 0x00, 0x00, 0x00, 0x00, 0x00, 0x00, 0x00, 0x00, 0x00, 0x00,
        0x00, 0x00, 0x00, 0x00, 0x00, 0x00, 0x00, 0x00, 0x00, 0x00, 0x00, 0x00,
        0x00, 0x00, 0x00, 0x00, 0x00, 0x00, 0x00, 0x00, 0x00, 0x00, 0x00, 0x00,
        0x00, 0x00, 0x00, 0x00, 0x00, 0x00, 0x00, 0x00, 0x00, 0x00, 0x00, 0x00,
        0x00, 0x00, 0x00, 0x00, 0x00, 0x00, 0x00, 0x00, 0x00, 0x00, 0x00, 0x00,
        0x00, 0x00, 0x00, 0x00, 0x00, 0x00, 0x00, 0x00, 0x00, 0x00, 0x00, 0x00,
        0x00, 0x00, 0x00, 0x00, 0x00, 0x00, 0x00, 0x00, 0x00, 0x00, 0x00, 0x00,
        0x00, 0x00, 0x00, 0x00, 0x00, 0x00, 0x00, 0x00, 0x00, 0x00, 0x00, 0x00,
        0x00, 0x00, 0x00, 0x00, 0x00, 0x00, 0x00, 0x00, 0x00, 0x00, 0x00, 0x00,
        0x00, 0x00, 0x00, 0x00, 0x00, 0x00, 0x00, 0x00, 0x00, 0x00, 0x00, 0x00,
        0x00, 0x00, 0x00, 0x00, 0x00, 0x00, 0x00, 0x00, 0x00, 0x00, 0x00, 0x00,
        0x00, 0x00, 0x00, 0x00, 0x00, 0x00, 0x00, 0x00, 0x00, 0x00, 0x00, 0x00,
        0x00, 0x00, 0x00, 0x00, 0x00, 0x00, 0x00, 0x00, 0x00, 0x00, 0x00, 0x00,
        0x00, 0x00, 0x00, 0x00, 0x00, 0x00, 0x00, 0x00, 0x00, 0x00, 0x00, 0x00,
        0x00, 0x00, 0x00, 0x00, 0x00, 0x00, 0x00, 0x00, 0x00, 0x00, 0x00, 0x00,
        0x00, 0x00, 0x00, 0x00, 0x00, 0x00, 0x00, 0x00, 0x00, 0x00, 0x00, 0x00,
        0x00, 0x00, 0x00, 0x00, 0x00, 0x00, 0x00, 0x00, 0x00, 0x00, 0x00, 0x00,
        0x00, 0x00, 0x00, 0x00, 0x00, 0x00, 0x00, 0x00, 0x00, 0x00, 0x00, 0x00,
        0x00, 0x00, 0x00, 0x00, 0x00, 0x00, 0x00, 0x00, 0x00, 0x00, 0x00, 0x00,
        0x00, 0x00, 0x00, 0x00, 0x00, 0x00, 0x00, 0x00, 0x00, 0x00, 0x00, 0x00,
        0x00, 0x00, 0x00, 0x00, 0x00, 0x00, 0x00, 0x00, 0x00, 0x00, 0x00, 0x00,
        0x00, 0x00, 0x00, 0x00, 0x00, 0x00, 0x00, 0x00, 0x00, 0x00, 0x00, 0x00,
        0x00, 0x00, 0x00, 0x00, 0x00, 0x00, 0x00, 0x00, 0x00, 0x00, 0x00, 0x00,
        0x00, 0x00, 0x00, 0x00, 0x00, 0x00, 0x00, 0x00, 0x00, 0x00, 0x00, 0x00,
        0x00, 0x00, 0x00, 0x00, 0x00, 0x00, 0x00, 0x00, 0x00, 0x00, 0x00, 0x00,
        0x00, 0x00, 0x00, 0x00, 0x00, 0x00, 0x00, 0x00, 0x00, 0x00, 0x00, 0x00,
        0x00, 0x00, 0x00, 0x00, 0x00, 0x00, 0x00, 0x00, 0x00, 0x00, 0x00, 0x00,
        0x00, 0x00, 0x00, 0x00, 0x00, 0x00, 0x00, 0x00, 0x00, 0x00, 0x00, 0x00,
        0xff, 0xff, 0x00, 0x00, 0xff, 0xff, 0xd9, 0xee, 0x54, 0xee, 0x55, 0xee,
        0x35, 0xe6, 0x76, 0xee, 0xd8, 0xf6, 0x1a, 0xf7, 0x1a, 0xf7, 0xf9, 0xf6,
        0xd8, 0xf6, 0xd8, 0xf6, 0xb7, 0xf6, 0x96, 0xf6, 0xd8, 0xf6, 0x96, 0xf6,
        0x7c, 0xff, 0xfa, 0xee, 0x00, 0x00, 0xff, 0xff, 0x00, 0x00, 0x00, 0x00,
        0x00, 0x00, 0x00, 0x00, 0x00, 0x00, 0x00, 0x00, 0x00, 0x00, 0x00, 0x00,
        0x00, 0x00, 0x00, 0x00, 0x00, 0x00, 0x00, 0x00, 0x00, 0x00, 0x00, 0x00,
        0x00, 0x00, 0x00, 0x00, 0x00, 0x00, 0x00, 0x00, 0x00, 0x00, 0x00, 0x00,
        0x00, 0x00, 0x00, 0x00, 0x00, 0x00, 0x00, 0x00, 0x00, 0x00, 0x00, 0x00,
        0x00, 0x00, 0x00, 0x00, 0x00, 0x00, 0x00, 0x00, 0x00, 0x00, 0x00, 0x00,
        0x00, 0x00, 0x00, 0x00, 0x00, 0x00, 0x00, 0x00, 0x00, 0x00, 0x00, 0x00,
        0x00, 0x00, 0x00, 0x00, 0x00, 0x00, 0x00, 0x00, 0x00, 0x00, 0x00, 0x00,
        0x00, 0x00, 0x00, 0x00, 0x00, 0x00, 0x00, 0x00, 0x00, 0x00, 0x00, 0x00,
        0x00, 0x00, 0x00, 0x00, 0x00, 0x00, 0x00, 0x00, 0x00, 0x00, 0x00, 0x00,
        0x00, 0x00, 0x00, 0x00, 0x00, 0x00, 0x00, 0x00, 0x00, 0x00, 0x00, 0x00,
        0x00, 0x00, 0x00, 0x00, 0x00, 0x00, 0x00, 0x00, 0x00, 0x00, 0x00, 0x00,
        0x00, 0x00, 0x00, 0x00, 0x00, 0x00, 0x00, 0x00, 0x00, 0x00, 0x00, 0x00,
        0x00, 0x00, 0x00, 0x00, 0x00, 0x00, 0x00, 0x00, 0x00, 0x00, 0x00, 0x00,
        0x00, 0x00, 0x00, 0x00, 0x00, 0x00, 0x00, 0x00, 0x00, 0x00, 0x00, 0x00,
        0x00, 0x00, 0x00, 0x00, 0x00, 0x00, 0x00, 0x00, 0x00, 0x00, 0x00, 0x00,
        0x00, 0x00, 0x00, 0x00, 0x00, 0x00, 0x00, 0x00, 0x00, 0x00, 0x00, 0x00,
        0x00, 0x00, 0x00, 0x00, 0x00, 0x00, 0x00, 0x00, 0x00, 0x00, 0x00, 0x00,
        0x00, 0x00, 0x00, 0x00, 0x00, 0x00, 0x00, 0x00, 0x00, 0x00, 0x00, 0x00,
        0x00, 0x00, 0x00, 0x00, 0x00, 0x00, 0x00, 0x00, 0x00, 0x00, 0x00, 0x00,
        0x00, 0x00, 0x00, 0x00, 0x00, 0x00, 0x00, 0x00, 0x00, 0x00, 0x00, 0x00,
        0x00, 0x00, 0x00, 0x00, 0x00, 0x00, 0x00, 0x00, 0x00, 0x00, 0x00, 0x00,
        0x00, 0x00, 0x00, 0x00, 0x00, 0x00, 0x00, 0x00, 0x00, 0x00, 0x00, 0x00,
        0x00, 0x00, 0x00, 0x00, 0x00, 0x00, 0x00, 0x00, 0x00, 0x00, 0x00, 0x00,
        0x00, 0x00, 0x00, 0x00, 0x00, 0x00, 0x00, 0x00, 0x00, 0x00, 0x00, 0x00,
        0x00, 0x00, 0x00, 0x00, 0x00, 0x00, 0x00, 0x00, 0x00, 0x00, 0x00, 0x00,
        0x00, 0x00, 0x00, 0x00, 0x00, 0x00, 0x00, 0x00, 0x00, 0x00, 0x00, 0x00,
        0x00, 0x00, 0x00, 0x00, 0x00, 0x00, 0x00, 0x00, 0x00, 0x00, 0x00, 0x00,
        0x00, 0x00, 0x00, 0x00, 0x00, 0x00, 0x00, 0x00, 0x00, 0x00, 0x00, 0x00,
        0x00, 0x00, 0x00, 0x00, 0x00, 0x00, 0x00, 0x00, 0x00, 0x00, 0x00, 0x00,
        0x00, 0x00, 0x00, 0x00, 0x00, 0x00, 0x00, 0x00, 0x00, 0x00, 0x00, 0x00,
        0x00, 0x00, 0x00, 0x00, 0x00, 0x00, 0x00, 0x00, 0x00, 0x00, 0x00, 0x00,
        0x00, 0x00, 0x00, 0x00, 0x00, 0x00, 0x00, 0x00, 0x00, 0x00, 0x00, 0x00,
        0x00, 0x00, 0x00, 0x00, 0x00, 0x00, 0x00, 0x00, 0x00, 0x00, 0x00, 0x00,
        0x00, 0x00, 0x00, 0x00, 0x00, 0x00, 0x00, 0x00, 0x00, 0x00, 0x00, 0x00,
        0x00, 0x00, 0x00, 0x00, 0x00, 0x00, 0x00, 0x00, 0x00, 0x00, 0x00, 0x00,
        0x00, 0x00, 0x00, 0x00, 0x00, 0x00, 0x00, 0x00, 0x00, 0x00, 0x00, 0x00,
        0xff, 0xff, 0x00, 0x00, 0x5c, 0xf7, 0x76, 0xee, 0xf3, 0xed, 0xf3, 0xed,
        0x54, 0xee, 0x76, 0xee, 0xb8, 0xf6, 0x1a, 0xf7, 0x1a, 0xf7, 0x1a, 0xf7,
        0xf9, 0xf6, 0xd8, 0xf6, 0xd8, 0xf6, 0x76, 0xee, 0x96, 0xf6, 0x96, 0xf6,
        0xb7, 0xf6, 0x7c, 0xff, 0x5c, 0xf7, 0x00, 0x00, 0xff, 0xff, 0x00, 0x00,
        0x00, 0x00, 0x00, 0x00, 0x00, 0x00, 0x00, 0x00, 0x00, 0x00, 0x00, 0x00,
        0x00, 0x00, 0x00, 0x00, 0x00, 0x00, 0x00, 0x00, 0x00, 0x00, 0x00, 0x00,
        0x00, 0x00, 0x00, 0x00, 0x00, 0x00, 0x00, 0x00, 0x00, 0x00, 0x00, 0x00,
        0x00, 0x00, 0x00, 0x00, 0x00, 0x00, 0x00, 0x00, 0x00, 0x00, 0x00, 0x00,
        0x00, 0x00, 0x00, 0x00, 0x00, 0x00, 0x00, 0x00, 0x00, 0x00, 0x00, 0x00,
        0x00, 0x00, 0x00, 0x00, 0x00, 0x00, 0x00, 0x00, 0x00, 0x00, 0x00, 0x00,
        0x00, 0x00, 0x00, 0x00, 0x00, 0x00, 0x00, 0x00, 0x00, 0x00, 0x00, 0x00,
        0x00, 0x00, 0x00, 0x00, 0x00, 0x00, 0x00, 0x00, 0x00, 0x00, 0x00, 0x00,
        0x00, 0x00, 0x00, 0x00, 0x00, 0x00, 0x00, 0x00, 0x00, 0x00, 0x00, 0x00,
        0x00, 0x00, 0x00, 0x00, 0x00, 0x00, 0x00, 0x00, 0x00, 0x00, 0x00, 0x00,
        0x00, 0x00, 0x00, 0x00, 0x00, 0x00, 0x00, 0x00, 0x00, 0x00, 0x00, 0x00,
        0x00, 0x00, 0x00, 0x00, 0x00, 0x00, 0x00, 0x00, 0x00, 0x00, 0x00, 0x00,
        0x00, 0x00, 0x00, 0x00, 0x00, 0x00, 0x00, 0x00, 0x00, 0x00, 0x00, 0x00,
        0x00, 0x00, 0x00, 0x00, 0x00, 0x00, 0x00, 0x00, 0x00, 0x00, 0x00, 0x00,
        0x00, 0x00, 0x00, 0x00, 0x00, 0x00, 0x00, 0x00, 0x00, 0x00, 0x00, 0x00,
        0x00, 0x00, 0x00, 0x00, 0x00, 0x00, 0x00, 0x00, 0x00, 0x00, 0x00, 0x00,
        0x00, 0x00, 0x00, 0x00, 0x00, 0x00, 0x00, 0x00, 0x00, 0x00, 0x00, 0x00,
        0x00, 0x00, 0x00, 0x00, 0x00, 0x00, 0x00, 0x00, 0x00, 0x00, 0x00, 0x00,
        0x00, 0x00, 0x00, 0x00, 0x00, 0x00, 0x00, 0x00, 0x00, 0x00, 0x00, 0x00,
        0x00, 0x00, 0x00, 0x00, 0x00, 0x00, 0x00, 0x00, 0x00, 0x00, 0x00, 0x00,
        0x00, 0x00, 0x00, 0x00, 0x00, 0x00, 0x00, 0x00, 0x00, 0x00, 0x00, 0x00,
        0x00, 0x00, 0x00, 0x00, 0x00, 0x00, 0x00, 0x00, 0x00, 0x00, 0x00, 0x00,
        0x00, 0x00, 0x00, 0x00, 0x00, 0x00, 0x00, 0x00, 0x00, 0x00, 0x00, 0x00,
        0x00, 0x00, 0x00, 0x00, 0x00, 0x00, 0x00, 0x00, 0x00, 0x00, 0x00, 0x00,
        0x00, 0x00, 0x00, 0x00, 0x00, 0x00, 0x00, 0x00, 0x00, 0x00, 0x00, 0x00,
        0x00, 0x00, 0x00, 0x00, 0x00, 0x00, 0x00, 0x00, 0x00, 0x00, 0x00, 0x00,
        0x00, 0x00, 0x00, 0x00, 0x00, 0x00, 0x00, 0x00, 0x00, 0x00, 0x00, 0x00,
        0x00, 0x00, 0x00, 0x00, 0x00, 0x00, 0x00, 0x00, 0x00, 0x00, 0x00, 0x00,
        0x00, 0x00, 0x00, 0x00, 0x00, 0x00, 0x00, 0x00, 0x00, 0x00, 0x00, 0x00,
        0x00, 0x00, 0x00, 0x00, 0x00, 0x00, 0x00, 0x00, 0x00, 0x00, 0x00, 0x00,
        0x00, 0x00, 0x00, 0x00, 0x00, 0x00, 0x00, 0x00, 0x00, 0x00, 0x00, 0x00,
        0x00, 0x00, 0x00, 0x00, 0x00, 0x00, 0x00, 0x00, 0x00, 0x00, 0x00, 0x00,
        0x00, 0x00, 0x00, 0x00, 0x00, 0x00, 0x00, 0x00, 0x00, 0x00, 0x00, 0x00,
        0x00, 0x00, 0x00, 0x00, 0x00, 0x00, 0x00, 0x00, 0x00, 0x00, 0x00, 0x00,
        0x00, 0x00, 0x00, 0x00, 0x00, 0x00, 0x00, 0x00, 0x00, 0x00, 0x00, 0x00,
        0x00, 0x00, 0x00, 0x00, 0x00, 0x00, 0x00, 0x00, 0x00, 0x00, 0x00, 0x00,
        0xff, 0xff, 0x00, 0x00, 0x1b, 0xf7, 0x96, 0xf6, 0xd1, 0xe5, 0x14, 0xee,
        0x14, 0xee, 0x76, 0xee, 0xb8, 0xf6, 0xf9, 0xf6, 0x1a, 0xf7, 0x3a, 0xf7,
        0x1a, 0xf7, 0xf9, 0xf6, 0xb7, 0xf6, 0xd8, 0xf6, 0x96, 0xf6, 0xd8, 0xf6,
        0x75, 0xf6, 0x39, 0xff, 0x5b, 0xf7, 0xff, 0xff, 0xff, 0xff, 0xff, 0xff,
        0x00, 0x00, 0x00, 0x00, 0x00, 0x00, 0x00, 0x00, 0x00, 0x00, 0x00, 0x00,
        0x00, 0x00, 0x00, 0x00, 0x00, 0x00, 0x00, 0x00, 0x00, 0x00, 0x00, 0x00,
        0x00, 0x00, 0x00, 0x00, 0x00, 0x00, 0x00, 0x00, 0x00, 0x00, 0x00, 0x00,
        0x00, 0x00, 0x00, 0x00, 0x00, 0x00, 0x00, 0x00, 0x00, 0x00, 0x00, 0x00,
        0x00, 0x00, 0x00, 0x00, 0x00, 0x00, 0x00, 0x00, 0x00, 0x00, 0x00, 0x00,
        0x00, 0x00, 0x00, 0x00, 0x00, 0x00, 0x00, 0x00, 0x00, 0x00, 0x00, 0x00,
        0x00, 0x00, 0x00, 0x00, 0x00, 0x00, 0x00, 0x00, 0x00, 0x00, 0x00, 0x00,
        0x00, 0x00, 0x00, 0x00, 0x00, 0x00, 0x00, 0x00, 0x00, 0x00, 0x00, 0x00,
        0x00, 0x00, 0x00, 0x00, 0x00, 0x00, 0x00, 0x00, 0x00, 0x00, 0x00, 0x00,
        0x00, 0x00, 0x00, 0x00, 0x00, 0x00, 0x00, 0x00, 0x00, 0x00, 0x00, 0x00,
        0x00, 0x00, 0x00, 0x00, 0x00, 0x00, 0x00, 0x00, 0x00, 0x00, 0x00, 0x00,
        0x00, 0x00, 0x00, 0x00, 0x00, 0x00, 0x00, 0x00, 0x00, 0x00, 0x00, 0x00,
        0x00, 0x00, 0x00, 0x00, 0x00, 0x00, 0x00, 0x00, 0x00, 0x00, 0x00, 0x00,
        0x00, 0x00, 0x00, 0x00, 0x00, 0x00, 0x00, 0x00, 0x00, 0x00, 0x00, 0x00,
        0x00, 0x00, 0x00, 0x00, 0x00, 0x00, 0x00, 0x00, 0x00, 0x00, 0x00, 0x00,
        0x00, 0x00, 0x00, 0x00, 0x00, 0x00, 0x00, 0x00, 0x00, 0x00, 0x00, 0x00,
        0x00, 0x00, 0x00, 0x00, 0x00, 0x00, 0x00, 0x00, 0x00, 0x00, 0x00, 0x00,
        0x00, 0x00, 0x00, 0x00, 0x00, 0x00, 0x00, 0x00, 0x00, 0x00, 0x00, 0x00,
        0x00, 0x00, 0x00, 0x00, 0x00, 0x00, 0x00, 0x00, 0x00, 0x00, 0x00, 0x00,
        0x00, 0x00, 0x00, 0x00, 0x00, 0x00, 0x00, 0x00, 0x00, 0x00, 0x00, 0x00,
        0x00, 0x00, 0x00, 0x00, 0x00, 0x00, 0x00, 0x00, 0x00, 0x00, 0x00, 0x00,
        0x00, 0x00, 0x00, 0x00, 0x00, 0x00, 0x00, 0x00, 0x00, 0x00, 0x00, 0x00,
        0x00, 0x00, 0x00, 0x00, 0x00, 0x00, 0x00, 0x00, 0x00, 0x00, 0x00, 0x00,
        0x00, 0x00, 0x00, 0x00, 0x00, 0x00, 0x00, 0x00, 0x00, 0x00, 0x00, 0x00,
        0x00, 0x00, 0x00, 0x00, 0x00, 0x00, 0x00, 0x00, 0x00, 0x00, 0x00, 0x00,
        0x00, 0x00, 0x00, 0x00, 0x00, 0x00, 0x00, 0x00, 0x00, 0x00, 0x00, 0x00,
        0x00, 0x00, 0x00, 0x00, 0x00, 0x00, 0x00, 0x00, 0x00, 0x00, 0x00, 0x00,
        0x00, 0x00, 0x00, 0x00, 0x00, 0x00, 0x00, 0x00, 0x00, 0x00, 0x00, 0x00,
        0x00, 0x00, 0x00, 0x00, 0x00, 0x00, 0x00, 0x00, 0x00, 0x00, 0x00, 0x00,
        0x00, 0x00, 0x00, 0x00, 0x00, 0x00, 0x00, 0x00, 0x00, 0x00, 0x00, 0x00,
        0x00, 0x00, 0x00, 0x00, 0x00, 0x00, 0x00, 0x00, 0x00, 0x00, 0x00, 0x00,
        0x00, 0x00, 0x00, 0x00, 0x00, 0x00, 0x00, 0x00, 0x00, 0x00, 0x00, 0x00,
        0x00, 0x00, 0x00, 0x00, 0x00, 0x00, 0x00, 0x00, 0x00, 0x00, 0x00, 0x00,
        0x00, 0x00, 0x00, 0x00, 0x00, 0x00, 0x00, 0x00, 0x00, 0x00, 0x00, 0x00,
        0x00, 0x00, 0x00, 0x00, 0x00, 0x00, 0x00, 0x00, 0x00, 0x00, 0x00, 0x00,
        0x00, 0x00, 0x00, 0x00, 0x00, 0x00, 0x00, 0x00, 0x00, 0x00, 0x00, 0x00,
        0xff, 0xff, 0x00, 0x00, 0x1b, 0xf7, 0x95, 0xf6, 0x90, 0xe5, 0xf3, 0xed,
        0x76, 0xee, 0x76, 0xee, 0xb7, 0xf6, 0xf9, 0xf6, 0x1a, 0xf7, 0x3a, 0xf7,
        0x1a, 0xf7, 0x3a, 0xf7, 0xf9, 0xf6, 0xd8, 0xf6, 0xb7, 0xf6, 0x76, 0xee,
        0x95, 0xf6, 0x96, 0xf6, 0x9d, 0xff, 0x1b, 0xf7, 0x00, 0x00, 0xff, 0xff,
        0x00, 0x00, 0x00, 0x00, 0x00, 0x00, 0x00, 0x00, 0x00, 0x00, 0x00, 0x00,
        0x00, 0x00, 0x00, 0x00, 0x00, 0x00, 0x00, 0x00, 0x00, 0x00, 0x00, 0x00,
        0x00, 0x00, 0x00, 0x00, 0x00, 0x00, 0x00, 0x00, 0x00, 0x00, 0x00, 0x00,
        0x00, 0x00, 0x00, 0x00, 0x00, 0x00, 0x00, 0x00, 0x00, 0x00, 0x00, 0x00,
        0x00, 0x00, 0x00, 0x00, 0x00, 0x00, 0x00, 0x00, 0x00, 0x00, 0x00, 0x00,
        0x00, 0x00, 0x00, 0x00, 0x00, 0x00, 0x00, 0x00, 0x00, 0x00, 0x00, 0x00,
        0x00, 0x00, 0x00, 0x00, 0x00, 0x00, 0x00, 0x00, 0x00, 0x00, 0x00, 0x00,
        0x00, 0x00, 0x00, 0x00, 0x00, 0x00, 0x00, 0x00, 0x00, 0x00, 0x00, 0x00,
        0x00, 0x00, 0x00, 0x00, 0x00, 0x00, 0x00, 0x00, 0x00, 0x00, 0x00, 0x00,
        0x00, 0x00, 0x00, 0x00, 0x00, 0x00, 0x00, 0x00, 0x00, 0x00, 0x00, 0x00,
        0x00, 0x00, 0x00, 0x00, 0x00, 0x00, 0x00, 0x00, 0x00, 0x00, 0x00, 0x00,
        0x00, 0x00, 0x00, 0x00, 0x00, 0x00, 0x00, 0x00, 0x00, 0x00, 0x00, 0x00,
        0x00, 0x00, 0x00, 0x00, 0x00, 0x00, 0x00, 0x00, 0x00, 0x00, 0x00, 0x00,
        0x00, 0x00, 0x00, 0x00, 0x00, 0x00, 0x00, 0x00, 0x00, 0x00, 0x00, 0x00,
        0x00, 0x00, 0x00, 0x00, 0x00, 0x00, 0x00, 0x00, 0x00, 0x00, 0x00, 0x00,
        0x00, 0x00, 0x00, 0x00, 0x00, 0x00, 0x00, 0x00, 0x00, 0x00, 0x00, 0x00,
        0x00, 0x00, 0x00, 0x00, 0x00, 0x00, 0x00, 0x00, 0x00, 0x00, 0x00, 0x00,
        0x00, 0x00, 0x00, 0x00, 0x00, 0x00, 0x00, 0x00, 0x00, 0x00, 0x00, 0x00,
        0x00, 0x00, 0x00, 0x00, 0x00, 0x00, 0x00, 0x00, 0x00, 0x00, 0x00, 0x00,
        0x00, 0x00, 0x00, 0x00, 0x00, 0x00, 0x00, 0x00, 0x00, 0x00, 0x00, 0x00,
        0x00, 0x00, 0x00, 0x00, 0x00, 0x00, 0x00, 0x00, 0x00, 0x00, 0x00, 0x00,
        0x00, 0x00, 0x00, 0x00, 0x00, 0x00, 0x00, 0x00, 0x00, 0x00, 0x00, 0x00,
        0x00, 0x00, 0x00, 0x00, 0x00, 0x00, 0x00, 0x00, 0x00, 0x00, 0x00, 0x00,
        0x00, 0x00, 0x00, 0x00, 0x00, 0x00, 0x00, 0x00, 0x00, 0x00, 0x00, 0x00,
        0x00, 0x00, 0x00, 0x00, 0x00, 0x00, 0x00, 0x00, 0x00, 0x00, 0x00, 0x00,
        0x00, 0x00, 0x00, 0x00, 0x00, 0x00, 0x00, 0x00, 0x00, 0x00, 0x00, 0x00,
        0x00, 0x00, 0x00, 0x00, 0x00, 0x00, 0x00, 0x00, 0x00, 0x00, 0x00, 0x00,
        0x00, 0x00, 0x00, 0x00, 0x00, 0x00, 0x00, 0x00, 0x00, 0x00, 0x00, 0x00,
        0x00, 0x00, 0x00, 0x00, 0x00, 0x00, 0x00, 0x00, 0x00, 0x00, 0x00, 0x00,
        0x00, 0x00, 0x00, 0x00, 0x00, 0x00, 0x00, 0x00, 0x00, 0x00, 0x00, 0x00,
        0x00, 0x00, 0x00, 0x00, 0x00, 0x00, 0x00, 0x00, 0x00, 0x00, 0x00, 0x00,
        0x00, 0x00, 0x00, 0x00, 0x00, 0x00, 0x00, 0x00, 0x00, 0x00, 0x00, 0x00,
        0x00, 0x00, 0x00, 0x00, 0x00, 0x00, 0x00, 0x00, 0x00, 0x00, 0x00, 0x00,
        0x00, 0x00, 0x00, 0x00, 0x00, 0x00, 0x00, 0x00, 0x00, 0x00, 0x00, 0x00,
        0x00, 0x00, 0x00, 0x00, 0x00, 0x00, 0x00, 0x00, 0x00, 0x00, 0x00, 0x00,
        0x00, 0x00, 0x00, 0x00, 0x00, 0x00, 0x00, 0x00, 0x00, 0x00, 0x00, 0x00,
        0xff, 0xff, 0xff, 0xff, 0x77, 0xe6, 0x76, 0xee, 0xf3, 0xed, 0xf5, 0xed,
        0x76, 0xee, 0x96, 0xf6, 0xb8, 0xf6, 0xf9, 0xf6, 0x1a, 0xf7, 0x3a, 0xf7,
        0x1a, 0xf7, 0x1a, 0xf7, 0x1a, 0xf7, 0xf9, 0xf6, 0xb7, 0xf6, 0x95, 0xf6,
        0x76, 0xee, 0x33, 0xf6, 0xf8, 0xfe, 0x7c, 0xff, 0x5c, 0xf7, 0x00, 0x00,
        0xff, 0xff, 0x00, 0x00, 0x00, 0x00, 0x00, 0x00, 0x00, 0x00, 0x00, 0x00,
        0x00, 0x00, 0x00, 0x00, 0x00, 0x00, 0x00, 0x00, 0x00, 0x00, 0x00, 0x00,
        0x00, 0x00, 0x00, 0x00, 0x00, 0x00, 0x00, 0x00, 0x00, 0x00, 0x00, 0x00,
        0x00, 0x00, 0x00, 0x00, 0x00, 0x00, 0x00, 0x00, 0x00, 0x00, 0x00, 0x00,
        0x00, 0x00, 0x00, 0x00, 0x00, 0x00, 0x00, 0x00, 0x00, 0x00, 0x00, 0x00,
        0x00, 0x00, 0x00, 0x00, 0x00, 0x00, 0x00, 0x00, 0x00, 0x00, 0x00, 0x00,
        0x00, 0x00, 0x00, 0x00, 0x00, 0x00, 0x00, 0x00, 0x00, 0x00, 0x00, 0x00,
        0x00, 0x00, 0x00, 0x00, 0x00, 0x00, 0x00, 0x00, 0x00, 0x00, 0x00, 0x00,
        0x00, 0x00, 0x00, 0x00, 0x00, 0x00, 0x00, 0x00, 0x00, 0x00, 0x00, 0x00,
        0x00, 0x00, 0x00, 0x00, 0x00, 0x00, 0x00, 0x00, 0x00, 0x00, 0x00, 0x00,
        0x00, 0x00, 0x00, 0x00, 0x00, 0x00, 0x00, 0x00, 0x00, 0x00, 0x00, 0x00,
        0x00, 0x00, 0x00, 0x00, 0x00, 0x00, 0x00, 0x00, 0x00, 0x00, 0x00, 0x00,
        0x00, 0x00, 0x00, 0x00, 0x00, 0x00, 0x00, 0x00, 0x00, 0x00, 0x00, 0x00,
        0x00, 0x00, 0x00, 0x00, 0x00, 0x00, 0x00, 0x00, 0x00, 0x00, 0x00, 0x00,
        0x00, 0x00, 0x00, 0x00, 0x00, 0x00, 0x00, 0x00, 0x00, 0x00, 0x00, 0x00,
        0x00, 0x00, 0x00, 0x00, 0x00, 0x00, 0x00, 0x00, 0x00, 0x00, 0x00, 0x00,
        0x00, 0x00, 0x00, 0x00, 0x00, 0x00, 0x00, 0x00, 0x00, 0x00, 0x00, 0x00,
        0x00, 0x00, 0x00, 0x00, 0x00, 0x00, 0x00, 0x00, 0x00, 0x00, 0x00, 0x00,
        0x00, 0x00, 0x00, 0x00, 0x00, 0x00, 0x00, 0x00, 0x00, 0x00, 0x00, 0x00,
        0x00, 0x00, 0x00, 0x00, 0x00, 0x00, 0x00, 0x00, 0x00, 0x00, 0x00, 0x00,
        0x00, 0x00, 0x00, 0x00, 0x00, 0x00, 0x00, 0x00, 0x00, 0x00, 0x00, 0x00,
        0x00, 0x00, 0x00, 0x00, 0x00, 0x00, 0x00, 0x00, 0x00, 0x00, 0x00, 0x00,
        0x00, 0x00, 0x00, 0x00, 0x00, 0x00, 0x00, 0x00, 0x00, 0x00, 0x00, 0x00,
        0x00, 0x00, 0x00, 0x00, 0x00, 0x00, 0x00, 0x00, 0x00, 0x00, 0x00, 0x00,
        0x00, 0x00, 0x00, 0x00, 0x00, 0x00, 0x00, 0x00, 0x00, 0x00, 0x00, 0x00,
        0x00, 0x00, 0x00, 0x00, 0x00, 0x00, 0x00, 0x00, 0x00, 0x00, 0x00, 0x00,
        0x00, 0x00, 0x00, 0x00, 0x00, 0x00, 0x00, 0x00, 0x00, 0x00, 0x00, 0x00,
        0x00, 0x00, 0x00, 0x00, 0x00, 0x00, 0x00, 0x00, 0x00, 0x00, 0x00, 0x00,
        0x00, 0x00, 0x00, 0x00, 0x00, 0x00, 0x00, 0x00, 0x00, 0x00, 0x00, 0x00,
        0x00, 0x00, 0x00, 0x00, 0x00, 0x00, 0x00, 0x00, 0x00, 0x00, 0x00, 0x00,
        0x00, 0x00, 0x00, 0x00, 0x00, 0x00, 0x00, 0x00, 0x00, 0x00, 0x00, 0x00,
        0x00, 0x00, 0x00, 0x00, 0x00, 0x00, 0x00, 0x00, 0x00, 0x00, 0x00, 0x00,
        0x00, 0x00, 0x00, 0x00, 0x00, 0x00, 0x00, 0x00, 0x00, 0x00, 0x00, 0x00,
        0x00, 0x00, 0x00, 0x00, 0x00, 0x00, 0x00, 0x00, 0x00, 0x00, 0x00, 0x00,
        0x00, 0x00, 0x00, 0x00, 0x00, 0x00, 0x00, 0x00, 0x00, 0x00, 0x00, 0x00,
        0x00, 0x00, 0x00, 0x00, 0x00, 0x00, 0x00, 0x00, 0x00, 0x00, 0xff, 0xff,
        0x00, 0x00, 0x7d, 0xf7, 0xd9, 0xee, 0xf3, 0xed, 0xf5, 0xed, 0x97, 0xee,
        0xb8, 0xf6, 0xd8, 0xf6, 0xf9, 0xf6, 0x1a, 0xf7, 0x1a, 0xf7, 0x3a, 0xf7,
        0x3a, 0xf7, 0x1a, 0xf7, 0xf9, 0xf6, 0xf9, 0xf6, 0xb8, 0xf6, 0x96, 0xf6,
        0x95, 0xf6, 0x13, 0xee, 0x33, 0xf6, 0x7c, 0xff, 0x5b, 0xf7, 0xff, 0xff,
        0xff, 0xff, 0x00, 0x00, 0x00, 0x00, 0x00, 0x00, 0x00, 0x00, 0x00, 0x00,
        0x00, 0x00, 0x00, 0x00, 0x00, 0x00, 0x00, 0x00, 0x00, 0x00, 0x00, 0x00,
        0x00, 0x00, 0x00, 0x00, 0x00, 0x00, 0x00, 0x00, 0x00, 0x00, 0x00, 0x00,
        0x00, 0x00, 0x00, 0x00, 0x00, 0x00, 0x00, 0x00, 0x00, 0x00, 0x00, 0x00,
        0x00, 0x00, 0x00, 0x00, 0x00, 0x00, 0x00, 0x00, 0x00, 0x00, 0x00, 0x00,
        0x00, 0x00, 0x00, 0x00, 0x00, 0x00, 0x00, 0x00, 0x00, 0x00, 0x00, 0x00,
        0x00, 0x00, 0x00, 0x00, 0x00, 0x00, 0x00, 0x00, 0x00, 0x00, 0x00, 0x00,
        0x00, 0x00, 0x00, 0x00, 0x00, 0x00, 0x00, 0x00, 0x00, 0x00, 0x00, 0x00,
        0x00, 0x00, 0x00, 0x00, 0x00, 0x00, 0x00, 0x00, 0x00, 0x00, 0x00, 0x00,
        0x00, 0x00, 0x00, 0x00, 0x00, 0x00, 0x00, 0x00, 0x00, 0x00, 0x00, 0x00,
        0x00, 0x00, 0x00, 0x00, 0x00, 0x00, 0x00, 0x00, 0x00, 0x00, 0x00, 0x00,
        0x00, 0x00, 0x00, 0x00, 0x00, 0x00, 0x00, 0x00, 0x00, 0x00, 0x00, 0x00,
        0x00, 0x00, 0x00, 0x00, 0x00, 0x00, 0x00, 0x00, 0x00, 0x00, 0x00, 0x00,
        0x00, 0x00, 0x00, 0x00, 0x00, 0x00, 0x00, 0x00, 0x00, 0x00, 0x00, 0x00,
        0x00, 0x00, 0x00, 0x00, 0x00, 0x00, 0x00, 0x00, 0x00, 0x00, 0x00, 0x00,
        0x00, 0x00, 0x00, 0x00, 0x00, 0x00, 0x00, 0x00, 0x00, 0x00, 0x00, 0x00,
        0x00, 0x00, 0x00, 0x00, 0x00, 0x00, 0x00, 0x00, 0x00, 0x00, 0x00, 0x00,
        0x00, 0x00, 0x00, 0x00, 0x00, 0x00, 0x00, 0x00, 0x00, 0x00, 0x00, 0x00,
        0x00, 0x00, 0x00, 0x00, 0x00, 0x00, 0x00, 0x00, 0x00, 0x00, 0x00, 0x00,
        0x00, 0x00, 0x00, 0x00, 0x00, 0x00, 0x00, 0x00, 0x00, 0x00, 0x00, 0x00,
        0x00, 0x00, 0x00, 0x00, 0x00, 0x00, 0x00, 0x00, 0x00, 0x00, 0x00, 0x00,
        0x00, 0x00, 0x00, 0x00, 0x00, 0x00, 0x00, 0x00, 0x00, 0x00, 0x00, 0x00,
        0x00, 0x00, 0x00, 0x00, 0x00, 0x00, 0x00, 0x00, 0x00, 0x00, 0x00, 0x00,
        0x00, 0x00, 0x00, 0x00, 0x00, 0x00, 0x00, 0x00, 0x00, 0x00, 0x00, 0x00,
        0x00, 0x00, 0x00, 0x00, 0x00, 0x00, 0x00, 0x00, 0x00, 0x00, 0x00, 0x00,
        0x00, 0x00, 0x00, 0x00, 0x00, 0x00, 0x00, 0x00, 0x00, 0x00, 0x00, 0x00,
        0x00, 0x00, 0x00, 0x00, 0x00, 0x00, 0x00, 0x00, 0x00, 0x00, 0x00, 0x00,
        0x00, 0x00, 0x00, 0x00, 0x00, 0x00, 0x00, 0x00, 0x00, 0x00, 0x00, 0x00,
        0x00, 0x00, 0x00, 0x00, 0x00, 0x00, 0x00, 0x00, 0x00, 0x00, 0x00, 0x00,
        0x00, 0x00, 0x00, 0x00, 0x00, 0x00, 0x00, 0x00, 0x00, 0x00, 0x00, 0x00,
        0x00, 0x00, 0x00, 0x00, 0x00, 0x00, 0x00, 0x00, 0x00, 0x00, 0x00, 0x00,
        0x00, 0x00, 0x00, 0x00, 0x00, 0x00, 0x00, 0x00, 0x00, 0x00, 0x00, 0x00,
        0x00, 0x00, 0x00, 0x00, 0x00, 0x00, 0x00, 0x00, 0x00, 0x00, 0x00, 0x00,
        0x00, 0x00, 0x00, 0x00, 0x00, 0x00, 0x00, 0x00, 0x00, 0x00, 0x00, 0x00,
        0x00, 0x00, 0x00, 0x00, 0x00, 0x00, 0x00, 0x00, 0x00, 0x00, 0x00, 0x00,
        0x00, 0x00, 0x00, 0x00, 0x00, 0x00, 0x00, 0x00, 0x00, 0x00, 0xff, 0xff,
        0x00, 0x00, 0x5c, 0xf7, 0x76, 0xee, 0xf5, 0xed, 0xf3, 0xed, 0x14, 0xee,
        0xb7, 0xf6, 0x1a, 0xf7, 0x3a, 0xf7, 0x1a, 0xf7, 0x3a, 0xf7, 0x3a, 0xf7,
        0x5b, 0xff, 0x3a, 0xf7, 0x1a, 0xf7, 0xd8, 0xf6, 0xb8, 0xf6, 0x96, 0xf6,
        0x95, 0xf6, 0x75, 0xf6, 0x13, 0xee, 0xb7, 0xf6, 0x7c, 0xff, 0x1b, 0xf7,
        0x00, 0x00, 0xff, 0xff, 0x00, 0x00, 0x00, 0x00, 0x00, 0x00, 0x00, 0x00,
        0x00, 0x00, 0x00, 0x00, 0x00, 0x00, 0x00, 0x00, 0x00, 0x00, 0x00, 0x00,
        0x00, 0x00, 0x00, 0x00, 0x00, 0x00, 0x00, 0x00, 0x00, 0x00, 0x00, 0x00,
        0x00, 0x00, 0x00, 0x00, 0x00, 0x00, 0x00, 0x00, 0x00, 0x00, 0x00, 0x00,
        0x00, 0x00, 0x00, 0x00, 0x00, 0x00, 0x00, 0x00, 0x00, 0x00, 0x00, 0x00,
        0x00, 0x00, 0x00, 0x00, 0x00, 0x00, 0x00, 0x00, 0x00, 0x00, 0x00, 0x00,
        0x00, 0x00, 0x00, 0x00, 0x00, 0x00, 0x00, 0x00, 0x00, 0x00, 0x00, 0x00,
        0x00, 0x00, 0x00, 0x00, 0x00, 0x00, 0x00, 0x00, 0x00, 0x00, 0x00, 0x00,
        0x00, 0x00, 0x00, 0x00, 0x00, 0x00, 0x00, 0x00, 0x00, 0x00, 0x00, 0x00,
        0x00, 0x00, 0x00, 0x00, 0x00, 0x00, 0x00, 0x00, 0x00, 0x00, 0x00, 0x00,
        0x00, 0x00, 0x00, 0x00, 0x00, 0x00, 0x00, 0x00, 0x00, 0x00, 0x00, 0x00,
        0x00, 0x00, 0x00, 0x00, 0x00, 0x00, 0x00, 0x00, 0x00, 0x00, 0x00, 0x00,
        0x00, 0x00, 0x00, 0x00, 0x00, 0x00, 0x00, 0x00, 0x00, 0x00, 0x00, 0x00,
        0x00, 0x00, 0x00, 0x00, 0x00, 0x00, 0x00, 0x00, 0x00, 0x00, 0x00, 0x00,
        0x00, 0x00, 0x00, 0x00, 0x00, 0x00, 0x00, 0x00, 0x00, 0x00, 0x00, 0x00,
        0x00, 0x00, 0x00, 0x00, 0x00, 0x00, 0x00, 0x00, 0x00, 0x00, 0x00, 0x00,
        0x00, 0x00, 0x00, 0x00, 0x00, 0x00, 0x00, 0x00, 0x00, 0x00, 0x00, 0x00,
        0x00, 0x00, 0x00, 0x00, 0x00, 0x00, 0x00, 0x00, 0x00, 0x00, 0x00, 0x00,
        0x00, 0x00, 0x00, 0x00, 0x00, 0x00, 0x00, 0x00, 0x00, 0x00, 0x00, 0x00,
        0x00, 0x00, 0x00, 0x00, 0x00, 0x00, 0x00, 0x00, 0x00, 0x00, 0x00, 0x00,
        0x00, 0x00, 0x00, 0x00, 0x00, 0x00, 0x00, 0x00, 0x00, 0x00, 0x00, 0x00,
        0x00, 0x00, 0x00, 0x00, 0x00, 0x00, 0x00, 0x00, 0x00, 0x00, 0x00, 0x00,
        0x00, 0x00, 0x00, 0x00, 0x00, 0x00, 0x00, 0x00, 0x00, 0x00, 0x00, 0x00,
        0x00, 0x00, 0x00, 0x00, 0x00, 0x00, 0x00, 0x00, 0x00, 0x00, 0x00, 0x00,
        0x00, 0x00, 0x00, 0x00, 0x00, 0x00, 0x00, 0x00, 0x00, 0x00, 0x00, 0x00,
        0x00, 0x00, 0x00, 0x00, 0x00, 0x00, 0x00, 0x00, 0x00, 0x00, 0x00, 0x00,
        0x00, 0x00, 0x00, 0x00, 0x00, 0x00, 0x00, 0x00, 0x00, 0x00, 0x00, 0x00,
        0x00, 0x00, 0x00, 0x00, 0x00, 0x00, 0x00, 0x00, 0x00, 0x00, 0x00, 0x00,
        0x00, 0x00, 0x00, 0x00, 0x00, 0x00, 0x00, 0x00, 0x00, 0x00, 0x00, 0x00,
        0x00, 0x00, 0x00, 0x00, 0x00, 0x00, 0x00, 0x00, 0x00, 0x00, 0x00, 0x00,
        0x00, 0x00, 0x00, 0x00, 0x00, 0x00, 0x00, 0x00, 0x00, 0x00, 0x00, 0x00,
        0x00, 0x00, 0x00, 0x00, 0x00, 0x00, 0x00, 0x00, 0x00, 0x00, 0x00, 0x00,
        0x00, 0x00, 0x00, 0x00, 0x00, 0x00, 0x00, 0x00, 0x00, 0x00, 0x00, 0x00,
        0x00, 0x00, 0x00, 0x00, 0x00, 0x00, 0x00, 0x00, 0x00, 0x00, 0x00, 0x00,
        0x00, 0x00, 0x00, 0x00, 0x00, 0x00, 0x00, 0x00, 0x00, 0x00, 0x00, 0x00,
        0x00, 0x00, 0x00, 0x00, 0x00, 0x00, 0x00, 0x00, 0x00, 0x00, 0xff, 0xff,
        0x00, 0x00, 0x5c, 0xf7, 0x76, 0xee, 0x72, 0xdd, 0xf5, 0xed, 0x54, 0xee,
        0x54, 0xee, 0x96, 0xf6, 0xb8, 0xf6, 0x1a, 0xf7, 0x5c, 0xf7, 0x5c, 0xf7,
        0x5b, 0xff, 0x5b, 0xff, 0x1a, 0xf7, 0xf9, 0xf6, 0xf9, 0xf6, 0x96, 0xee,
        0x75, 0xf6, 0x54, 0xee, 0x13, 0xee, 0x13, 0xee, 0x7c, 0xff, 0x7c, 0xff,
        0x7d, 0xf7, 0x00, 0x00, 0xff, 0xff, 0x00, 0x00, 0x00, 0x00, 0x00, 0x00,
        0x00, 0x00, 0x00, 0x00, 0x00, 0x00, 0x00, 0x00, 0x00, 0x00, 0x00, 0x00,
        0x00, 0x00, 0x00, 0x00, 0x00, 0x00, 0x00, 0x00, 0x00, 0x00, 0x00, 0x00,
        0x00, 0x00, 0x00, 0x00, 0x00, 0x00, 0x00, 0x00, 0x00, 0x00, 0x00, 0x00,
        0x00, 0x00, 0x00, 0x00, 0x00, 0x00, 0x00, 0x00, 0x00, 0x00, 0x00, 0x00,
        0x00, 0x00, 0x00, 0x00, 0x00, 0x00, 0x00, 0x00, 0x00, 0x00, 0x00, 0x00,
        0x00, 0x00, 0x00, 0x00, 0x00, 0x00, 0x00, 0x00, 0x00, 0x00, 0x00, 0x00,
        0x00, 0x00, 0x00, 0x00, 0x00, 0x00, 0x00, 0x00, 0x00, 0x00, 0x00, 0x00,
        0x00, 0x00, 0x00, 0x00, 0x00, 0x00, 0x00, 0x00, 0x00, 0x00, 0x00, 0x00,
        0x00, 0x00, 0x00, 0x00, 0x00, 0x00, 0x00, 0x00, 0x00, 0x00, 0x00, 0x00,
        0x00, 0x00, 0x00, 0x00, 0x00, 0x00, 0x00, 0x00, 0x00, 0x00, 0x00, 0x00,
        0x00, 0x00, 0x00, 0x00, 0x00, 0x00, 0x00, 0x00, 0x00, 0x00, 0x00, 0x00,
        0x00, 0x00, 0x00, 0x00, 0x00, 0x00, 0x00, 0x00, 0x00, 0x00, 0x00, 0x00,
        0x00, 0x00, 0x00, 0x00, 0x00, 0x00, 0x00, 0x00, 0x00, 0x00, 0x00, 0x00,
        0x00, 0x00, 0x00, 0x00, 0x00, 0x00, 0x00, 0x00, 0x00, 0x00, 0x00, 0x00,
        0x00, 0x00, 0x00, 0x00, 0x00, 0x00, 0x00, 0x00, 0x00, 0x00, 0x00, 0x00,
        0x00, 0x00, 0x00, 0x00, 0x00, 0x00, 0x00, 0x00, 0x00, 0x00, 0x00, 0x00,
        0x00, 0x00, 0x00, 0x00, 0x00, 0x00, 0x00, 0x00, 0x00, 0x00, 0x00, 0x00,
        0x00, 0x00, 0x00, 0x00, 0x00, 0x00, 0x00, 0x00, 0x00, 0x00, 0x00, 0x00,
        0x00, 0x00, 0x00, 0x00, 0x00, 0x00, 0x00, 0x00, 0x00, 0x00, 0x00, 0x00,
        0x00, 0x00, 0x00, 0x00, 0x00, 0x00, 0x00, 0x00, 0x00, 0x00, 0x00, 0x00,
        0x00, 0x00, 0x00, 0x00, 0x00, 0x00, 0x00, 0x00, 0x00, 0x00, 0x00, 0x00,
        0x00, 0x00, 0x00, 0x00, 0x00, 0x00, 0x00, 0x00, 0x00, 0x00, 0x00, 0x00,
        0x00, 0x00, 0x00, 0x00, 0x00, 0x00, 0x00, 0x00, 0x00, 0x00, 0x00, 0x00,
        0x00, 0x00, 0x00, 0x00, 0x00, 0x00, 0x00, 0x00, 0x00, 0x00, 0x00, 0x00,
        0x00, 0x00, 0x00, 0x00, 0x00, 0x00, 0x00, 0x00, 0x00, 0x00, 0x00, 0x00,
        0x00, 0x00, 0x00, 0x00, 0x00, 0x00, 0x00, 0x00, 0x00, 0x00, 0x00, 0x00,
        0x00, 0x00, 0x00, 0x00, 0x00, 0x00, 0x00, 0x00, 0x00, 0x00, 0x00, 0x00,
        0x00, 0x00, 0x00, 0x00, 0x00, 0x00, 0x00, 0x00, 0x00, 0x00, 0x00, 0x00,
        0x00, 0x00, 0x00, 0x00, 0x00, 0x00, 0x00, 0x00, 0x00, 0x00, 0x00, 0x00,
        0x00, 0x00, 0x00, 0x00, 0x00, 0x00, 0x00, 0x00, 0x00, 0x00, 0x00, 0x00,
        0x00, 0x00, 0x00, 0x00, 0x00, 0x00, 0x00, 0x00, 0x00, 0x00, 0x00, 0x00,
        0x00, 0x00, 0x00, 0x00, 0x00, 0x00, 0x00, 0x00, 0x00, 0x00, 0x00, 0x00,
        0x00, 0x00, 0x00, 0x00, 0x00, 0x00, 0x00, 0x00, 0x00, 0x00, 0x00, 0x00,
        0x00, 0x00, 0x00, 0x00, 0x00, 0x00, 0x00, 0x00, 0x00, 0x00, 0x00, 0x00,
        0x00, 0x00, 0x00, 0x00, 0x00, 0x00, 0x00, 0x00, 0x00, 0x00, 0xff, 0xff,
        0x00, 0x00, 0x1b, 0xf7, 0x96, 0xf6, 0x72, 0xdd, 0xf5, 0xed, 0x54, 0xee,
        0xf5, 0xed, 0x76, 0xee, 0x76, 0xee, 0xb8, 0xf6, 0x3a, 0xf7, 0x5b, 0xff,
        0x5c, 0xf7, 0x3a, 0xf7, 0x3a, 0xf7, 0x1a, 0xf7, 0xf9, 0xf6, 0xb8, 0xf6,
        0x76, 0xee, 0x76, 0xee, 0xf3, 0xed, 0xf2, 0xed, 0x75, 0xf6, 0x9d, 0xff,
        0xfa, 0xee, 0xff, 0xff, 0x00, 0x00, 0xff, 0xff, 0x00, 0x00, 0x00, 0x00,
        0x00, 0x00, 0x00, 0x00, 0x00, 0x00, 0x00, 0x00, 0x00, 0x00, 0x00, 0x00,
        0x00, 0x00, 0x00, 0x00, 0x00, 0x00, 0x00, 0x00, 0x00, 0x00, 0x00, 0x00,
        0x00, 0x00, 0x00, 0x00, 0x00, 0x00, 0x00, 0x00, 0x00, 0x00, 0x00, 0x00,
        0x00, 0x00, 0x00, 0x00, 0x00, 0x00, 0x00, 0x00, 0x00, 0x00, 0x00, 0x00,
        0x00, 0x00, 0x00, 0x00, 0x00, 0x00, 0x00, 0x00, 0x00, 0x00, 0x00, 0x00,
        0x00, 0x00, 0x00, 0x00, 0x00, 0x00, 0x00, 0x00, 0x00, 0x00, 0x00, 0x00,
        0x00, 0x00, 0x00, 0x00, 0x00, 0x00, 0x00, 0x00, 0x00, 0x00, 0x00, 0x00,
        0x00, 0x00, 0x00, 0x00, 0x00, 0x00, 0x00, 0x00, 0x00, 0x00, 0x00, 0x00,
        0x00, 0x00, 0x00, 0x00, 0x00, 0x00, 0x00, 0x00, 0x00, 0x00, 0x00, 0x00,
        0x00, 0x00, 0x00, 0x00, 0x00, 0x00, 0x00, 0x00, 0x00, 0x00, 0x00, 0x00,
        0x00, 0x00, 0x00, 0x00, 0x00, 0x00, 0x00, 0x00, 0x00, 0x00, 0x00, 0x00,
        0x00, 0x00, 0x00, 0x00, 0x00, 0x00, 0x00, 0x00, 0x00, 0x00, 0x00, 0x00,
        0x00, 0x00, 0x00, 0x00, 0x00, 0x00, 0x00, 0x00, 0x00, 0x00, 0x00, 0x00,
        0x00, 0x00, 0x00, 0x00, 0x00, 0x00, 0x00, 0x00, 0x00, 0x00, 0x00, 0x00,
        0x00, 0x00, 0x00, 0x00, 0x00, 0x00, 0x00, 0x00, 0x00, 0x00, 0x00, 0x00,
        0x00, 0x00, 0x00, 0x00, 0x00, 0x00, 0x00, 0x00, 0x00, 0x00, 0x00, 0x00,
        0x00, 0x00, 0x00, 0x00, 0x00, 0x00, 0x00, 0x00, 0x00, 0x00, 0x00, 0x00,
        0x00, 0x00, 0x00, 0x00, 0x00, 0x00, 0x00, 0x00, 0x00, 0x00, 0x00, 0x00,
        0x00, 0x00, 0x00, 0x00, 0x00, 0x00, 0x00, 0x00, 0x00, 0x00, 0x00, 0x00,
        0x00, 0x00, 0x00, 0x00, 0x00, 0x00, 0x00, 0x00, 0x00, 0x00, 0x00, 0x00,
        0x00, 0x00, 0x00, 0x00, 0x00, 0x00, 0x00, 0x00, 0x00, 0x00, 0x00, 0x00,
        0x00, 0x00, 0x00, 0x00, 0x00, 0x00, 0x00, 0x00, 0x00, 0x00, 0x00, 0x00,
        0x00, 0x00, 0x00, 0x00, 0x00, 0x00, 0x00, 0x00, 0x00, 0x00, 0x00, 0x00,
        0x00, 0x00, 0x00, 0x00, 0x00, 0x00, 0x00, 0x00, 0x00, 0x00, 0x00, 0x00,
        0x00, 0x00, 0x00, 0x00, 0x00, 0x00, 0x00, 0x00, 0x00, 0x00, 0x00, 0x00,
        0x00, 0x00, 0x00, 0x00, 0x00, 0x00, 0x00, 0x00, 0x00, 0x00, 0x00, 0x00,
        0x00, 0x00, 0x00, 0x00, 0x00, 0x00, 0x00, 0x00, 0x00, 0x00, 0x00, 0x00,
        0x00, 0x00, 0x00, 0x00, 0x00, 0x00, 0x00, 0x00, 0x00, 0x00, 0x00, 0x00,
        0x00, 0x00, 0x00, 0x00, 0x00, 0x00, 0x00, 0x00, 0x00, 0x00, 0x00, 0x00,
        0x00, 0x00, 0x00, 0x00, 0x00, 0x00, 0x00, 0x00, 0x00, 0x00, 0x00, 0x00,
        0x00, 0x00, 0x00, 0x00, 0x00, 0x00, 0x00, 0x00, 0x00, 0x00, 0x00, 0x00,
        0x00, 0x00, 0x00, 0x00, 0x00, 0x00, 0x00, 0x00, 0x00, 0x00, 0x00, 0x00,
        0x00, 0x00, 0x00, 0x00, 0x00, 0x00, 0x00, 0x00, 0x00, 0x00, 0x00, 0x00,
        0x00, 0x00, 0x00, 0x00, 0x00, 0x00, 0x00, 0x00, 0x00, 0x00, 0x00, 0x00,
        0x00, 0x00, 0x00, 0x00, 0x00, 0x00, 0x00, 0x00, 0x00, 0x00, 0xff, 0xff,
        0x00, 0x00, 0x1b, 0xf7, 0x75, 0xf6, 0xd3, 0xdd, 0xf5, 0xed, 0xf5, 0xed,
        0xf3, 0xed, 0xf3, 0xed, 0x76, 0xee, 0xb7, 0xf6, 0x1a, 0xf7, 0x3a, 0xf7,
        0x5b, 0xff, 0x5c, 0xf7, 0x3a, 0xf7, 0x1a, 0xf7, 0xd8, 0xf6, 0xf9, 0xf6,
        0x96, 0xf6, 0x76, 0xee, 0x14, 0xee, 0xf3, 0xed, 0xf2, 0xed, 0x39, 0xff,
        0x9d, 0xff, 0x1b, 0xf7, 0xff, 0xff, 0x00, 0x00, 0xff, 0xff, 0x00, 0x00,
        0x00, 0x00, 0x00, 0x00, 0x00, 0x00, 0x00, 0x00, 0x00, 0x00, 0x00, 0x00,
        0x00, 0x00, 0x00, 0x00, 0x00, 0x00, 0x00, 0x00, 0x00, 0x00, 0x00, 0x00,
        0x00, 0x00, 0x00, 0x00, 0x00, 0x00, 0x00, 0x00, 0x00, 0x00, 0x00, 0x00,
        0x00, 0x00, 0x00, 0x00, 0x00, 0x00, 0x00, 0x00, 0x00, 0x00, 0x00, 0x00,
        0x00, 0x00, 0x00, 0x00, 0x00, 0x00, 0x00, 0x00, 0x00, 0x00, 0x00, 0x00,
        0x00, 0x00, 0x00, 0x00, 0x00, 0x00, 0x00, 0x00, 0x00, 0x00, 0x00, 0x00,
        0x00, 0x00, 0x00, 0x00, 0x00, 0x00, 0x00, 0x00, 0x00, 0x00, 0x00, 0x00,
        0x00, 0x00, 0x00, 0x00, 0x00, 0x00, 0x00, 0x00, 0x00, 0x00, 0x00, 0x00,
        0x00, 0x00, 0x00, 0x00, 0x00, 0x00, 0x00, 0x00, 0x00, 0x00, 0x00, 0x00,
        0x00, 0x00, 0x00, 0x00, 0x00, 0x00, 0x00, 0x00, 0x00, 0x00, 0x00, 0x00,
        0x00, 0x00, 0x00, 0x00, 0x00, 0x00, 0x00, 0x00, 0x00, 0x00, 0x00, 0x00,
        0x00, 0x00, 0x00, 0x00, 0x00, 0x00, 0x00, 0x00, 0x00, 0x00, 0x00, 0x00,
        0x00, 0x00, 0x00, 0x00, 0x00, 0x00, 0x00, 0x00, 0x00, 0x00, 0x00, 0x00,
        0x00, 0x00, 0x00, 0x00, 0x00, 0x00, 0x00, 0x00, 0x00, 0x00, 0x00, 0x00,
        0x00, 0x00, 0x00, 0x00, 0x00, 0x00, 0x00, 0x00, 0x00, 0x00, 0x00, 0x00,
        0x00, 0x00, 0x00, 0x00, 0x00, 0x00, 0x00, 0x00, 0x00, 0x00, 0x00, 0x00,
        0x00, 0x00, 0x00, 0x00, 0x00, 0x00, 0x00, 0x00, 0x00, 0x00, 0x00, 0x00,
        0x00, 0x00, 0x00, 0x00, 0x00, 0x00, 0x00, 0x00, 0x00, 0x00, 0x00, 0x00,
        0x00, 0x00, 0x00, 0x00, 0x00, 0x00, 0x00, 0x00, 0x00, 0x00, 0x00, 0x00,
        0x00, 0x00, 0x00, 0x00, 0x00, 0x00, 0x00, 0x00, 0x00, 0x00, 0x00, 0x00,
        0x00, 0x00, 0x00, 0x00, 0x00, 0x00, 0x00, 0x00, 0x00, 0x00, 0x00, 0x00,
        0x00, 0x00, 0x00, 0x00, 0x00, 0x00, 0x00, 0x00, 0x00, 0x00, 0x00, 0x00,
        0x00, 0x00, 0x00, 0x00, 0x00, 0x00, 0x00, 0x00, 0x00, 0x00, 0x00, 0x00,
        0x00, 0x00, 0x00, 0x00, 0x00, 0x00, 0x00, 0x00, 0x00, 0x00, 0x00, 0x00,
        0x00, 0x00, 0x00, 0x00, 0x00, 0x00, 0x00, 0x00, 0x00, 0x00, 0x00, 0x00,
        0x00, 0x00, 0x00, 0x00, 0x00, 0x00, 0x00, 0x00, 0x00, 0x00, 0x00, 0x00,
        0x00, 0x00, 0x00, 0x00, 0x00, 0x00, 0x00, 0x00, 0x00, 0x00, 0x00, 0x00,
        0x00, 0x00, 0x00, 0x00, 0x00, 0x00, 0x00, 0x00, 0x00, 0x00, 0x00, 0x00,
        0x00, 0x00, 0x00, 0x00, 0x00, 0x00, 0x00, 0x00, 0x00, 0x00, 0x00, 0x00,
        0x00, 0x00, 0x00, 0x00, 0x00, 0x00, 0x00, 0x00, 0x00, 0x00, 0x00, 0x00,
        0x00, 0x00, 0x00, 0x00, 0x00, 0x00, 0x00, 0x00, 0x00, 0x00, 0x00, 0x00,
        0x00, 0x00, 0x00, 0x00, 0x00, 0x00, 0x00, 0x00, 0x00, 0x00, 0x00, 0x00,
        0x00, 0x00, 0x00, 0x00, 0x00, 0x00, 0x00, 0x00, 0x00, 0x00, 0x00, 0x00,
        0x00, 0x00, 0x00, 0x00, 0x00, 0x00, 0x00, 0x00, 0x00, 0x00, 0x00, 0x00,
        0x00, 0x00, 0x00, 0x00, 0x00, 0x00, 0x00, 0x00, 0x00, 0x00, 0xff, 0xff,
        0x00, 0x00, 0x1b, 0xf7, 0x54, 0xee, 0xd3, 0xdd, 0xf5, 0xed, 0xf3, 0xed,
        0xf5, 0xed, 0xf5, 0xed, 0x76, 0xee, 0xb7, 0xf6, 0xd8, 0xf6, 0x1a, 0xf7,
        0x5b, 0xff, 0x5b, 0xff, 0x3a, 0xf7, 0x1a, 0xf7, 0xd8, 0xf6, 0xd9, 0xee,
        0x97, 0xee, 0x76, 0xee, 0x14, 0xee, 0x54, 0xee, 0x33, 0xf6, 0x75, 0xf6,
        0x7c, 0xff, 0x3a, 0xf7, 0x77, 0xe6, 0xff, 0xff, 0xff, 0xff, 0xff, 0xff,
        0x00, 0x00, 0x00, 0x00, 0x00, 0x00, 0x00, 0x00, 0x00, 0x00, 0x00, 0x00,
        0x00, 0x00, 0x00, 0x00, 0x00, 0x00, 0x00, 0x00, 0x00, 0x00, 0x00, 0x00,
        0x00, 0x00, 0x00, 0x00, 0x00, 0x00, 0x00, 0x00, 0x00, 0x00, 0x00, 0x00,
        0x00, 0x00, 0x00, 0x00, 0x00, 0x00, 0x00, 0x00, 0x00, 0x00, 0x00, 0x00,
        0x00, 0x00, 0x00, 0x00, 0x00, 0x00, 0x00, 0x00, 0x00, 0x00, 0x00, 0x00,
        0x00, 0x00, 0x00, 0x00, 0x00, 0x00, 0x00, 0x00, 0x00, 0x00, 0x00, 0x00,
        0x00, 0x00, 0x00, 0x00, 0x00, 0x00, 0x00, 0x00, 0x00, 0x00, 0x00, 0x00,
        0x00, 0x00, 0x00, 0x00, 0x00, 0x00, 0x00, 0x00, 0x00, 0x00, 0x00, 0x00,
        0x00, 0x00, 0x00, 0x00, 0x00, 0x00, 0x00, 0x00, 0x00, 0x00, 0x00, 0x00,
        0x00, 0x00, 0x00, 0x00, 0x00, 0x00, 0x00, 0x00, 0x00, 0x00, 0x00, 0x00,
        0x00, 0x00, 0x00, 0x00, 0x00, 0x00, 0x00, 0x00, 0x00, 0x00, 0x00, 0x00,
        0x00, 0x00, 0x00, 0x00, 0x00, 0x00, 0x00, 0x00, 0x00, 0x00, 0x00, 0x00,
        0x00, 0x00, 0x00, 0x00, 0x00, 0x00, 0x00, 0x00, 0x00, 0x00, 0x00, 0x00,
        0x00, 0x00, 0x00, 0x00, 0x00, 0x00, 0x00, 0x00, 0x00, 0x00, 0x00, 0x00,
        0x00, 0x00, 0x00, 0x00, 0x00, 0x00, 0x00, 0x00, 0x00, 0x00, 0x00, 0x00,
        0x00, 0x00, 0x00, 0x00, 0x00, 0x00, 0x00, 0x00, 0x00, 0x00, 0x00, 0x00,
        0x00, 0x00, 0x00, 0x00, 0x00, 0x00, 0x00, 0x00, 0x00, 0x00, 0x00, 0x00,
        0x00, 0x00, 0x00, 0x00, 0x00, 0x00, 0x00, 0x00, 0x00, 0x00, 0x00, 0x00,
        0x00, 0x00, 0x00, 0x00, 0x00, 0x00, 0x00, 0x00, 0x00, 0x00, 0x00, 0x00,
        0x00, 0x00, 0x00, 0x00, 0x00, 0x00, 0x00, 0x00, 0x00, 0x00, 0x00, 0x00,
        0x00, 0x00, 0x00, 0x00, 0x00, 0x00, 0x00, 0x00, 0x00, 0x00, 0x00, 0x00,
        0x00, 0x00, 0x00, 0x00, 0x00, 0x00, 0x00, 0x00, 0x00, 0x00, 0x00, 0x00,
        0x00, 0x00, 0x00, 0x00, 0x00, 0x00, 0x00, 0x00, 0x00, 0x00, 0x00, 0x00,
        0x00, 0x00, 0x00, 0x00, 0x00, 0x00, 0x00, 0x00, 0x00, 0x00, 0x00, 0x00,
        0x00, 0x00, 0x00, 0x00, 0x00, 0x00, 0x00, 0x00, 0x00, 0x00, 0x00, 0x00,
        0x00, 0x00, 0x00, 0x00, 0x00, 0x00, 0x00, 0x00, 0x00, 0x00, 0x00, 0x00,
        0x00, 0x00, 0x00, 0x00, 0x00, 0x00, 0x00, 0x00, 0x00, 0x00, 0x00, 0x00,
        0x00, 0x00, 0x00, 0x00, 0x00, 0x00, 0x00, 0x00, 0x00, 0x00, 0x00, 0x00,
        0x00, 0x00, 0x00, 0x00, 0x00, 0x00, 0x00, 0x00, 0x00, 0x00, 0x00, 0x00,
        0x00, 0x00, 0x00, 0x00, 0x00, 0x00, 0x00, 0x00, 0x00, 0x00, 0x00, 0x00,
        0x00, 0x00, 0x00, 0x00, 0x00, 0x00, 0x00, 0x00, 0x00, 0x00, 0x00, 0x00,
        0x00, 0x00, 0x00, 0x00, 0x00, 0x00, 0x00, 0x00, 0x00, 0x00, 0x00, 0x00,
        0x00, 0x00, 0x00, 0x00, 0x00, 0x00, 0x00, 0x00, 0x00, 0x00, 0x00, 0x00,
        0x00, 0x00, 0x00, 0x00, 0x00, 0x00, 0x00, 0x00, 0x00, 0x00, 0x00, 0x00,
        0x00, 0x00, 0x00, 0x00, 0x00, 0x00, 0x00, 0x00, 0x00, 0x00, 0xff, 0xff,
        0x00, 0x00, 0x1b, 0xf7, 0x76, 0xee, 0xf5, 0xed, 0xf5, 0xed, 0xf3, 0xed,
        0xf3, 0xed, 0xf5, 0xed, 0x55, 0xee, 0xb8, 0xf6, 0x1a, 0xf7, 0x1a, 0xf7,
        0x1a, 0xf7, 0x1a, 0xf7, 0x3a, 0xf7, 0x3a, 0xf7, 0xf9, 0xf6, 0xf9, 0xf6,
        0x97, 0xee, 0x76, 0xee, 0x54, 0xee, 0x33, 0xf6, 0x95, 0xf6, 0x13, 0xee,
        0xd8, 0xf6, 0x9d, 0xff, 0x55, 0xee, 0x37, 0xde, 0xff, 0xff, 0x00, 0x00,
        0xff, 0xff, 0x00, 0x00, 0x00, 0x00, 0x00, 0x00, 0x00, 0x00, 0x00, 0x00,
        0x00, 0x00, 0x00, 0x00, 0x00, 0x00, 0x00, 0x00, 0x00, 0x00, 0x00, 0x00,
        0x00, 0x00, 0x00, 0x00, 0x00, 0x00, 0x00, 0x00, 0x00, 0x00, 0x00, 0x00,
        0x00, 0x00, 0x00, 0x00, 0x00, 0x00, 0x00, 0x00, 0x00, 0x00, 0x00, 0x00,
        0x00, 0x00, 0x00, 0x00, 0x00, 0x00, 0x00, 0x00, 0x00, 0x00, 0x00, 0x00,
        0x00, 0x00, 0x00, 0x00, 0x00, 0x00, 0x00, 0x00, 0x00, 0x00, 0x00, 0x00,
        0x00, 0x00, 0x00, 0x00, 0x00, 0x00, 0x00, 0x00, 0x00, 0x00, 0x00, 0x00,
        0x00, 0x00, 0x00, 0x00, 0x00, 0x00, 0x00, 0x00, 0x00, 0x00, 0x00, 0x00,
        0x00, 0x00, 0x00, 0x00, 0x00, 0x00, 0x00, 0x00, 0x00, 0x00, 0x00, 0x00,
        0x00, 0x00, 0x00, 0x00, 0x00, 0x00, 0x00, 0x00, 0x00, 0x00, 0x00, 0x00,
        0x00, 0x00, 0x00, 0x00, 0x00, 0x00, 0x00, 0x00, 0x00, 0x00, 0x00, 0x00,
        0x00, 0x00, 0x00, 0x00, 0x00, 0x00, 0x00, 0x00, 0x00, 0x00, 0x00, 0x00,
        0x00, 0x00, 0x00, 0x00, 0x00, 0x00, 0x00, 0x00, 0x00, 0x00, 0x00, 0x00,
        0x00, 0x00, 0x00, 0x00, 0x00, 0x00, 0x00, 0x00, 0x00, 0x00, 0x00, 0x00,
        0x00, 0x00, 0x00, 0x00, 0x00, 0x00, 0x00, 0x00, 0x00, 0x00, 0x00, 0x00,
        0x00, 0x00, 0x00, 0x00, 0x00, 0x00, 0x00, 0x00, 0x00, 0x00, 0x00, 0x00,
        0x00, 0x00, 0x00, 0x00, 0x00, 0x00, 0x00, 0x00, 0x00, 0x00, 0x00, 0x00,
        0x00, 0x00, 0x00, 0x00, 0x00, 0x00, 0x00, 0x00, 0x00, 0x00, 0x00, 0x00,
        0x00, 0x00, 0x00, 0x00, 0x00, 0x00, 0x00, 0x00, 0x00, 0x00, 0x00, 0x00,
        0x00, 0x00, 0x00, 0x00, 0x00, 0x00, 0x00, 0x00, 0x00, 0x00, 0x00, 0x00,
        0x00, 0x00, 0x00, 0x00, 0x00, 0x00, 0x00, 0x00, 0x00, 0x00, 0x00, 0x00,
        0x00, 0x00, 0x00, 0x00, 0x00, 0x00, 0x00, 0x00, 0x00, 0x00, 0x00, 0x00,
        0x00, 0x00, 0x00, 0x00, 0x00, 0x00, 0x00, 0x00, 0x00, 0x00, 0x00, 0x00,
        0x00, 0x00, 0x00, 0x00, 0x00, 0x00, 0x00, 0x00, 0x00, 0x00, 0x00, 0x00,
        0x00, 0x00, 0x00, 0x00, 0x00, 0x00, 0x00, 0x00, 0x00, 0x00, 0x00, 0x00,
        0x00, 0x00, 0x00, 0x00, 0x00, 0x00, 0x00, 0x00, 0x00, 0x00, 0x00, 0x00,
        0x00, 0x00, 0x00, 0x00, 0x00, 0x00, 0x00, 0x00, 0x00, 0x00, 0x00, 0x00,
        0x00, 0x00, 0x00, 0x00, 0x00, 0x00, 0x00, 0x00, 0x00, 0x00, 0x00, 0x00,
        0x00, 0x00, 0x00, 0x00, 0x00, 0x00, 0x00, 0x00, 0x00, 0x00, 0x00, 0x00,
        0x00, 0x00, 0x00, 0x00, 0x00, 0x00, 0x00, 0x00, 0x00, 0x00, 0x00, 0x00,
        0x00, 0x00, 0x00, 0x00, 0x00, 0x00, 0x00, 0x00, 0x00, 0x00, 0x00, 0x00,
        0x00, 0x00, 0x00, 0x00, 0x00, 0x00, 0x00, 0x00, 0x00, 0x00, 0x00, 0x00,
        0x00, 0x00, 0x00, 0x00, 0x00, 0x00, 0x00, 0x00, 0x00, 0x00, 0x00, 0x00,
        0x00, 0x00, 0x00, 0x00, 0x00, 0x00, 0x00, 0x00, 0x00, 0x00, 0x00, 0x00,
        0x00, 0x00, 0x00, 0x00, 0x00, 0x00, 0x00, 0x00, 0x00, 0x00, 0xff, 0xff,
        0x00, 0x00, 0x1b, 0xf7, 0x76, 0xee, 0xd3, 0xdd, 0x76, 0xee, 0xf5, 0xed,
        0xf3, 0xed, 0xf3, 0xed, 0xf5, 0xed, 0x76, 0xee, 0x1a, 0xf7, 0x3a, 0xf7,
        0x3a, 0xf7, 0x3a, 0xf7, 0x3a, 0xf7, 0x1a, 0xf7, 0xf9, 0xf6, 0xf9, 0xf6,
        0xd9, 0xee, 0xb7, 0xf6, 0x54, 0xee, 0x13, 0xee, 0x75, 0xf6, 0x33, 0xf6,
        0x13, 0xee, 0x9d, 0xff, 0x97, 0xee, 0x50, 0xd5, 0x77, 0xe6, 0x7d, 0xf7,
        0x00, 0x00, 0xff, 0xff, 0x00, 0x00, 0x00, 0x00, 0x00, 0x00, 0x00, 0x00,
        0x00, 0x00, 0x00, 0x00, 0x00, 0x00, 0x00, 0x00, 0x00, 0x00, 0x00, 0x00,
        0x00, 0x00, 0x00, 0x00, 0x00, 0x00, 0x00, 0x00, 0x00, 0x00, 0x00, 0x00,
        0x00, 0x00, 0x00, 0x00, 0x00, 0x00, 0x00, 0x00, 0x00, 0x00, 0x00, 0x00,
        0x00, 0x00, 0x00, 0x00, 0x00, 0x00, 0x00, 0x00, 0x00, 0x00, 0x00, 0x00,
        0x00, 0x00, 0x00, 0x00, 0x00, 0x00, 0x00, 0x00, 0x00, 0x00, 0x00, 0x00,
        0x00, 0x00, 0x00, 0x00, 0x00, 0x00, 0x00, 0x00, 0x00, 0x00, 0x00, 0x00,
        0x00, 0x00, 0x00, 0x00, 0x00, 0x00, 0x00, 0x00, 0x00, 0x00, 0x00, 0x00,
        0x00, 0x00, 0x00, 0x00, 0x00, 0x00, 0x00, 0x00, 0x00, 0x00, 0x00, 0x00,
        0x00, 0x00, 0x00, 0x00, 0x00, 0x00, 0x00, 0x00, 0x00, 0x00, 0x00, 0x00,
        0x00, 0x00, 0x00, 0x00, 0x00, 0x00, 0x00, 0x00, 0x00, 0x00, 0x00, 0x00,
        0x00, 0x00, 0x00, 0x00, 0x00, 0x00, 0x00, 0x00, 0x00, 0x00, 0x00, 0x00,
        0x00, 0x00, 0x00, 0x00, 0x00, 0x00, 0x00, 0x00, 0x00, 0x00, 0x00, 0x00,
        0x00, 0x00, 0x00, 0x00, 0x00, 0x00, 0x00, 0x00, 0x00, 0x00, 0x00, 0x00,
        0x00, 0x00, 0x00, 0x00, 0x00, 0x00, 0x00, 0x00, 0x00, 0x00, 0x00, 0x00,
        0x00, 0x00, 0x00, 0x00, 0x00, 0x00, 0x00, 0x00, 0x00, 0x00, 0x00, 0x00,
        0x00, 0x00, 0x00, 0x00, 0x00, 0x00, 0x00, 0x00, 0x00, 0x00, 0x00, 0x00,
        0x00, 0x00, 0x00, 0x00, 0x00, 0x00, 0x00, 0x00, 0x00, 0x00, 0x00, 0x00,
        0x00, 0x00, 0x00, 0x00, 0x00, 0x00, 0x00, 0x00, 0x00, 0x00, 0x00, 0x00,
        0x00, 0x00, 0x00, 0x00, 0x00, 0x00, 0x00, 0x00, 0x00, 0x00, 0x00, 0x00,
        0x00, 0x00, 0x00, 0x00, 0x00, 0x00, 0x00, 0x00, 0x00, 0x00, 0x00, 0x00,
        0x00, 0x00, 0x00, 0x00, 0x00, 0x00, 0x00, 0x00, 0x00, 0x00, 0x00, 0x00,
        0x00, 0x00, 0x00, 0x00, 0x00, 0x00, 0x00, 0x00, 0x00, 0x00, 0x00, 0x00,
        0x00, 0x00, 0x00, 0x00, 0x00, 0x00, 0x00, 0x00, 0x00, 0x00, 0x00, 0x00,
        0x00, 0x00, 0x00, 0x00, 0x00, 0x00, 0x00, 0x00, 0x00, 0x00, 0x00, 0x00,
        0x00, 0x00, 0x00, 0x00, 0x00, 0x00, 0x00, 0x00, 0x00, 0x00, 0x00, 0x00,
        0x00, 0x00, 0x00, 0x00, 0x00, 0x00, 0x00, 0x00, 0x00, 0x00, 0x00, 0x00,
        0x00, 0x00, 0x00, 0x00, 0x00, 0x00, 0x00, 0x00, 0x00, 0x00, 0x00, 0x00,
        0x00, 0x00, 0x00, 0x00, 0x00, 0x00, 0x00, 0x00, 0x00, 0x00, 0x00, 0x00,
        0x00, 0x00, 0x00, 0x00, 0x00, 0x00, 0x00, 0x00, 0x00, 0x00, 0x00, 0x00,
        0x00, 0x00, 0x00, 0x00, 0x00, 0x00, 0x00, 0x00, 0x00, 0x00, 0x00, 0x00,
        0x00, 0x00, 0x00, 0x00, 0x00, 0x00, 0x00, 0x00, 0x00, 0x00, 0x00, 0x00,
        0x00, 0x00, 0x00, 0x00, 0x00, 0x00, 0x00, 0x00, 0x00, 0x00, 0x00, 0x00,
        0x00, 0x00, 0x00, 0x00, 0x00, 0x00, 0x00, 0x00, 0x00, 0x00, 0x00, 0x00,
        0x00, 0x00, 0x00, 0x00, 0x00, 0x00, 0x00, 0x00, 0x00, 0x00, 0xff, 0xff,
        0x00, 0x00, 0x5c, 0xf7, 0x98, 0xe6, 0xf5, 0xed, 0x35, 0xe6, 0x35, 0xe6,
        0xf5, 0xed, 0xf5, 0xed, 0xf5, 0xed, 0x97, 0xee, 0xb8, 0xf6, 0x1a, 0xf7,
        0x3a, 0xf7, 0x5b, 0xff, 0x3a, 0xf7, 0x1a, 0xf7, 0x1a, 0xf7, 0xd8, 0xee,
        0xd9, 0xee, 0xb7, 0xf6, 0x76, 0xee, 0x13, 0xee, 0x33, 0xf6, 0x54, 0xee,
        0x8f, 0xe5, 0xd8, 0xf6, 0x7c, 0xff, 0x50, 0xcd, 0x70, 0xdd, 0x16, 0xd6,
        0x1b, 0xf7, 0x00, 0x00, 0xff, 0xff, 0x00, 0x00, 0x00, 0x00, 0x00, 0x00,
        0x00, 0x00, 0x00, 0x00, 0x00, 0x00, 0x00, 0x00, 0x00, 0x00, 0x00, 0x00,
        0x00, 0x00, 0x00, 0x00, 0x00, 0x00, 0x00, 0x00, 0x00, 0x00, 0x00, 0x00,
        0x00, 0x00, 0x00, 0x00, 0x00, 0x00, 0x00, 0x00, 0x00, 0x00, 0x00, 0x00,
        0x00, 0x00, 0x00, 0x00, 0x00, 0x00, 0x00, 0x00, 0x00, 0x00, 0x00, 0x00,
        0x00, 0x00, 0x00, 0x00, 0x00, 0x00, 0x00, 0x00, 0x00, 0x00, 0x00, 0x00,
        0x00, 0x00, 0x00, 0x00, 0x00, 0x00, 0x00, 0x00, 0x00, 0x00, 0x00, 0x00,
        0x00, 0x00, 0x00, 0x00, 0x00, 0x00, 0x00, 0x00, 0x00, 0x00, 0x00, 0x00,
        0x00, 0x00, 0x00, 0x00, 0x00, 0x00, 0x00, 0x00, 0x00, 0x00, 0x00, 0x00,
        0x00, 0x00, 0x00, 0x00, 0x00, 0x00, 0x00, 0x00, 0x00, 0x00, 0x00, 0x00,
        0x00, 0x00, 0x00, 0x00, 0x00, 0x00, 0x00, 0x00, 0x00, 0x00, 0x00, 0x00,
        0x00, 0x00, 0x00, 0x00, 0x00, 0x00, 0x00, 0x00, 0x00, 0x00, 0x00, 0x00,
        0x00, 0x00, 0x00, 0x00, 0x00, 0x00, 0x00, 0x00, 0x00, 0x00, 0x00, 0x00,
        0x00, 0x00, 0x00, 0x00, 0x00, 0x00, 0x00, 0x00, 0x00, 0x00, 0x00, 0x00,
        0x00, 0x00, 0x00, 0x00, 0x00, 0x00, 0x00, 0x00, 0x00, 0x00, 0x00, 0x00,
        0x00, 0x00, 0x00, 0x00, 0x00, 0x00, 0x00, 0x00, 0x00, 0x00, 0x00, 0x00,
        0x00, 0x00, 0x00, 0x00, 0x00, 0x00, 0x00, 0x00, 0x00, 0x00, 0x00, 0x00,
        0x00, 0x00, 0x00, 0x00, 0x00, 0x00, 0x00, 0x00, 0x00, 0x00, 0x00, 0x00,
        0x00, 0x00, 0x00, 0x00, 0x00, 0x00, 0x00, 0x00, 0x00, 0x00, 0x00, 0x00,
        0x00, 0x00, 0x00, 0x00, 0x00, 0x00, 0x00, 0x00, 0x00, 0x00, 0x00, 0x00,
        0x00, 0x00, 0x00, 0x00, 0x00, 0x00, 0x00, 0x00, 0x00, 0x00, 0x00, 0x00,
        0x00, 0x00, 0x00, 0x00, 0x00, 0x00, 0x00, 0x00, 0x00, 0x00, 0x00, 0x00,
        0x00, 0x00, 0x00, 0x00, 0x00, 0x00, 0x00, 0x00, 0x00, 0x00, 0x00, 0x00,
        0x00, 0x00, 0x00, 0x00, 0x00, 0x00, 0x00, 0x00, 0x00, 0x00, 0x00, 0x00,
        0x00, 0x00, 0x00, 0x00, 0x00, 0x00, 0x00, 0x00, 0x00, 0x00, 0x00, 0x00,
        0x00, 0x00, 0x00, 0x00, 0x00, 0x00, 0x00, 0x00, 0x00, 0x00, 0x00, 0x00,
        0x00, 0x00, 0x00, 0x00, 0x00, 0x00, 0x00, 0x00, 0x00, 0x00, 0x00, 0x00,
        0x00, 0x00, 0x00, 0x00, 0x00, 0x00, 0x00, 0x00, 0x00, 0x00, 0x00, 0x00,
        0x00, 0x00, 0x00, 0x00, 0x00, 0x00, 0x00, 0x00, 0x00, 0x00, 0x00, 0x00,
        0x00, 0x00, 0x00, 0x00, 0x00, 0x00, 0x00, 0x00, 0x00, 0x00, 0x00, 0x00,
        0x00, 0x00, 0x00, 0x00, 0x00, 0x00, 0x00, 0x00, 0x00, 0x00, 0x00, 0x00,
        0x00, 0x00, 0x00, 0x00, 0x00, 0x00, 0x00, 0x00, 0x00, 0x00, 0x00, 0x00,
        0x00, 0x00, 0x00, 0x00, 0x00, 0x00, 0x00, 0x00, 0x00, 0x00, 0x00, 0x00,
        0x00, 0x00, 0x00, 0x00, 0x00, 0x00, 0x00, 0x00, 0x00, 0x00, 0x00, 0x00,
        0x00, 0x00, 0x00, 0x00, 0x00, 0x00, 0x00, 0x00, 0x00, 0x00, 0xff, 0xff,
        0x00, 0x00, 0x7d, 0xf7, 0xb9, 0xee, 0xf5, 0xed, 0xf5, 0xed, 0xf5, 0xed,
        0xd1, 0xe5, 0xf5, 0xed, 0xf5, 0xed, 0x97, 0xee, 0xd8, 0xf6, 0xf9, 0xf6,
        0x1a, 0xf7, 0x1a, 0xf7, 0x3a, 0xf7, 0x3a, 0xf7, 0xf9, 0xf6, 0xd8, 0xf6,
        0xd8, 0xee, 0x97, 0xee, 0x76, 0xee, 0x14, 0xee, 0x14, 0xee, 0x33, 0xf6,
        0xf2, 0xed, 0x33, 0xf6, 0x9d, 0xff, 0xf9, 0xf6, 0x50, 0xcd, 0xcd, 0xcc,
        0x72, 0xdd, 0x1b, 0xf7, 0x00, 0x00, 0xff, 0xff, 0x00, 0x00, 0x00, 0x00,
        0x00, 0x00, 0x00, 0x00, 0x00, 0x00, 0x00, 0x00, 0x00, 0x00, 0x00, 0x00,
        0x00, 0x00, 0x00, 0x00, 0x00, 0x00, 0x00, 0x00, 0x00, 0x00, 0x00, 0x00,
        0x00, 0x00, 0x00, 0x00, 0x00, 0x00, 0x00, 0x00, 0x00, 0x00, 0x00, 0x00,
        0x00, 0x00, 0x00, 0x00, 0x00, 0x00, 0x00, 0x00, 0x00, 0x00, 0x00, 0x00,
        0x00, 0x00, 0x00, 0x00, 0x00, 0x00, 0x00, 0x00, 0x00, 0x00, 0x00, 0x00,
        0x00, 0x00, 0x00, 0x00, 0x00, 0x00, 0x00, 0x00, 0x00, 0x00, 0x00, 0x00,
        0x00, 0x00, 0x00, 0x00, 0x00, 0x00, 0x00, 0x00, 0x00, 0x00, 0x00, 0x00,
        0x00, 0x00, 0x00, 0x00, 0x00, 0x00, 0x00, 0x00, 0x00, 0x00, 0x00, 0x00,
        0x00, 0x00, 0x00, 0x00, 0x00, 0x00, 0x00, 0x00, 0x00, 0x00, 0x00, 0x00,
        0x00, 0x00, 0x00, 0x00, 0x00, 0x00, 0x00, 0x00, 0x00, 0x00, 0x00, 0x00,
        0x00, 0x00, 0x00, 0x00, 0x00, 0x00, 0x00, 0x00, 0x00, 0x00, 0x00, 0x00,
        0x00, 0x00, 0x00, 0x00, 0x00, 0x00, 0x00, 0x00, 0x00, 0x00, 0x00, 0x00,
        0x00, 0x00, 0x00, 0x00, 0x00, 0x00, 0x00, 0x00, 0x00, 0x00, 0x00, 0x00,
        0x00, 0x00, 0x00, 0x00, 0x00, 0x00, 0x00, 0x00, 0x00, 0x00, 0x00, 0x00,
        0x00, 0x00, 0x00, 0x00, 0x00, 0x00, 0xff, 0xff, 0x00, 0x00, 0x00, 0x00,
        0x00, 0x00, 0x00, 0x00, 0x00, 0x00, 0x00, 0x00, 0x00, 0x00, 0x00, 0x00,
        0x00, 0x00, 0x00, 0x00, 0x00, 0x00, 0x00, 0x00, 0x00, 0x00, 0x00, 0x00,
        0x00, 0x00, 0x00, 0x00, 0x00, 0x00, 0x00, 0x00, 0x00, 0x00, 0x00, 0x00,
        0x00, 0x00, 0x00, 0x00, 0x00, 0x00, 0x00, 0x00, 0x00, 0x00, 0x00, 0x00,
        0x00, 0x00, 0x00, 0x00, 0x00, 0x00, 0x00, 0x00, 0x00, 0x00, 0x00, 0x00,
        0x00, 0x00, 0x00, 0x00, 0x00, 0x00, 0x00, 0x00, 0x00, 0x00, 0x00, 0x00,
        0x00, 0x00, 0x00, 0x00, 0x00, 0x00, 0x00, 0x00, 0x00, 0x00, 0x00, 0x00,
        0x00, 0x00, 0x00, 0x00, 0x00, 0x00, 0x00, 0x00, 0x00, 0x00, 0x00, 0x00,
        0x00, 0x00, 0x00, 0x00, 0x00, 0x00, 0x00, 0x00, 0x00, 0x00, 0x00, 0x00,
        0x00, 0x00, 0x00, 0x00, 0x00, 0x00, 0x00, 0x00, 0x00, 0x00, 0x00, 0x00,
        0x00, 0x00, 0x00, 0x00, 0x00, 0x00, 0x00, 0x00, 0x00, 0x00, 0x00, 0x00,
        0x00, 0x00, 0x00, 0x00, 0x00, 0x00, 0x00, 0x00, 0x00, 0x00, 0x00, 0x00,
        0x00, 0x00, 0x00, 0x00, 0x00, 0x00, 0x00, 0x00, 0x00, 0x00, 0x00, 0x00,
        0x00, 0x00, 0x00, 0x00, 0x00, 0x00, 0x00, 0x00, 0x00, 0x00, 0x00, 0x00,
        0x00, 0x00, 0x00, 0x00, 0x00, 0x00, 0x00, 0x00, 0x00, 0x00, 0x00, 0x00,
        0x00, 0x00, 0x00, 0x00, 0x00, 0x00, 0x00, 0x00, 0x00, 0x00, 0x00, 0x00,
        0x00, 0x00, 0x00, 0x00, 0x00, 0x00, 0x00, 0x00, 0x00, 0x00, 0x00, 0x00,
        0x00, 0x00, 0x00, 0x00, 0x00, 0x00, 0x00, 0x00, 0x00, 0x00, 0x00, 0x00,
        0x00, 0x00, 0x00, 0x00, 0x00, 0x00, 0x00, 0x00, 0x00, 0x00, 0xff, 0xff,
        0x00, 0x00, 0x1b, 0xf7, 0xb9, 0xee, 0xf5, 0xed, 0xf3, 0xed, 0xf3, 0xed,
        0x4f, 0xdd, 0x10, 0xdd, 0x72, 0xdd, 0xf5, 0xed, 0x97, 0xee, 0xd8, 0xf6,
        0xd8, 0xf6, 0xf9, 0xf6, 0x1a, 0xf7, 0x1a, 0xf7, 0xf9, 0xf6, 0xd8, 0xf6,
        0xd8, 0xee, 0xb7, 0xf6, 0x76, 0xee, 0x54, 0xee, 0xf3, 0xed, 0x33, 0xf6,
        0x33, 0xf6, 0xd1, 0xed, 0x39, 0xff, 0xbe, 0xff, 0x76, 0xee, 0xac, 0xc4,
        0xcd, 0xcc, 0xb2, 0xdd, 0x5c, 0xf7, 0x00, 0x00, 0xff, 0xff, 0xff, 0xff,
        0xff, 0xff, 0xff, 0xff, 0xff, 0xff, 0x00, 0x00, 0x00, 0x00, 0x00, 0x00,
        0x00, 0x00, 0xff, 0xff, 0xff, 0xff, 0xff, 0xff, 0x00, 0x00, 0xff, 0xff,
        0xff, 0xff, 0x00, 0x00, 0x00, 0x00, 0xff, 0xff, 0x00, 0x00, 0xff, 0xff,
        0xff, 0xff, 0x00, 0x00, 0xff, 0xff, 0xff, 0xff, 0x00, 0x00, 0x00, 0x00,
        0x00, 0x00, 0x00, 0x00, 0x00, 0x00, 0x00, 0x00, 0x00, 0x00, 0x00, 0x00,
        0x00, 0x00, 0x00, 0x00, 0x00, 0x00, 0x00, 0x00, 0x00, 0x00, 0x00, 0x00,
        0x00, 0x00, 0x00, 0x00, 0x00, 0x00, 0x00, 0x00, 0x00, 0x00, 0x00, 0x00,
        0x00, 0x00, 0x00, 0x00, 0x00, 0x00, 0x00, 0x00, 0x00, 0x00, 0x00, 0x00,
        0x00, 0x00, 0x00, 0x00, 0x00, 0x00, 0x00, 0x00, 0x00, 0x00, 0x00, 0x00,
        0x00, 0x00, 0x00, 0x00, 0x00, 0x00, 0x00, 0x00, 0x00, 0x00, 0x00, 0x00,
        0x00, 0x00, 0x00, 0x00, 0x00, 0x00, 0x00, 0x00, 0x00, 0x00, 0x00, 0x00,
        0x00, 0x00, 0x00, 0x00, 0x00, 0x00, 0x00, 0x00, 0x00, 0x00, 0x00, 0x00,
        0x00, 0x00, 0x00, 0x00, 0x00, 0x00, 0x00, 0x00, 0x00, 0x00, 0x00, 0x00,
        0x00, 0x00, 0x00, 0x00, 0x00, 0x00, 0x00, 0x00, 0x00, 0x00, 0x00, 0x00,
        0xff, 0xff, 0xff, 0xff, 0xff, 0xff, 0x00, 0x00, 0x00, 0x00, 0x00, 0x00,
        0x00, 0x00, 0x00, 0x00, 0x00, 0x00, 0x00, 0x00, 0x00, 0x00, 0x00, 0x00,
        0x00, 0x00, 0x00, 0x00, 0x00, 0x00, 0x00, 0x00, 0x00, 0x00, 0x00, 0x00,
        0x00, 0x00, 0x00, 0x00, 0x00, 0x00, 0x00, 0x00, 0x00, 0x00, 0x00, 0x00,
        0x00, 0x00, 0x00, 0x00, 0x00, 0x00, 0x00, 0x00, 0x00, 0x00, 0x00, 0x00,
        0x00, 0x00, 0x00, 0x00, 0x00, 0x00, 0x00, 0x00, 0x00, 0x00, 0x00, 0x00,
        0x00, 0x00, 0x00, 0x00, 0x00, 0x00, 0x00, 0x00, 0x00, 0x00, 0x00, 0x00,
        0x00, 0x00, 0x00, 0x00, 0x00, 0x00, 0x00, 0x00, 0x00, 0x00, 0x00, 0x00,
        0x00, 0x00, 0x00, 0x00, 0x00, 0x00, 0x00, 0x00, 0x00, 0x00, 0x00, 0x00,
        0x00, 0x00, 0x00, 0x00, 0x00, 0x00, 0x00, 0x00, 0x00, 0x00, 0x00, 0x00,
        0x00, 0x00, 0x00, 0x00, 0x00, 0x00, 0x00, 0x00, 0x00, 0x00, 0x00, 0x00,
        0x00, 0x00, 0x00, 0x00, 0x00, 0x00, 0x00, 0x00, 0x00, 0x00, 0x00, 0x00,
        0x00, 0x00, 0x00, 0x00, 0x00, 0x00, 0x00, 0x00, 0x00, 0x00, 0x00, 0x00,
        0x00, 0x00, 0x00, 0x00, 0x00, 0x00, 0x00, 0x00, 0x00, 0x00, 0x00, 0x00,
        0x00, 0x00, 0x00, 0x00, 0x00, 0x00, 0x00, 0x00, 0x00, 0x00, 0x00, 0x00,
        0x00, 0x00, 0x00, 0x00, 0x00, 0x00, 0x00, 0x00, 0x00, 0x00, 0x00, 0x00,
        0x00, 0x00, 0x00, 0x00, 0x00, 0x00, 0x00, 0x00, 0x00, 0x00, 0x00, 0x00,
        0x00, 0x00, 0x00, 0x00, 0x00, 0x00, 0x00, 0x00, 0x00, 0x00, 0x00, 0x00,
        0x00, 0x00, 0x00, 0x00, 0x00, 0x00, 0x00, 0x00, 0x00, 0x00, 0x00, 0x00,
        0x00, 0x00, 0x00, 0x00, 0x00, 0x00, 0x00, 0x00, 0xff, 0xff, 0x00, 0x00,
        0xff, 0xff, 0xfa, 0xee, 0xd8, 0xee, 0xf5, 0xed, 0xf5, 0xed, 0xf5, 0xed,
        0x72, 0xdd, 0x10, 0xdd, 0x10, 0xdd, 0x72, 0xdd, 0xf5, 0xed, 0x76, 0xee,
        0xd8, 0xf6, 0xf9, 0xf6, 0x1a, 0xf7, 0xf9, 0xf6, 0xf9, 0xf6, 0xb8, 0xf6,
        0xb8, 0xf6, 0x76, 0xee, 0x76, 0xee, 0x76, 0xee, 0x14, 0xee, 0x13, 0xee,
        0x96, 0xf6, 0xf2, 0xed, 0x33, 0xf6, 0x9d, 0xff, 0x39, 0xff, 0xf3, 0xed,
        0xee, 0xcc, 0xcc, 0xcc, 0x16, 0xd6, 0x5c, 0xf7, 0x00, 0x00, 0x00, 0x00,
        0x00, 0x00, 0x00, 0x00, 0x00, 0x00, 0xff, 0xff, 0xff, 0xff, 0xff, 0xff,
        0x00, 0x00, 0x00, 0x00, 0x00, 0x00, 0x00, 0x00, 0xff, 0xff, 0x00, 0x00,
        0x00, 0x00, 0xff, 0xff, 0x00, 0x00, 0x00, 0x00, 0x00, 0x00, 0xff, 0xff,
        0x00, 0x00, 0x00, 0x00, 0x00, 0x00, 0x00, 0x00, 0xff, 0xff, 0xff, 0xff,
        0xff, 0xff, 0x00, 0x00, 0x00, 0x00, 0x00, 0x00, 0x00, 0x00, 0x00, 0x00,
        0x00, 0x00, 0x00, 0x00, 0x00, 0x00, 0x00, 0x00, 0x00, 0x00, 0x00, 0x00,
        0x00, 0x00, 0x00, 0x00, 0x00, 0x00, 0x00, 0x00, 0x00, 0x00, 0x00, 0x00,
        0x00, 0x00, 0x00, 0x00, 0x00, 0x00, 0x00, 0x00, 0x00, 0x00, 0x00, 0x00,
        0x00, 0x00, 0x00, 0x00, 0x00, 0x00, 0x00, 0x00, 0x00, 0x00, 0x00, 0x00,
        0x00, 0x00, 0x00, 0x00, 0x00, 0x00, 0x00, 0x00, 0x00, 0x00, 0x00, 0x00,
        0x00, 0x00, 0x00, 0x00, 0x00, 0x00, 0x00, 0x00, 0x00, 0x00, 0x00, 0x00,
        0x00, 0x00, 0x00, 0x00, 0x00, 0x00, 0x00, 0x00, 0x00, 0x00, 0x00, 0x00,
        0x00, 0x00, 0x00, 0x00, 0x00, 0x00, 0x00, 0x00, 0x00, 0x00, 0x00, 0x00,
        0x00, 0x00, 0x00, 0x00, 0x00, 0x00, 0xff, 0xff, 0xff, 0xff, 0xff, 0xff,
        0x00, 0x00, 0x00, 0x00, 0x00, 0x00, 0xff, 0xff, 0xff, 0xff, 0x00, 0x00,
        0x00, 0x00, 0x00, 0x00, 0x00, 0x00, 0x00, 0x00, 0x00, 0x00, 0x00, 0x00,
        0x00, 0x00, 0x00, 0x00, 0x00, 0x00, 0x00, 0x00, 0x00, 0x00, 0x00, 0x00,
        0x00, 0x00, 0x00, 0x00, 0x00, 0x00, 0x00, 0x00, 0x00, 0x00, 0x00, 0x00,
        0x00, 0x00, 0x00, 0x00, 0x00, 0x00, 0x00, 0x00, 0x00, 0x00, 0x00, 0x00,
        0x00, 0x00, 0x00, 0x00, 0x00, 0x00, 0x00, 0x00, 0x00, 0x00, 0x00, 0x00,
        0x00, 0x00, 0x00, 0x00, 0x00, 0x00, 0x00, 0x00, 0x00, 0x00, 0x00, 0x00,
        0x00, 0x00, 0x00, 0x00, 0x00, 0x00, 0x00, 0x00, 0x00, 0x00, 0x00, 0x00,
        0x00, 0x00, 0x00, 0x00, 0x00, 0x00, 0x00, 0x00, 0x00, 0x00, 0x00, 0x00,
        0x00, 0x00, 0x00, 0x00, 0x00, 0x00, 0x00, 0x00, 0x00, 0x00, 0x00, 0x00,
        0x00, 0x00, 0x00, 0x00, 0x00, 0x00, 0x00, 0x00, 0x00, 0x00, 0x00, 0x00,
        0x00, 0x00, 0x00, 0x00, 0x00, 0x00, 0x00, 0x00, 0x00, 0x00, 0x00, 0x00,
        0x00, 0x00, 0x00, 0x00, 0x00, 0x00, 0x00, 0x00, 0x00, 0x00, 0x00, 0x00,
        0x00, 0x00, 0x00, 0x00, 0x00, 0x00, 0x00, 0x00, 0x00, 0x00, 0x00, 0x00,
        0x00, 0x00, 0x00, 0x00, 0x00, 0x00, 0x00, 0x00, 0x00, 0x00, 0x00, 0x00,
        0x00, 0x00, 0x00, 0x00, 0x00, 0x00, 0x00, 0x00, 0x00, 0x00, 0x00, 0x00,
        0x00, 0x00, 0x00, 0x00, 0x00, 0x00, 0x00, 0x00, 0x00, 0x00, 0x00, 0x00,
        0x00, 0x00, 0x00, 0x00, 0x00, 0x00, 0x00, 0x00, 0x00, 0x00, 0x00, 0x00,
        0x00, 0x00, 0x00, 0x00, 0x00, 0x00, 0x00, 0x00, 0x00, 0x00, 0x00, 0x00,
        0x00, 0x00, 0x00, 0x00, 0x00, 0x00, 0x00, 0x00, 0xff, 0xff, 0x00, 0x00,
        0xbf, 0xff, 0xfa, 0xf6, 0x96, 0xf6, 0xf3, 0xed, 0x72, 0xdd, 0xf5, 0xed,
        0x97, 0xee, 0x35, 0xe6, 0xf5, 0xed, 0xd3, 0xdd, 0xf5, 0xed, 0x76, 0xee,
        0x97, 0xee, 0xb8, 0xf6, 0xd8, 0xf6, 0xd8, 0xf6, 0xd8, 0xf6, 0xb8, 0xf6,
        0xd8, 0xf6, 0xb9, 0xee, 0x54, 0xee, 0x54, 0xee, 0x33, 0xf6, 0x54, 0xee,
        0x75, 0xf6, 0x33, 0xf6, 0xd1, 0xed, 0xb7, 0xf6, 0x9d, 0xff, 0x1a, 0xf7,
        0xd2, 0xe5, 0xcc, 0xcc, 0x4f, 0xdd, 0xb2, 0xdd, 0x1b, 0xf7, 0x7d, 0xf7,
        0x5c, 0xf7, 0x5c, 0xf7, 0xbf, 0xff, 0x00, 0x00, 0x00, 0x00, 0x00, 0x00,
        0x00, 0x00, 0xff, 0xff, 0xbf, 0xff, 0xff, 0xff, 0x00, 0x00, 0x7d, 0xf7,
        0xff, 0xff, 0x00, 0x00, 0x00, 0x00, 0xbf, 0xff, 0x7d, 0xf7, 0xff, 0xff,
        0xbf, 0xff, 0x5c, 0xf7, 0x1b, 0xf7, 0x7d, 0xf7, 0x00, 0x00, 0x00, 0x00,
        0x00, 0x00, 0xff, 0xff, 0xff, 0xff, 0xff, 0xff, 0xff, 0xff, 0x00, 0x00,
        0x00, 0x00, 0x00, 0x00, 0x00, 0x00, 0x00, 0x00, 0x00, 0x00, 0x00, 0x00,
        0x00, 0x00, 0x00, 0x00, 0x00, 0x00, 0x00, 0x00, 0x00, 0x00, 0x00, 0x00,
        0x00, 0x00, 0x00, 0x00, 0x00, 0x00, 0x00, 0x00, 0x00, 0x00, 0x00, 0x00,
        0x00, 0x00, 0x00, 0x00, 0x00, 0x00, 0x00, 0x00, 0x00, 0x00, 0x00, 0x00,
        0x00, 0x00, 0x00, 0x00, 0x00, 0x00, 0x00, 0x00, 0x00, 0x00, 0x00, 0x00,
        0x00, 0x00, 0x00, 0x00, 0x00, 0x00, 0x00, 0x00, 0x00, 0x00, 0x00, 0x00,
        0x00, 0x00, 0x00, 0x00, 0x00, 0x00, 0x00, 0x00, 0x00, 0x00, 0x00, 0x00,
        0x00, 0x00, 0x00, 0x00, 0x00, 0x00, 0x00, 0x00, 0x00, 0x00, 0x00, 0x00,
        0x00, 0x00, 0xff, 0xff, 0xff, 0xff, 0x00, 0x00, 0x00, 0x00, 0x00, 0x00,
        0xff, 0xff, 0x37, 0xde, 0x1b, 0xf7, 0x1b, 0xf7, 0xff, 0xff, 0x00, 0x00,
        0x00, 0x00, 0x00, 0x00, 0x00, 0x00, 0x00, 0x00, 0x00, 0x00, 0x00, 0x00,
        0x00, 0x00, 0x00, 0x00, 0x00, 0x00, 0x00, 0x00, 0x00, 0x00, 0x00, 0x00,
        0x00, 0x00, 0x00, 0x00, 0x00, 0x00, 0x00, 0x00, 0x00, 0x00, 0x00, 0x00,
        0x00, 0x00, 0x00, 0x00, 0x00, 0x00, 0x00, 0x00, 0x00, 0x00, 0x00, 0x00,
        0x00, 0x00, 0x00, 0x00, 0x00, 0x00, 0x00, 0x00, 0x00, 0x00, 0x00, 0x00,
        0x00, 0x00, 0x00, 0x00, 0x00, 0x00, 0x00, 0x00, 0x00, 0x00, 0x00, 0x00,
        0x00, 0x00, 0x00, 0x00, 0x00, 0x00, 0x00, 0x00, 0x00, 0x00, 0x00, 0x00,
        0x00, 0x00, 0x00, 0x00, 0x00, 0x00, 0x00, 0x00, 0x00, 0x00, 0x00, 0x00,
        0x00, 0x00, 0x00, 0x00, 0x00, 0x00, 0x00, 0x00, 0x00, 0x00, 0x00, 0x00,
        0x00, 0x00, 0x00, 0x00, 0x00, 0x00, 0x00, 0x00, 0x00, 0x00, 0x00, 0x00,
        0x00, 0x00, 0x00, 0x00, 0x00, 0x00, 0x00, 0x00, 0x00, 0x00, 0x00, 0x00,
        0x00, 0x00, 0x00, 0x00, 0x00, 0x00, 0x00, 0x00, 0x00, 0x00, 0x00, 0x00,
        0x00, 0x00, 0x00, 0x00, 0x00, 0x00, 0x00, 0x00, 0x00, 0x00, 0x00, 0x00,
        0x00, 0x00, 0x00, 0x00, 0x00, 0x00, 0x00, 0x00, 0x00, 0x00, 0x00, 0x00,
        0x00, 0x00, 0x00, 0x00, 0x00, 0x00, 0x00, 0x00, 0x00, 0x00, 0x00, 0x00,
        0x00, 0x00, 0x00, 0x00, 0x00, 0x00, 0x00, 0x00, 0x00, 0x00, 0x00, 0x00,
        0x00, 0x00, 0x00, 0x00, 0x00, 0x00, 0x00, 0x00, 0x00, 0x00, 0x00, 0x00,
        0x00, 0x00, 0x00, 0x00, 0x00, 0x00, 0x00, 0x00, 0x00, 0x00, 0x00, 0x00,
        0x00, 0x00, 0x00, 0x00, 0x00, 0x00, 0x00, 0x00, 0xff, 0xff, 0x00, 0x00,
        0x5c, 0xf7, 0xd9, 0xee, 0xf5, 0xed, 0xf5, 0xed, 0xf5, 0xed, 0xf5, 0xed,
        0xf5, 0xed, 0x97, 0xee, 0xd8, 0xf6, 0xf9, 0xee, 0xd9, 0xee, 0xf9, 0xf6,
        0xf9, 0xf6, 0x1a, 0xf7, 0x1b, 0xf7, 0x1a, 0xf7, 0xf9, 0xf6, 0xd8, 0xee,
        0xb8, 0xf6, 0xd8, 0xee, 0x98, 0xe6, 0x54, 0xee, 0x13, 0xee, 0x14, 0xee,
        0x33, 0xf6, 0x95, 0xf6, 0x13, 0xee, 0x33, 0xf6, 0xf8, 0xfe, 0x9d, 0xff,
        0xd8, 0xf6, 0x14, 0xee, 0xcc, 0xcc, 0x29, 0xc4, 0x50, 0xd5, 0x36, 0xe6,
        0x96, 0xee, 0xb7, 0xf6, 0xd9, 0xee, 0xfa, 0xee, 0x1b, 0xf7, 0x5c, 0xf7,
        0xfa, 0xee, 0x77, 0xe6, 0x16, 0xd6, 0x77, 0xe6, 0x1b, 0xf7, 0xfa, 0xee,
        0x1b, 0xf7, 0x5c, 0xf7, 0x1b, 0xf7, 0xfa, 0xee, 0xfa, 0xee, 0xfa, 0xee,
        0xfa, 0xee, 0x16, 0xd6, 0x76, 0xee, 0xfa, 0xee, 0x5c, 0xf7, 0xbf, 0xff,
        0x5c, 0xf7, 0xff, 0xff, 0x00, 0x00, 0x00, 0x00, 0x00, 0x00, 0xff, 0xff,
        0x00, 0x00, 0x00, 0x00, 0x00, 0x00, 0x00, 0x00, 0x00, 0x00, 0x00, 0x00,
        0x00, 0x00, 0x00, 0x00, 0x00, 0x00, 0x00, 0x00, 0x00, 0x00, 0x00, 0x00,
        0x00, 0x00, 0x00, 0x00, 0x00, 0x00, 0x00, 0x00, 0x00, 0x00, 0x00, 0x00,
        0x00, 0x00, 0x00, 0x00, 0x00, 0x00, 0x00, 0x00, 0x00, 0x00, 0x00, 0x00,
        0x00, 0x00, 0x00, 0x00, 0x00, 0x00, 0x00, 0x00, 0x00, 0x00, 0x00, 0x00,
        0x00, 0x00, 0x00, 0x00, 0x00, 0x00, 0x00, 0x00, 0x00, 0x00, 0x00, 0x00,
        0x00, 0x00, 0x00, 0x00, 0x00, 0x00, 0x00, 0x00, 0x00, 0x00, 0x00, 0x00,
        0x00, 0x00, 0x00, 0x00, 0x00, 0x00, 0x00, 0x00, 0x00, 0x00, 0xff, 0xff,
        0xff, 0xff, 0x00, 0x00, 0x00, 0x00, 0xff, 0xff, 0x7d, 0xf7, 0x37, 0xde,
        0x4f, 0xa4, 0xb0, 0xb4, 0x53, 0xc5, 0xb4, 0xcd, 0x7e, 0xf7, 0x00, 0x00,
        0xff, 0xff, 0x00, 0x00, 0x00, 0x00, 0x00, 0x00, 0x00, 0x00, 0x00, 0x00,
        0x00, 0x00, 0x00, 0x00, 0x00, 0x00, 0x00, 0x00, 0x00, 0x00, 0x00, 0x00,
        0x00, 0x00, 0x00, 0x00, 0x00, 0x00, 0x00, 0x00, 0x00, 0x00, 0x00, 0x00,
        0x00, 0x00, 0x00, 0x00, 0x00, 0x00, 0x00, 0x00, 0x00, 0x00, 0x00, 0x00,
        0x00, 0x00, 0x00, 0x00, 0x00, 0x00, 0x00, 0x00, 0x00, 0x00, 0x00, 0x00,
        0x00, 0x00, 0x00, 0x00, 0x00, 0x00, 0x00, 0x00, 0x00, 0x00, 0x00, 0x00,
        0x00, 0x00, 0x00, 0x00, 0x00, 0x00, 0x00, 0x00, 0x00, 0x00, 0x00, 0x00,
        0x00, 0x00, 0x00, 0x00, 0x00, 0x00, 0x00, 0x00, 0x00, 0x00, 0x00, 0x00,
        0x00, 0x00, 0x00, 0x00, 0x00, 0x00, 0x00, 0x00, 0x00, 0x00, 0x00, 0x00,
        0x00, 0x00, 0x00, 0x00, 0x00, 0x00, 0x00, 0x00, 0x00, 0x00, 0x00, 0x00,
        0x00, 0x00, 0x00, 0x00, 0x00, 0x00, 0x00, 0x00, 0x00, 0x00, 0x00, 0x00,
        0x00, 0x00, 0x00, 0x00, 0x00, 0x00, 0x00, 0x00, 0x00, 0x00, 0x00, 0x00,
        0x00, 0x00, 0x00, 0x00, 0x00, 0x00, 0x00, 0x00, 0x00, 0x00, 0x00, 0x00,
        0x00, 0x00, 0x00, 0x00, 0x00, 0x00, 0x00, 0x00, 0x00, 0x00, 0x00, 0x00,
        0x00, 0x00, 0x00, 0x00, 0x00, 0x00, 0x00, 0x00, 0x00, 0x00, 0x00, 0x00,
        0x00, 0x00, 0x00, 0x00, 0x00, 0x00, 0x00, 0x00, 0x00, 0x00, 0x00, 0x00,
        0x00, 0x00, 0x00, 0x00, 0x00, 0x00, 0x00, 0x00, 0x00, 0x00, 0x00, 0x00,
        0x00, 0x00, 0x00, 0x00, 0x00, 0x00, 0x00, 0x00, 0x00, 0x00, 0x00, 0x00,
        0x00, 0x00, 0x00, 0x00, 0x00, 0x00, 0x00, 0x00, 0xff, 0xff, 0x00, 0x00,
        0x1b, 0xf7, 0xd8, 0xee, 0xf5, 0xed, 0xf5, 0xed, 0xf5, 0xed, 0xf5, 0xed,
        0xf5, 0xed, 0x4f, 0xdd, 0xd1, 0xe5, 0xd8, 0xf6, 0x1a, 0xf7, 0x1a, 0xf7,
        0x3a, 0xf7, 0x3a, 0xf7, 0x1a, 0xf7, 0x1a, 0xf7, 0xf9, 0xf6, 0xd9, 0xee,
        0xd9, 0xee, 0x96, 0xee, 0xb9, 0xee, 0x55, 0xee, 0xf3, 0xed, 0x14, 0xee,
        0xf2, 0xed, 0x13, 0xee, 0x75, 0xf6, 0x33, 0xf6, 0x75, 0xf6, 0x5b, 0xff,
        0x7c, 0xff, 0x13, 0xee, 0x4f, 0xdd, 0x29, 0xc4, 0x8c, 0xcc, 0x4f, 0xdd,
        0x13, 0xee, 0x54, 0xee, 0x75, 0xf6, 0xd8, 0xf6, 0xd8, 0xf6, 0xb7, 0xf6,
        0x95, 0xf6, 0x14, 0xee, 0xd2, 0xe5, 0x76, 0xee, 0x97, 0xee, 0xd8, 0xee,
        0xb8, 0xf6, 0xd8, 0xee, 0xd8, 0xee, 0x55, 0xee, 0x55, 0xee, 0x54, 0xee,
        0xf5, 0xed, 0x91, 0xd5, 0x50, 0xd5, 0x14, 0xde, 0x36, 0xe6, 0x16, 0xd6,
        0x36, 0xe6, 0x1b, 0xf7, 0x7d, 0xf7, 0xbf, 0xff, 0xbf, 0xff, 0x00, 0x00,
        0x00, 0x00, 0xff, 0xff, 0xff, 0xff, 0xff, 0xff, 0xff, 0xff, 0x00, 0x00,
        0x00, 0x00, 0x00, 0x00, 0x00, 0x00, 0x00, 0x00, 0x00, 0x00, 0x00, 0x00,
        0x00, 0x00, 0x00, 0x00, 0x00, 0x00, 0x00, 0x00, 0x00, 0x00, 0x00, 0x00,
        0x00, 0x00, 0x00, 0x00, 0x00, 0x00, 0x00, 0x00, 0x00, 0x00, 0x00, 0x00,
        0x00, 0x00, 0x00, 0x00, 0x00, 0x00, 0x00, 0x00, 0x00, 0x00, 0x00, 0x00,
        0x00, 0x00, 0x00, 0x00, 0x00, 0x00, 0x00, 0x00, 0x00, 0x00, 0x00, 0x00,
        0x00, 0x00, 0x00, 0x00, 0x00, 0x00, 0x00, 0x00, 0x00, 0x00, 0x00, 0x00,
        0x00, 0x00, 0x00, 0x00, 0x00, 0x00, 0xff, 0xff, 0xff, 0xff, 0x00, 0x00,
        0x00, 0x00, 0xff, 0xff, 0x95, 0xbd, 0x11, 0xc5, 0xb0, 0xb4, 0x8e, 0xb4,
        0x8e, 0xb4, 0xec, 0xa3, 0xcb, 0x9b, 0x32, 0xc5, 0x7d, 0xf7, 0x00, 0x00,
        0xff, 0xff, 0x00, 0x00, 0x00, 0x00, 0x00, 0x00, 0x00, 0x00, 0x00, 0x00,
        0x00, 0x00, 0x00, 0x00, 0x00, 0x00, 0x00, 0x00, 0x00, 0x00, 0x00, 0x00,
        0x00, 0x00, 0x00, 0x00, 0x00, 0x00, 0x00, 0x00, 0x00, 0x00, 0x00, 0x00,
        0x00, 0x00, 0x00, 0x00, 0x00, 0x00, 0x00, 0x00, 0x00, 0x00, 0x00, 0x00,
        0x00, 0x00, 0x00, 0x00, 0x00, 0x00, 0x00, 0x00, 0x00, 0x00, 0x00, 0x00,
        0x00, 0x00, 0x00, 0x00, 0x00, 0x00, 0x00, 0x00, 0x00, 0x00, 0x00, 0x00,
        0x00, 0x00, 0x00, 0x00, 0x00, 0x00, 0x00, 0x00, 0x00, 0x00, 0x00, 0x00,
        0x00, 0x00, 0x00, 0x00, 0x00, 0x00, 0x00, 0x00, 0x00, 0x00, 0x00, 0x00,
        0x00, 0x00, 0x00, 0x00, 0x00, 0x00, 0x00, 0x00, 0x00, 0x00, 0x00, 0x00,
        0x00, 0x00, 0x00, 0x00, 0x00, 0x00, 0x00, 0x00, 0x00, 0x00, 0x00, 0x00,
        0x00, 0x00, 0x00, 0x00, 0x00, 0x00, 0x00, 0x00, 0x00, 0x00, 0x00, 0x00,
        0x00, 0x00, 0x00, 0x00, 0x00, 0x00, 0x00, 0x00, 0x00, 0x00, 0x00, 0x00,
        0x00, 0x00, 0x00, 0x00, 0x00, 0x00, 0x00, 0x00, 0x00, 0x00, 0x00, 0x00,
        0x00, 0x00, 0x00, 0x00, 0x00, 0x00, 0x00, 0x00, 0x00, 0x00, 0x00, 0x00,
        0x00, 0x00, 0x00, 0x00, 0x00, 0x00, 0x00, 0x00, 0x00, 0x00, 0x00, 0x00,
        0x00, 0x00, 0x00, 0x00, 0x00, 0x00, 0x00, 0x00, 0x00, 0x00, 0x00, 0x00,
        0x00, 0x00, 0x00, 0x00, 0x00, 0x00, 0x00, 0x00, 0x00, 0x00, 0x00, 0x00,
        0x00, 0x00, 0x00, 0x00, 0x00, 0x00, 0x00, 0x00, 0x00, 0x00, 0x00, 0x00,
        0x00, 0x00, 0x00, 0x00, 0x00, 0x00, 0x00, 0x00, 0xff, 0xff, 0xff, 0xff,
        0x77, 0xe6, 0xb7, 0xf6, 0xf5, 0xed, 0xd3, 0xdd, 0xf5, 0xed, 0x76, 0xee,
        0x97, 0xee, 0x76, 0xee, 0xf5, 0xed, 0xf5, 0xed, 0x97, 0xee, 0xf9, 0xf6,
        0xf9, 0xf6, 0xd8, 0xf6, 0xf9, 0xee, 0xf9, 0xf6, 0xd8, 0xee, 0xb8, 0xf6,
        0xd8, 0xee, 0x96, 0xf6, 0x76, 0xee, 0x36, 0xe6, 0x14, 0xee, 0x14, 0xee,
        0x14, 0xee, 0xf2, 0xed, 0x33, 0xf6, 0x95, 0xf6, 0x95, 0xf6, 0xd8, 0xf6,
        0x9d, 0xff, 0x75, 0xf6, 0x8f, 0xe5, 0xec, 0xdc, 0xec, 0xdc, 0xd1, 0xed,
        0x33, 0xf6, 0x75, 0xf6, 0x75, 0xf6, 0x76, 0xee, 0x96, 0xf6, 0x14, 0xee,
        0xd2, 0xe5, 0x50, 0xd5, 0xf3, 0xe5, 0x55, 0xee, 0x34, 0xe6, 0x54, 0xee,
        0xf3, 0xe5, 0xd3, 0xdd, 0xd2, 0xe5, 0xb2, 0xdd, 0x35, 0xe6, 0xd2, 0xe5,
        0x91, 0xd5, 0x2f, 0xd5, 0x70, 0xd5, 0x91, 0xd5, 0x91, 0xd5, 0xd3, 0xdd,
        0x14, 0xe6, 0x57, 0xde, 0xfa, 0xee, 0xd9, 0xee, 0xd9, 0xee, 0x1b, 0xf7,
        0x00, 0x00, 0x00, 0x00, 0x00, 0x00, 0x00, 0x00, 0x00, 0x00, 0x00, 0x00,
        0x00, 0x00, 0x00, 0x00, 0x00, 0x00, 0x00, 0x00, 0x00, 0x00, 0x00, 0x00,
        0x00, 0x00, 0x00, 0x00, 0x00, 0x00, 0x00, 0x00, 0x00, 0x00, 0x00, 0x00,
        0x00, 0x00, 0x00, 0x00, 0x00, 0x00, 0x00, 0x00, 0x00, 0x00, 0x00, 0x00,
        0x00, 0x00, 0x00, 0x00, 0x00, 0x00, 0x00, 0x00, 0x00, 0x00, 0x00, 0x00,
        0x00, 0x00, 0x00, 0x00, 0x00, 0x00, 0x00, 0x00, 0x00, 0x00, 0x00, 0x00,
        0x00, 0x00, 0x00, 0x00, 0x00, 0x00, 0x00, 0x00, 0x00, 0x00, 0x00, 0x00,
        0xff, 0xff, 0xff, 0xff, 0xff, 0xff, 0x00, 0x00, 0x00, 0x00, 0xbf, 0xff,
        0x1b, 0xf7, 0x11, 0xc5, 0x71, 0xd5, 0x14, 0xde, 0xf4, 0xdd, 0xb2, 0xd5,
        0x30, 0xcd, 0x50, 0xcd, 0xd3, 0xdd, 0xf4, 0xdd, 0x7d, 0xf7, 0x00, 0x00,
        0xff, 0xff, 0x00, 0x00, 0x00, 0x00, 0x00, 0x00, 0x00, 0x00, 0x00, 0x00,
        0x00, 0x00, 0x00, 0x00, 0x00, 0x00, 0x00, 0x00, 0x00, 0x00, 0x00, 0x00,
        0x00, 0x00, 0x00, 0x00, 0x00, 0x00, 0x00, 0x00, 0x00, 0x00, 0x00, 0x00,
        0x00, 0x00, 0x00, 0x00, 0x00, 0x00, 0x00, 0x00, 0x00, 0x00, 0x00, 0x00,
        0x00, 0x00, 0x00, 0x00, 0x00, 0x00, 0x00, 0x00, 0x00, 0x00, 0x00, 0x00,
        0x00, 0x00, 0x00, 0x00, 0x00, 0x00, 0x00, 0x00, 0x00, 0x00, 0x00, 0x00,
        0x00, 0x00, 0x00, 0x00, 0x00, 0x00, 0x00, 0x00, 0x00, 0x00, 0x00, 0x00,
        0x00, 0x00, 0x00, 0x00, 0x00, 0x00, 0x00, 0x00, 0x00, 0x00, 0x00, 0x00,
        0x00, 0x00, 0x00, 0x00, 0x00, 0x00, 0x00, 0x00, 0x00, 0x00, 0x00, 0x00,
        0x00, 0x00, 0x00, 0x00, 0x00, 0x00, 0x00, 0x00, 0x00, 0x00, 0x00, 0x00,
        0x00, 0x00, 0x00, 0x00, 0x00, 0x00, 0x00, 0x00, 0x00, 0x00, 0x00, 0x00,
        0x00, 0x00, 0x00, 0x00, 0x00, 0x00, 0x00, 0x00, 0x00, 0x00, 0x00, 0x00,
        0x00, 0x00, 0x00, 0x00, 0x00, 0x00, 0x00, 0x00, 0x00, 0x00, 0x00, 0x00,
        0x00, 0x00, 0x00, 0x00, 0x00, 0x00, 0x00, 0x00, 0x00, 0x00, 0x00, 0x00,
        0x00, 0x00, 0x00, 0x00, 0x00, 0x00, 0x00, 0x00, 0x00, 0x00, 0x00, 0x00,
        0x00, 0x00, 0x00, 0x00, 0x00, 0x00, 0x00, 0x00, 0x00, 0x00, 0x00, 0x00,
        0x00, 0x00, 0x00, 0x00, 0x00, 0x00, 0x00, 0x00, 0x00, 0x00, 0x00, 0x00,
        0x00, 0x00, 0x00, 0x00, 0x00, 0x00, 0x00, 0x00, 0x00, 0x00, 0x00, 0x00,
        0x00, 0x00, 0x00, 0x00, 0x00, 0x00, 0xff, 0xff, 0x00, 0x00, 0xbf, 0xff,
        0xb9, 0xee, 0xb8, 0xf6, 0xf5, 0xed, 0x72, 0xdd, 0xd3, 0xdd, 0x97, 0xee,
        0x97, 0xee, 0x76, 0xee, 0x76, 0xee, 0xd9, 0xee, 0xf5, 0xed, 0xf5, 0xed,
        0xb8, 0xf6, 0xf9, 0xf6, 0xb8, 0xf6, 0xd8, 0xf6, 0xd8, 0xf6, 0xd8, 0xee,
        0x76, 0xee, 0x96, 0xf6, 0x76, 0xee, 0x76, 0xee, 0x14, 0xee, 0x54, 0xee,
        0x95, 0xf6, 0x13, 0xee, 0x54, 0xee, 0x75, 0xf6, 0xd8, 0xf6, 0xf8, 0xfe,
        0x7c, 0xff, 0x96, 0xf6, 0x4e, 0xe5, 0xec, 0xdc, 0x4e, 0xe5, 0xd1, 0xed,
        0x33, 0xf6, 0x33, 0xf6, 0x95, 0xf6, 0x33, 0xf6, 0xf2, 0xed, 0x70, 0xdd,
        0x70, 0xdd, 0x2e, 0xd5, 0x14, 0xe6, 0x55, 0xee, 0x34, 0xe6, 0xd1, 0xe5,
        0x70, 0xdd, 0xee, 0xcc, 0x4f, 0xd5, 0xd2, 0xe5, 0x14, 0xe6, 0xd2, 0xe5,
        0xd2, 0xe5, 0xb2, 0xdd, 0x91, 0xd5, 0x50, 0xd5, 0x50, 0xd5, 0xb2, 0xdd,
        0x72, 0xdd, 0xb2, 0xd5, 0xb2, 0xdd, 0x76, 0xee, 0xf5, 0xed, 0x56, 0xe6,
        0x1b, 0xf7, 0xff, 0xff, 0xff, 0xff, 0x5c, 0xf7, 0xff, 0xff, 0x00, 0x00,
        0xff, 0xff, 0x00, 0x00, 0x00, 0x00, 0x00, 0x00, 0x00, 0x00, 0x00, 0x00,
        0x00, 0x00, 0x00, 0x00, 0x00, 0x00, 0x00, 0x00, 0x00, 0x00, 0x00, 0x00,
        0x00, 0x00, 0x00, 0x00, 0x00, 0x00, 0x00, 0x00, 0x00, 0x00, 0x00, 0x00,
        0x00, 0x00, 0x00, 0x00, 0x00, 0x00, 0x00, 0x00, 0x00, 0x00, 0x00, 0x00,
        0x00, 0x00, 0x00, 0x00, 0x00, 0x00, 0x00, 0x00, 0x00, 0x00, 0x00, 0x00,
        0x00, 0x00, 0x00, 0x00, 0xff, 0xff, 0xff, 0xff, 0xff, 0xff, 0xff, 0xff,
        0x00, 0x00, 0x00, 0x00, 0xff, 0xff, 0x7d, 0xf7, 0x37, 0xde, 0x57, 0xde,
        0x76, 0xee, 0x54, 0xee, 0xd8, 0xf6, 0x76, 0xee, 0x50, 0xcd, 0x0f, 0xcd,
        0x50, 0xcd, 0xf4, 0xdd, 0xfa, 0xf6, 0x1b, 0xf7, 0x00, 0x00, 0xff, 0xff,
        0x00, 0x00, 0x00, 0x00, 0x00, 0x00, 0x00, 0x00, 0x00, 0x00, 0x00, 0x00,
        0x00, 0x00, 0x00, 0x00, 0x00, 0x00, 0x00, 0x00, 0x00, 0x00, 0x00, 0x00,
        0x00, 0x00, 0x00, 0x00, 0x00, 0x00, 0x00, 0x00, 0x00, 0x00, 0x00, 0x00,
        0x00, 0x00, 0x00, 0x00, 0x00, 0x00, 0x00, 0x00, 0x00, 0x00, 0x00, 0x00,
        0x00, 0x00, 0x00, 0x00, 0x00, 0x00, 0x00, 0x00, 0x00, 0x00, 0x00, 0x00,
        0x00, 0x00, 0x00, 0x00, 0x00, 0x00, 0x00, 0x00, 0x00, 0x00, 0x00, 0x00,
        0x00, 0x00, 0x00, 0x00, 0x00, 0x00, 0x00, 0x00, 0x00, 0x00, 0x00, 0x00,
        0x00, 0x00, 0x00, 0x00, 0x00, 0x00, 0x00, 0x00, 0x00, 0x00, 0x00, 0x00,
        0x00, 0x00, 0x00, 0x00, 0x00, 0x00, 0x00, 0x00, 0x00, 0x00, 0x00, 0x00,
        0x00, 0x00, 0x00, 0x00, 0x00, 0x00, 0x00, 0x00, 0x00, 0x00, 0x00, 0x00,
        0x00, 0x00, 0x00, 0x00, 0x00, 0x00, 0x00, 0x00, 0x00, 0x00, 0x00, 0x00,
        0x00, 0x00, 0x00, 0x00, 0x00, 0x00, 0x00, 0x00, 0x00, 0x00, 0x00, 0x00,
        0x00, 0x00, 0x00, 0x00, 0x00, 0x00, 0x00, 0x00, 0x00, 0x00, 0x00, 0x00,
        0x00, 0x00, 0x00, 0x00, 0x00, 0x00, 0x00, 0x00, 0x00, 0x00, 0x00, 0x00,
        0x00, 0x00, 0x00, 0x00, 0x00, 0x00, 0x00, 0x00, 0x00, 0x00, 0x00, 0x00,
        0x00, 0x00, 0x00, 0x00, 0x00, 0x00, 0x00, 0x00, 0x00, 0x00, 0x00, 0x00,
        0x00, 0x00, 0x00, 0x00, 0x00, 0x00, 0x00, 0x00, 0x00, 0x00, 0x00, 0x00,
        0x00, 0x00, 0x00, 0x00, 0x00, 0x00, 0x00, 0x00, 0x00, 0x00, 0x00, 0x00,
        0x00, 0x00, 0x00, 0x00, 0x00, 0x00, 0xff, 0xff, 0x00, 0x00, 0x5c, 0xf7,
        0x76, 0xee, 0x76, 0xee, 0xf3, 0xed, 0x10, 0xdd, 0x10, 0xdd, 0xf5, 0xed,
        0x76, 0xee, 0x76, 0xee, 0xf5, 0xed, 0x76, 0xee, 0xb8, 0xf6, 0x97, 0xee,
        0xf5, 0xed, 0x97, 0xee, 0xb8, 0xf6, 0xb8, 0xee, 0xb8, 0xf6, 0xd8, 0xee,
        0x76, 0xee, 0x76, 0xee, 0x76, 0xee, 0x76, 0xee, 0xf3, 0xed, 0xf2, 0xed,
        0x96, 0xf6, 0x96, 0xf6, 0x75, 0xf6, 0x95, 0xf6, 0xf8, 0xfe, 0x39, 0xff,
        0x7c, 0xff, 0xf9, 0xf6, 0x4f, 0xdd, 0xab, 0xd4, 0xec, 0xdc, 0x13, 0xee,
        0x13, 0xee, 0x33, 0xf6, 0x75, 0xf6, 0x90, 0xe5, 0x4f, 0xdd, 0x0d, 0xd5,
        0x8c, 0xcc, 0x70, 0xdd, 0x55, 0xee, 0x76, 0xee, 0xd2, 0xe5, 0x91, 0xdd,
        0xcc, 0xcc, 0xee, 0xcc, 0x50, 0xd5, 0xd2, 0xe5, 0x14, 0xe6, 0x91, 0xdd,
        0xb2, 0xdd, 0x50, 0xd5, 0x91, 0xd5, 0x50, 0xd5, 0x91, 0xd5, 0x70, 0xd5,
        0xce, 0xc4, 0xb2, 0xdd, 0xd2, 0xe5, 0x14, 0xe6, 0x91, 0xd5, 0x91, 0xd5,
        0xd4, 0xdd, 0xfa, 0xee, 0x77, 0xe6, 0x76, 0xee, 0x5c, 0xf7, 0x00, 0x00,
        0x00, 0x00, 0x00, 0x00, 0x00, 0x00, 0x00, 0x00, 0x00, 0x00, 0x00, 0x00,
        0x00, 0x00, 0x00, 0x00, 0x00, 0x00, 0x00, 0x00, 0x00, 0x00, 0x00, 0x00,
        0x00, 0x00, 0x00, 0x00, 0x00, 0x00, 0x00, 0x00, 0x00, 0x00, 0x00, 0x00,
        0x00, 0x00, 0x00, 0x00, 0x00, 0x00, 0x00, 0x00, 0x00, 0x00, 0x00, 0x00,
        0x00, 0x00, 0x00, 0x00, 0x00, 0x00, 0x00, 0x00, 0xff, 0xff, 0xff, 0xff,
        0xff, 0xff, 0xff, 0xff, 0x00, 0x00, 0x00, 0x00, 0x00, 0x00, 0x00, 0x00,
        0x7d, 0xf7, 0x1b, 0xf7, 0xfa, 0xee, 0x16, 0xd6, 0xd8, 0xee, 0xf8, 0xfe,
        0x96, 0xf6, 0x76, 0xee, 0xd3, 0xdd, 0x71, 0xd5, 0x92, 0xd5, 0xb2, 0xd5,
        0x36, 0xe6, 0xb9, 0xee, 0xb9, 0xee, 0x5c, 0xf7, 0x00, 0x00, 0xff, 0xff,
        0x00, 0x00, 0x00, 0x00, 0x00, 0x00, 0x00, 0x00, 0x00, 0x00, 0x00, 0x00,
        0x00, 0x00, 0x00, 0x00, 0x00, 0x00, 0x00, 0x00, 0x00, 0x00, 0x00, 0x00,
        0x00, 0x00, 0x00, 0x00, 0x00, 0x00, 0x00, 0x00, 0x00, 0x00, 0x00, 0x00,
        0x00, 0x00, 0x00, 0x00, 0x00, 0x00, 0x00, 0x00, 0x00, 0x00, 0x00, 0x00,
        0x00, 0x00, 0x00, 0x00, 0x00, 0x00, 0x00, 0x00, 0x00, 0x00, 0x00, 0x00,
        0x00, 0x00, 0x00, 0x00, 0x00, 0x00, 0x00, 0x00, 0x00, 0x00, 0x00, 0x00,
        0x00, 0x00, 0x00, 0x00, 0x00, 0x00, 0x00, 0x00, 0x00, 0x00, 0x00, 0x00,
        0x00, 0x00, 0x00, 0x00, 0x00, 0x00, 0x00, 0x00, 0x00, 0x00, 0x00, 0x00,
        0x00, 0x00, 0x00, 0x00, 0x00, 0x00, 0x00, 0x00, 0x00, 0x00, 0x00, 0x00,
        0x00, 0x00, 0x00, 0x00, 0x00, 0x00, 0x00, 0x00, 0x00, 0x00, 0x00, 0x00,
        0x00, 0x00, 0x00, 0x00, 0x00, 0x00, 0x00, 0x00, 0x00, 0x00, 0x00, 0x00,
        0x00, 0x00, 0x00, 0x00, 0x00, 0x00, 0x00, 0x00, 0x00, 0x00, 0x00, 0x00,
        0x00, 0x00, 0x00, 0x00, 0x00, 0x00, 0x00, 0x00, 0x00, 0x00, 0x00, 0x00,
        0x00, 0x00, 0x00, 0x00, 0x00, 0x00, 0x00, 0x00, 0x00, 0x00, 0x00, 0x00,
        0x00, 0x00, 0x00, 0x00, 0x00, 0x00, 0x00, 0x00, 0x00, 0x00, 0x00, 0x00,
        0x00, 0x00, 0x00, 0x00, 0x00, 0x00, 0x00, 0x00, 0x00, 0x00, 0x00, 0x00,
        0x00, 0x00, 0x00, 0x00, 0x00, 0x00, 0x00, 0x00, 0x00, 0x00, 0x00, 0x00,
        0x00, 0x00, 0x00, 0x00, 0x00, 0x00, 0x00, 0x00, 0x00, 0x00, 0x00, 0x00,
        0x00, 0x00, 0x00, 0x00, 0x00, 0x00, 0xff, 0xff, 0x00, 0x00, 0x5c, 0xf7,
        0xb8, 0xf6, 0xf5, 0xed, 0xf3, 0xed, 0x10, 0xdd, 0x10, 0xdd, 0x72, 0xdd,
        0x76, 0xee, 0x76, 0xee, 0xf5, 0xed, 0xf5, 0xed, 0x97, 0xee, 0xd8, 0xf6,
        0xd8, 0xf6, 0x97, 0xee, 0xb8, 0xf6, 0xd8, 0xf6, 0x97, 0xee, 0x97, 0xee,
        0x97, 0xee, 0x96, 0xee, 0x76, 0xee, 0x35, 0xe6, 0x36, 0xe6, 0x14, 0xee,
        0x54, 0xee, 0xb7, 0xf6, 0x95, 0xf6, 0xf8, 0xfe, 0xb7, 0xf6, 0xf8, 0xfe,
        0x39, 0xff, 0xf8, 0xfe, 0xd1, 0xe5, 0x70, 0xdd, 0xf2, 0xed, 0x75, 0xf6,
        0x13, 0xee, 0xd1, 0xed, 0x90, 0xe5, 0x0d, 0xd5, 0x8c, 0xcc, 0x09, 0xb4,
        0xc9, 0xbb, 0x4f, 0xd5, 0x55, 0xee, 0x14, 0xee, 0x91, 0xdd, 0x50, 0xd5,
        0x4b, 0xbc, 0xaf, 0xcc, 0x4f, 0xd5, 0xb2, 0xdd, 0x91, 0xd5, 0x2f, 0xd5,
        0x50, 0xd5, 0x50, 0xd5, 0xd3, 0xdd, 0x50, 0xd5, 0x50, 0xd5, 0x70, 0xd5,
        0x50, 0xd5, 0xb2, 0xdd, 0x91, 0xdd, 0xd2, 0xe5, 0x2f, 0xd5, 0x0f, 0xcd,
        0x70, 0xd5, 0x35, 0xe6, 0x14, 0xe6, 0xd3, 0xdd, 0x36, 0xe6, 0xfa, 0xee,
        0x1b, 0xf7, 0x00, 0x00, 0xff, 0xff, 0xff, 0xff, 0xff, 0xff, 0xff, 0xff,
        0xff, 0xff, 0xff, 0xff, 0xff, 0xff, 0xff, 0xff, 0xff, 0xff, 0x00, 0x00,
        0x00, 0x00, 0x00, 0x00, 0x00, 0x00, 0x00, 0x00, 0x00, 0x00, 0x00, 0x00,
        0x00, 0x00, 0x00, 0x00, 0x00, 0x00, 0x00, 0x00, 0x00, 0x00, 0x00, 0x00,
        0x00, 0x00, 0xff, 0xff, 0xff, 0xff, 0xff, 0xff, 0x00, 0x00, 0x00, 0x00,
        0x00, 0x00, 0x00, 0x00, 0x00, 0x00, 0xbf, 0xff, 0x1b, 0xf7, 0xd6, 0xcd,
        0xf4, 0xdd, 0xf8, 0xfe, 0x1a, 0xf7, 0xfa, 0xf6, 0x14, 0xee, 0xd2, 0xe5,
        0x14, 0xe6, 0x15, 0xe6, 0x15, 0xe6, 0x15, 0xe6, 0x15, 0xe6, 0x36, 0xe6,
        0x36, 0xe6, 0xb9, 0xee, 0x1b, 0xf7, 0x00, 0x00, 0x00, 0x00, 0x00, 0x00,
        0x00, 0x00, 0x00, 0x00, 0x00, 0x00, 0x00, 0x00, 0x00, 0x00, 0x00, 0x00,
        0x00, 0x00, 0x00, 0x00, 0x00, 0x00, 0x00, 0x00, 0x00, 0x00, 0x00, 0x00,
        0x00, 0x00, 0x00, 0x00, 0x00, 0x00, 0x00, 0x00, 0x00, 0x00, 0x00, 0x00,
        0x00, 0x00, 0x00, 0x00, 0x00, 0x00, 0x00, 0x00, 0x00, 0x00, 0x00, 0x00,
        0x00, 0x00, 0x00, 0x00, 0x00, 0x00, 0x00, 0x00, 0x00, 0x00, 0x00, 0x00,
        0x00, 0x00, 0x00, 0x00, 0x00, 0x00, 0x00, 0x00, 0x00, 0x00, 0x00, 0x00,
        0x00, 0x00, 0x00, 0x00, 0x00, 0x00, 0x00, 0x00, 0x00, 0x00, 0x00, 0x00,
        0x00, 0x00, 0x00, 0x00, 0x00, 0x00, 0x00, 0x00, 0x00, 0x00, 0x00, 0x00,
        0x00, 0x00, 0x00, 0x00, 0x00, 0x00, 0x00, 0x00, 0x00, 0x00, 0x00, 0x00,
        0x00, 0x00, 0x00, 0x00, 0x00, 0x00, 0x00, 0x00, 0x00, 0x00, 0x00, 0x00,
        0x00, 0x00, 0x00, 0x00, 0x00, 0x00, 0x00, 0x00, 0x00, 0x00, 0x00, 0x00,
        0x00, 0x00, 0x00, 0x00, 0x00, 0x00, 0x00, 0x00, 0x00, 0x00, 0x00, 0x00,
        0x00, 0x00, 0x00, 0x00, 0x00, 0x00, 0x00, 0x00, 0x00, 0x00, 0x00, 0x00,
        0x00, 0x00, 0x00, 0x00, 0x00, 0x00, 0x00, 0x00, 0x00, 0x00, 0x00, 0x00,
        0x00, 0x00, 0x00, 0x00, 0x00, 0x00, 0x00, 0x00, 0x00, 0x00, 0x00, 0x00,
        0x00, 0x00, 0x00, 0x00, 0x00, 0x00, 0x00, 0x00, 0x00, 0x00, 0x00, 0x00,
        0x00, 0x00, 0x00, 0x00, 0x00, 0x00, 0x00, 0x00, 0x00, 0x00, 0x00, 0x00,
        0x00, 0x00, 0x00, 0x00, 0x00, 0x00, 0x00, 0x00, 0x00, 0x00, 0x00, 0x00,
        0x00, 0x00, 0x00, 0x00, 0x00, 0x00, 0xff, 0xff, 0x00, 0x00, 0x1b, 0xf7,
        0xb8, 0xf6, 0xf5, 0xed, 0xf5, 0xed, 0x72, 0xdd, 0x10, 0xdd, 0x72, 0xdd,
        0x76, 0xee, 0x97, 0xee, 0x76, 0xee, 0xf3, 0xed, 0xf3, 0xed, 0xf5, 0xed,
        0x97, 0xee, 0xb8, 0xf6, 0x96, 0xee, 0xb7, 0xf6, 0xb8, 0xf6, 0x97, 0xee,
        0x97, 0xee, 0x76, 0xee, 0x76, 0xee, 0x76, 0xee, 0x76, 0xee, 0x54, 0xee,
        0x75, 0xf6, 0x95, 0xf6, 0x95, 0xf6, 0xd8, 0xf6, 0xb7, 0xf6, 0x75, 0xf6,
        0xf8, 0xfe, 0xf8, 0xfe, 0x95, 0xf6, 0x33, 0xf6, 0x75, 0xf6, 0x13, 0xee,
        0xf2, 0xed, 0x4e, 0xe5, 0x70, 0xdd, 0x4f, 0xd5, 0xa9, 0xab, 0xa9, 0xab,
        0x09, 0xb4, 0xee, 0xcc, 0x14, 0xe6, 0xd1, 0xe5, 0x70, 0xd5, 0xac, 0xc4,
        0x09, 0xb4, 0xee, 0xcc, 0x91, 0xdd, 0x50, 0xd5, 0x0f, 0xcd, 0x0f, 0xcd,
        0x2f, 0xd5, 0x50, 0xd5, 0xf3, 0xe5, 0x50, 0xcd, 0x50, 0xcd, 0x91, 0xd5,
        0x91, 0xd5, 0xb2, 0xdd, 0x50, 0xd5, 0x50, 0xd5, 0x2f, 0xd5, 0xcd, 0xcc,
        0xee, 0xcc, 0x50, 0xd5, 0xd2, 0xe5, 0xd2, 0xe5, 0x72, 0xdd, 0x14, 0xee,
        0x76, 0xee, 0x1b, 0xf7, 0x00, 0x00, 0x00, 0x00, 0x00, 0x00, 0x00, 0x00,
        0x00, 0x00, 0x00, 0x00, 0x00, 0x00, 0x00, 0x00, 0x00, 0x00, 0xff, 0xff,
        0xff, 0xff, 0xff, 0xff, 0xff, 0xff, 0xff, 0xff, 0xff, 0xff, 0xff, 0xff,
        0xff, 0xff, 0xff, 0xff, 0xff, 0xff, 0xff, 0xff, 0xff, 0xff, 0xff, 0xff,
        0xff, 0xff, 0x00, 0x00, 0x00, 0x00, 0x00, 0x00, 0xff, 0xff, 0x5c, 0xf7,
        0x1b, 0xf7, 0xfa, 0xee, 0x77, 0xe6, 0xb2, 0xdd, 0x50, 0xd5, 0xd3, 0xdd,
        0x96, 0xf6, 0xb7, 0xf6, 0x54, 0xee, 0xd2, 0xe5, 0xd2, 0xe5, 0xd3, 0xdd,
        0x34, 0xe6, 0x15, 0xe6, 0x14, 0xe6, 0x56, 0xe6, 0xd9, 0xee, 0xd9, 0xee,
        0xd9, 0xee, 0xfa, 0xee, 0x7d, 0xf7, 0x00, 0x00, 0xff, 0xff, 0x00, 0x00,
        0x00, 0x00, 0x00, 0x00, 0x00, 0x00, 0x00, 0x00, 0x00, 0x00, 0x00, 0x00,
        0x00, 0x00, 0x00, 0x00, 0x00, 0x00, 0x00, 0x00, 0x00, 0x00, 0x00, 0x00,
        0x00, 0x00, 0x00, 0x00, 0x00, 0x00, 0x00, 0x00, 0x00, 0x00, 0x00, 0x00,
        0x00, 0x00, 0x00, 0x00, 0x00, 0x00, 0x00, 0x00, 0x00, 0x00, 0x00, 0x00,
        0x00, 0x00, 0x00, 0x00, 0x00, 0x00, 0x00, 0x00, 0x00, 0x00, 0x00, 0x00,
        0x00, 0x00, 0x00, 0x00, 0x00, 0x00, 0x00, 0x00, 0x00, 0x00, 0x00, 0x00,
        0x00, 0x00, 0x00, 0x00, 0x00, 0x00, 0x00, 0x00, 0x00, 0x00, 0x00, 0x00,
        0x00, 0x00, 0x00, 0x00, 0x00, 0x00, 0x00, 0x00, 0x00, 0x00, 0x00, 0x00,
        0x00, 0x00, 0x00, 0x00, 0x00, 0x00, 0x00, 0x00, 0x00, 0x00, 0x00, 0x00,
        0x00, 0x00, 0x00, 0x00, 0x00, 0x00, 0x00, 0x00, 0x00, 0x00, 0x00, 0x00,
        0x00, 0x00, 0x00, 0x00, 0x00, 0x00, 0x00, 0x00, 0x00, 0x00, 0x00, 0x00,
        0x00, 0x00, 0x00, 0x00, 0x00, 0x00, 0x00, 0x00, 0x00, 0x00, 0x00, 0x00,
        0x00, 0x00, 0x00, 0x00, 0x00, 0x00, 0x00, 0x00, 0x00, 0x00, 0x00, 0x00,
        0x00, 0x00, 0x00, 0x00, 0x00, 0x00, 0x00, 0x00, 0x00, 0x00, 0x00, 0x00,
        0x00, 0x00, 0x00, 0x00, 0x00, 0x00, 0x00, 0x00, 0x00, 0x00, 0x00, 0x00,
        0x00, 0x00, 0x00, 0x00, 0x00, 0x00, 0x00, 0x00, 0x00, 0x00, 0x00, 0x00,
        0x00, 0x00, 0x00, 0x00, 0x00, 0x00, 0x00, 0x00, 0x00, 0x00, 0x00, 0x00,
        0x00, 0x00, 0x00, 0x00, 0x00, 0x00, 0x00, 0x00, 0x00, 0x00, 0x00, 0x00,
        0x00, 0x00, 0x00, 0x00, 0x00, 0x00, 0xff, 0xff, 0x00, 0x00, 0x1b, 0xf7,
        0xd8, 0xee, 0x76, 0xee, 0x14, 0xee, 0xf3, 0xed, 0x10, 0xdd, 0x72, 0xdd,
        0xf5, 0xed, 0x76, 0xee, 0x76, 0xee, 0xf5, 0xed, 0x90, 0xe5, 0x10, 0xdd,
        0xd3, 0xdd, 0x14, 0xe6, 0x35, 0xe6, 0x97, 0xee, 0x97, 0xee, 0xd8, 0xee,
        0xd9, 0xee, 0x76, 0xee, 0x76, 0xee, 0x76, 0xee, 0xd9, 0xee, 0xd8, 0xee,
        0xb7, 0xf6, 0x96, 0xf6, 0xb7, 0xf6, 0xf8, 0xfe, 0xf8, 0xfe, 0xd8, 0xf6,
        0xf8, 0xfe, 0xf8, 0xfe, 0x95, 0xf6, 0x75, 0xf6, 0x33, 0xf6, 0x8f, 0xe5,
        0xd1, 0xed, 0x70, 0xdd, 0x2e, 0xd5, 0x4c, 0xbc, 0x2b, 0xbc, 0xa9, 0xab,
        0xc9, 0xb3, 0x50, 0xd5, 0xd2, 0xe5, 0xee, 0xcc, 0x91, 0xd5, 0x8c, 0xc4,
        0xc9, 0xb3, 0x50, 0xd5, 0x50, 0xd5, 0xaf, 0xcc, 0x4c, 0xbc, 0x0f, 0xcd,
        0xb2, 0xdd, 0x50, 0xd5, 0x30, 0xcd, 0xce, 0xc4, 0x70, 0xd5, 0x2f, 0xd5,
        0xb2, 0xdd, 0x91, 0xdd, 0x50, 0xd5, 0x2f, 0xd5, 0xaf, 0xcc, 0x4b, 0xbc,
        0xee, 0xcc, 0xb2, 0xdd, 0x35, 0xe6, 0xf3, 0xe5, 0xee, 0xcc, 0x2f, 0xd5,
        0xd2, 0xe5, 0x36, 0xe6, 0xfa, 0xee, 0x1b, 0xf7, 0x7d, 0xf7, 0xff, 0xff,
        0xff, 0xff, 0xbf, 0xff, 0x5c, 0xf7, 0x5c, 0xf7, 0xff, 0xff, 0x00, 0x00,
        0x00, 0x00, 0x00, 0x00, 0x00, 0x00, 0x00, 0x00, 0x00, 0x00, 0x00, 0x00,
        0x00, 0x00, 0x00, 0x00, 0x00, 0x00, 0x00, 0x00, 0x00, 0x00, 0x00, 0x00,
        0x00, 0x00, 0x7d, 0xf7, 0x5c, 0xf7, 0x5c, 0xf7, 0x16, 0xd6, 0xd3, 0xdd,
        0xd4, 0xdd, 0x91, 0xd5, 0x50, 0xd5, 0x2e, 0xd5, 0x76, 0xee, 0xb7, 0xf6,
        0x54, 0xee, 0xf3, 0xed, 0xd2, 0xe5, 0xd3, 0xdd, 0x34, 0xe6, 0x35, 0xe6,
        0x35, 0xe6, 0x76, 0xee, 0xb9, 0xee, 0xb9, 0xee, 0x76, 0xee, 0x36, 0xe6,
        0x36, 0xe6, 0xfa, 0xee, 0xbf, 0xff, 0x00, 0x00, 0xff, 0xff, 0x00, 0x00,
        0x00, 0x00, 0x00, 0x00, 0x00, 0x00, 0x00, 0x00, 0x00, 0x00, 0x00, 0x00,
        0x00, 0x00, 0x00, 0x00, 0x00, 0x00, 0x00, 0x00, 0x00, 0x00, 0x00, 0x00,
        0x00, 0x00, 0x00, 0x00, 0x00, 0x00, 0x00, 0x00, 0x00, 0x00, 0x00, 0x00,
        0x00, 0x00, 0x00, 0x00, 0x00, 0x00, 0x00, 0x00, 0x00, 0x00, 0x00, 0x00,
        0x00, 0x00, 0x00, 0x00, 0x00, 0x00, 0x00, 0x00, 0x00, 0x00, 0x00, 0x00,
        0x00, 0x00, 0x00, 0x00, 0x00, 0x00, 0x00, 0x00, 0x00, 0x00, 0x00, 0x00,
        0x00, 0x00, 0x00, 0x00, 0x00, 0x00, 0x00, 0x00, 0x00, 0x00, 0x00, 0x00,
        0x00, 0x00, 0x00, 0x00, 0x00, 0x00, 0x00, 0x00, 0x00, 0x00, 0x00, 0x00,
        0x00, 0x00, 0x00, 0x00, 0x00, 0x00, 0x00, 0x00, 0x00, 0x00, 0x00, 0x00,
        0x00, 0x00, 0x00, 0x00, 0x00, 0x00, 0x00, 0x00, 0x00, 0x00, 0x00, 0x00,
        0x00, 0x00, 0x00, 0x00, 0x00, 0x00, 0x00, 0x00, 0x00, 0x00, 0x00, 0x00,
        0x00, 0x00, 0x00, 0x00, 0x00, 0x00, 0x00, 0x00, 0x00, 0x00, 0x00, 0x00,
        0x00, 0x00, 0x00, 0x00, 0x00, 0x00, 0x00, 0x00, 0x00, 0x00, 0x00, 0x00,
        0x00, 0x00, 0x00, 0x00, 0x00, 0x00, 0x00, 0x00, 0x00, 0x00, 0x00, 0x00,
        0x00, 0x00, 0x00, 0x00, 0x00, 0x00, 0x00, 0x00, 0x00, 0x00, 0x00, 0x00,
        0x00, 0x00, 0x00, 0x00, 0x00, 0x00, 0x00, 0x00, 0x00, 0x00, 0x00, 0x00,
        0x00, 0x00, 0x00, 0x00, 0x00, 0x00, 0x00, 0x00, 0x00, 0x00, 0x00, 0x00,
        0x00, 0x00, 0x00, 0x00, 0x00, 0x00, 0x00, 0x00, 0x00, 0x00, 0x00, 0x00,
        0x00, 0x00, 0x00, 0x00, 0x00, 0x00, 0xff, 0xff, 0xff, 0xff, 0x1b, 0xf7,
        0xf9, 0xf6, 0x96, 0xf6, 0x14, 0xee, 0xf3, 0xed, 0x10, 0xdd, 0x72, 0xdd,
        0xf5, 0xed, 0xf5, 0xed, 0xf5, 0xed, 0xf5, 0xed, 0x72, 0xdd, 0x10, 0xdd,
        0xd3, 0xdd, 0x72, 0xdd, 0xd2, 0xe5, 0x97, 0xee, 0xd8, 0xf6, 0xb7, 0xf6,
        0xfa, 0xf6, 0xd9, 0xee, 0xd8, 0xee, 0xd9, 0xee, 0x5b, 0xf7, 0xf9, 0xf6,
        0x39, 0xff, 0xf8, 0xfe, 0xb7, 0xf6, 0x39, 0xff, 0xf8, 0xfe, 0x39, 0xff,
        0xf8, 0xfe, 0xd8, 0xf6, 0x75, 0xf6, 0xf2, 0xed, 0xd1, 0xed, 0x8f, 0xe5,
        0x90, 0xe5, 0x70, 0xdd, 0xcc, 0xcc, 0xa9, 0xab, 0x2b, 0xbc, 0xea, 0xab,
        0x4c, 0xbc, 0xd2, 0xe5, 0xf3, 0xe5, 0x91, 0xd5, 0xb2, 0xdd, 0xa9, 0xab,
        0x2b, 0xb4, 0xb2, 0xdd, 0x0f, 0xcd, 0xad, 0xc4, 0x2b, 0xb4, 0x4c, 0xbc,
        0x50, 0xd5, 0x0f, 0xcd, 0x30, 0xcd, 0xaf, 0xcc, 0x0f, 0xcd, 0xb2, 0xdd,
        0xb2, 0xdd, 0x2f, 0xd5, 0x91, 0xdd, 0x0f, 0xcd, 0x2b, 0xbc, 0xea, 0xab,
        0x70, 0xd5, 0x14, 0xe6, 0x34, 0xe6, 0x4f, 0xd5, 0xac, 0xc4, 0x0f, 0xcd,
        0x50, 0xd5, 0x14, 0xe6, 0xb7, 0xf6, 0xb9, 0xee, 0xb9, 0xee, 0xd9, 0xee,
        0xfa, 0xee, 0xd9, 0xee, 0x76, 0xee, 0x98, 0xe6, 0xfa, 0xee, 0x37, 0xde,
        0x5c, 0xf7, 0xff, 0xff, 0xbf, 0xff, 0xff, 0xff, 0x7d, 0xf7, 0xff, 0xff,
        0xff, 0xff, 0xff, 0xff, 0x7d, 0xf7, 0x5c, 0xf7, 0xbf, 0xff, 0x5c, 0xf7,
        0xfa, 0xee, 0xb2, 0xdd, 0xf4, 0xdd, 0x50, 0xcd, 0xcd, 0xcc, 0xaf, 0xcc,
        0x8c, 0xc4, 0x0f, 0xcd, 0x36, 0xe6, 0xf8, 0xfe, 0xd8, 0xf6, 0x54, 0xee,
        0xb2, 0xdd, 0x70, 0xdd, 0xb2, 0xdd, 0xb2, 0xdd, 0xd3, 0xdd, 0x14, 0xde,
        0x14, 0xde, 0x15, 0xe6, 0x15, 0xde, 0x14, 0xde, 0xf4, 0xdd, 0xd4, 0xd5,
        0x98, 0xe6, 0x1b, 0xf7, 0x00, 0x00, 0xff, 0xff, 0x00, 0x00, 0x00, 0x00,
        0x00, 0x00, 0x00, 0x00, 0x00, 0x00, 0x00, 0x00, 0x00, 0x00, 0x00, 0x00,
        0x00, 0x00, 0x00, 0x00, 0x00, 0x00, 0x00, 0x00, 0x00, 0x00, 0x00, 0x00,
        0x00, 0x00, 0x00, 0x00, 0x00, 0x00, 0x00, 0x00, 0x00, 0x00, 0x00, 0x00,
        0x00, 0x00, 0x00, 0x00, 0x00, 0x00, 0x00, 0x00, 0x00, 0x00, 0x00, 0x00,
        0x00, 0x00, 0x00, 0x00, 0x00, 0x00, 0x00, 0x00, 0x00, 0x00, 0x00, 0x00,
        0x00, 0x00, 0x00, 0x00, 0x00, 0x00, 0x00, 0x00, 0x00, 0x00, 0x00, 0x00,
        0x00, 0x00, 0x00, 0x00, 0x00, 0x00, 0x00, 0x00, 0x00, 0x00, 0x00, 0x00,
        0x00, 0x00, 0x00, 0x00, 0x00, 0x00, 0x00, 0x00, 0x00, 0x00, 0x00, 0x00,
        0x00, 0x00, 0x00, 0x00, 0x00, 0x00, 0x00, 0x00, 0x00, 0x00, 0x00, 0x00,
        0x00, 0x00, 0x00, 0x00, 0x00, 0x00, 0x00, 0x00, 0x00, 0x00, 0x00, 0x00,
        0x00, 0x00, 0x00, 0x00, 0x00, 0x00, 0x00, 0x00, 0x00, 0x00, 0x00, 0x00,
        0x00, 0x00, 0x00, 0x00, 0x00, 0x00, 0x00, 0x00, 0x00, 0x00, 0x00, 0x00,
        0x00, 0x00, 0x00, 0x00, 0x00, 0x00, 0x00, 0x00, 0x00, 0x00, 0x00, 0x00,
        0x00, 0x00, 0x00, 0x00, 0x00, 0x00, 0x00, 0x00, 0x00, 0x00, 0x00, 0x00,
        0x00, 0x00, 0x00, 0x00, 0x00, 0x00, 0x00, 0x00, 0x00, 0x00, 0x00, 0x00,
        0x00, 0x00, 0x00, 0x00, 0x00, 0x00, 0x00, 0x00, 0x00, 0x00, 0x00, 0x00,
        0x00, 0x00, 0x00, 0x00, 0x00, 0x00, 0x00, 0x00, 0x00, 0x00, 0x00, 0x00,
        0x00, 0x00, 0x00, 0x00, 0x00, 0x00, 0x00, 0x00, 0x00, 0x00, 0x00, 0x00,
        0x00, 0x00, 0x00, 0x00, 0x00, 0x00, 0x00, 0x00, 0xff, 0xff, 0xfa, 0xee,
        0xd8, 0xf6, 0x76, 0xee, 0x14, 0xee, 0xd1, 0xe5, 0x90, 0xe5, 0x72, 0xdd,
        0xf5, 0xed, 0x72, 0xdd, 0xd3, 0xdd, 0x72, 0xdd, 0x72, 0xdd, 0xf3, 0xed,
        0x72, 0xdd, 0xf5, 0xed, 0xf5, 0xed, 0x97, 0xee, 0xd8, 0xee, 0x1a, 0xf7,
        0xf9, 0xf6, 0xfa, 0xf6, 0x5b, 0xf7, 0x1a, 0xf7, 0x1a, 0xf7, 0x1a, 0xf7,
        0x3a, 0xf7, 0x39, 0xff, 0xf8, 0xfe, 0xf8, 0xfe, 0xf8, 0xfe, 0x95, 0xf6,
        0x95, 0xf6, 0x75, 0xf6, 0x13, 0xee, 0xd1, 0xed, 0x8f, 0xe5, 0x4f, 0xdd,
        0x70, 0xdd, 0x70, 0xdd, 0x8c, 0xcc, 0x47, 0xa3, 0x07, 0x9b, 0xea, 0xab,
        0x91, 0xdd, 0x14, 0xee, 0xf3, 0xe5, 0x34, 0xe6, 0x0f, 0xcd, 0x68, 0xa3,
        0x2b, 0xbc, 0x50, 0xd5, 0xcd, 0xcc, 0xad, 0xc4, 0xce, 0xc4, 0x4c, 0xbc,
        0x50, 0xcd, 0x50, 0xcd, 0x0f, 0xcd, 0xad, 0xc4, 0xb2, 0xdd, 0x34, 0xe6,
        0xad, 0xc4, 0xad, 0xc4, 0x2f, 0xd5, 0x8c, 0xc4, 0xea, 0xab, 0x70, 0xd5,
        0x34, 0xe6, 0x91, 0xdd, 0x70, 0xdd, 0xac, 0xc4, 0x4b, 0xbc, 0xcc, 0xcc,
        0xd2, 0xe5, 0x14, 0xe6, 0xf3, 0xe5, 0x14, 0xee, 0x54, 0xee, 0x95, 0xf6,
        0x96, 0xf6, 0x76, 0xee, 0x14, 0xee, 0xf3, 0xed, 0xd1, 0xe5, 0xd1, 0xe5,
        0xf4, 0xdd, 0x16, 0xd6, 0xf4, 0xdd, 0x16, 0xd6, 0x57, 0xde, 0xfa, 0xee,
        0x77, 0xe6, 0x77, 0xe6, 0x36, 0xe6, 0x35, 0xe6, 0x16, 0xd6, 0xb2, 0xdd,
        0x4f, 0xdd, 0xee, 0xcc, 0xac, 0xc4, 0x4b, 0xbc, 0xce, 0xc4, 0xce, 0xc4,
        0xf4, 0xdd, 0xf9, 0xf6, 0xd8, 0xf6, 0x55, 0xee, 0x91, 0xdd, 0x2e, 0xd5,
        0xee, 0xcc, 0x70, 0xd5, 0xb2, 0xdd, 0xd3, 0xdd, 0x15, 0xe6, 0x36, 0xe6,
        0x57, 0xe6, 0x57, 0xde, 0x98, 0xe6, 0x57, 0xe6, 0x37, 0xde, 0x98, 0xe6,
        0xfa, 0xee, 0xff, 0xff, 0xff, 0xff, 0xff, 0xff, 0x00, 0x00, 0x00, 0x00,
        0x00, 0x00, 0x00, 0x00, 0x00, 0x00, 0x00, 0x00, 0x00, 0x00, 0x00, 0x00,
        0x00, 0x00, 0x00, 0x00, 0x00, 0x00, 0x00, 0x00, 0x00, 0x00, 0x00, 0x00,
        0x00, 0x00, 0x00, 0x00, 0x00, 0x00, 0x00, 0x00, 0x00, 0x00, 0x00, 0x00,
        0x00, 0x00, 0x00, 0x00, 0x00, 0x00, 0x00, 0x00, 0x00, 0x00, 0x00, 0x00,
        0x00, 0x00, 0x00, 0x00, 0x00, 0x00, 0x00, 0x00, 0x00, 0x00, 0x00, 0x00,
        0x00, 0x00, 0x00, 0x00, 0x00, 0x00, 0x00, 0x00, 0x00, 0x00, 0x00, 0x00,
        0x00, 0x00, 0x00, 0x00, 0x00, 0x00, 0x00, 0x00, 0x00, 0x00, 0x00, 0x00,
        0x00, 0x00, 0x00, 0x00, 0x00, 0x00, 0x00, 0x00, 0x00, 0x00, 0x00, 0x00,
        0x00, 0x00, 0x00, 0x00, 0x00, 0x00, 0x00, 0x00, 0x00, 0x00, 0x00, 0x00,
        0x00, 0x00, 0x00, 0x00, 0x00, 0x00, 0x00, 0x00, 0x00, 0x00, 0x00, 0x00,
        0x00, 0x00, 0x00, 0x00, 0x00, 0x00, 0x00, 0x00, 0x00, 0x00, 0x00, 0x00,
        0x00, 0x00, 0x00, 0x00, 0x00, 0x00, 0x00, 0x00, 0x00, 0x00, 0x00, 0x00,
        0x00, 0x00, 0x00, 0x00, 0x00, 0x00, 0x00, 0x00, 0x00, 0x00, 0x00, 0x00,
        0x00, 0x00, 0x00, 0x00, 0x00, 0x00, 0x00, 0x00, 0x00, 0x00, 0x00, 0x00,
        0x00, 0x00, 0x00, 0x00, 0x00, 0x00, 0x00, 0x00, 0x00, 0x00, 0x00, 0x00,
        0x00, 0x00, 0x00, 0x00, 0x00, 0x00, 0x00, 0x00, 0x00, 0x00, 0x00, 0x00,
        0x00, 0x00, 0x00, 0x00, 0x00, 0x00, 0x00, 0x00, 0x00, 0x00, 0x00, 0x00,
        0x00, 0x00, 0x00, 0x00, 0x00, 0x00, 0x00, 0x00, 0x00, 0x00, 0x00, 0x00,
        0x00, 0x00, 0x00, 0x00, 0xff, 0xff, 0x00, 0x00, 0x5c, 0xf7, 0x76, 0xee,
        0x54, 0xee, 0x14, 0xee, 0x14, 0xee, 0xd1, 0xe5, 0x90, 0xe5, 0x72, 0xdd,
        0x72, 0xdd, 0x72, 0xdd, 0x72, 0xdd, 0x72, 0xdd, 0xf5, 0xed, 0x96, 0xee,
        0xf5, 0xed, 0x76, 0xee, 0x76, 0xee, 0xf9, 0xee, 0xd9, 0xee, 0x7c, 0xff,
        0x7c, 0xff, 0x1a, 0xf7, 0x1a, 0xf7, 0x1a, 0xf7, 0x5b, 0xff, 0x5b, 0xff,
        0x5b, 0xff, 0x39, 0xff, 0xd8, 0xf6, 0x95, 0xf6, 0x95, 0xf6, 0x33, 0xf6,
        0x13, 0xee, 0xf2, 0xed, 0xd1, 0xed, 0xd1, 0xed, 0xd1, 0xe5, 0x90, 0xe5,
        0x70, 0xdd, 0xcc, 0xcc, 0xc9, 0xb3, 0xe7, 0x92, 0x07, 0x9b, 0xac, 0xc4,
        0xf3, 0xed, 0x14, 0xee, 0x54, 0xee, 0xf3, 0xe5, 0x4b, 0xbc, 0xa9, 0xab,
        0x8d, 0xbc, 0x2f, 0xd5, 0x0f, 0xcd, 0xce, 0xc4, 0x8d, 0xbc, 0xce, 0xc4,
        0x91, 0xd5, 0x70, 0xd5, 0x50, 0xcd, 0x50, 0xd5, 0x91, 0xd5, 0x2f, 0xd5,
        0x2c, 0xb4, 0xad, 0xc4, 0xad, 0xc4, 0xce, 0xc4, 0x0f, 0xcd, 0x91, 0xd5,
        0x14, 0xe6, 0x2f, 0xd5, 0x8c, 0xc4, 0xea, 0xab, 0x2b, 0xbc, 0x0d, 0xd5,
        0x14, 0xee, 0x54, 0xee, 0xf3, 0xed, 0x14, 0xee, 0x76, 0xee, 0x35, 0xe6,
        0xd2, 0xe5, 0x91, 0xdd, 0xf3, 0xed, 0x70, 0xdd, 0xcc, 0xcc, 0x8c, 0xcc,
        0x2e, 0xd5, 0x90, 0xe5, 0x91, 0xdd, 0x90, 0xe5, 0x14, 0xee, 0x14, 0xee,
        0xd1, 0xe5, 0x90, 0xe5, 0x90, 0xe5, 0x2e, 0xd5, 0x0d, 0xd5, 0x8c, 0xcc,
        0x6b, 0xc4, 0x09, 0xb4, 0x09, 0xb4, 0xaf, 0xcc, 0xd3, 0xdd, 0xf9, 0xf6,
        0xd8, 0xf6, 0x14, 0xee, 0x91, 0xdd, 0x10, 0xdd, 0x50, 0xd5, 0xb2, 0xdd,
        0x15, 0xe6, 0x35, 0xe6, 0x35, 0xe6, 0x97, 0xee, 0xd8, 0xee, 0xd8, 0xee,
        0xd9, 0xee, 0xb9, 0xee, 0x98, 0xe6, 0x57, 0xe6, 0x57, 0xe6, 0x57, 0xde,
        0x7d, 0xf7, 0x00, 0x00, 0xff, 0xff, 0x00, 0x00, 0x00, 0x00, 0x00, 0x00,
        0x00, 0x00, 0x00, 0x00, 0x00, 0x00, 0x00, 0x00, 0x00, 0x00, 0x00, 0x00,
        0x00, 0x00, 0x00, 0x00, 0x00, 0x00, 0x00, 0x00, 0x00, 0x00, 0x00, 0x00,
        0x00, 0x00, 0x00, 0x00, 0x00, 0x00, 0x00, 0x00, 0x00, 0x00, 0x00, 0x00,
        0x00, 0x00, 0x00, 0x00, 0x00, 0x00, 0x00, 0x00, 0x00, 0x00, 0x00, 0x00,
        0x00, 0x00, 0x00, 0x00, 0x00, 0x00, 0x00, 0x00, 0x00, 0x00, 0x00, 0x00,
        0x00, 0x00, 0x00, 0x00, 0x00, 0x00, 0x00, 0x00, 0x00, 0x00, 0x00, 0x00,
        0x00, 0x00, 0x00, 0x00, 0x00, 0x00, 0x00, 0x00, 0x00, 0x00, 0x00, 0x00,
        0x00, 0x00, 0x00, 0x00, 0x00, 0x00, 0x00, 0x00, 0x00, 0x00, 0x00, 0x00,
        0x00, 0x00, 0x00, 0x00, 0x00, 0x00, 0x00, 0x00, 0x00, 0x00, 0x00, 0x00,
        0x00, 0x00, 0x00, 0x00, 0x00, 0x00, 0x00, 0x00, 0x00, 0x00, 0x00, 0x00,
        0x00, 0x00, 0x00, 0x00, 0x00, 0x00, 0x00, 0x00, 0x00, 0x00, 0x00, 0x00,
        0x00, 0x00, 0x00, 0x00, 0x00, 0x00, 0x00, 0x00, 0x00, 0x00, 0x00, 0x00,
        0x00, 0x00, 0x00, 0x00, 0x00, 0x00, 0x00, 0x00, 0x00, 0x00, 0x00, 0x00,
        0x00, 0x00, 0x00, 0x00, 0x00, 0x00, 0x00, 0x00, 0x00, 0x00, 0x00, 0x00,
        0x00, 0x00, 0x00, 0x00, 0x00, 0x00, 0x00, 0x00, 0x00, 0x00, 0x00, 0x00,
        0x00, 0x00, 0x00, 0x00, 0x00, 0x00, 0x00, 0x00, 0x00, 0x00, 0x00, 0x00,
        0x00, 0x00, 0x00, 0x00, 0x00, 0x00, 0x00, 0x00, 0x00, 0x00, 0x00, 0x00,
        0x00, 0x00, 0x00, 0x00, 0x00, 0x00, 0x00, 0x00, 0x00, 0x00, 0x00, 0x00,
        0x00, 0x00, 0xff, 0xff, 0xff, 0xff, 0xff, 0xff, 0x1b, 0xf7, 0xb7, 0xf6,
        0xd1, 0xe5, 0xf3, 0xed, 0x4e, 0xe5, 0xd1, 0xe5, 0xf3, 0xed, 0x90, 0xe5,
        0x10, 0xdd, 0x72, 0xdd, 0x72, 0xdd, 0x72, 0xdd, 0x97, 0xee, 0xf9, 0xf6,
        0x1a, 0xf7, 0xb8, 0xf6, 0xb8, 0xf6, 0x1a, 0xf7, 0xd8, 0xee, 0x1a, 0xf7,
        0x3a, 0xf7, 0x3a, 0xf7, 0x5b, 0xff, 0x39, 0xff, 0x7c, 0xff, 0x39, 0xff,
        0xf8, 0xfe, 0xf8, 0xfe, 0x95, 0xf6, 0x13, 0xee, 0x75, 0xf6, 0xf2, 0xed,
        0xd1, 0xed, 0xd1, 0xed, 0x8f, 0xe5, 0xd1, 0xed, 0x33, 0xf6, 0x4f, 0xdd,
        0x0d, 0xd5, 0x6b, 0xc4, 0xa9, 0xab, 0xc6, 0x8a, 0xca, 0xa3, 0x50, 0xd5,
        0x14, 0xee, 0x14, 0xee, 0x96, 0xf6, 0x70, 0xdd, 0xa9, 0xab, 0x2b, 0xbc,
        0x0f, 0xcd, 0xce, 0xc4, 0x2f, 0xd5, 0x50, 0xcd, 0xad, 0xc4, 0x70, 0xd5,
        0x14, 0xe6, 0x0f, 0xcd, 0x50, 0xd5, 0x50, 0xd5, 0xb2, 0xdd, 0x30, 0xcd,
        0x0f, 0xcd, 0xce, 0xc4, 0xce, 0xc4, 0x91, 0xd5, 0x30, 0xcd, 0xb2, 0xd5,
        0xd3, 0xdd, 0xce, 0xc4, 0x4c, 0xbc, 0x2b, 0xbc, 0x09, 0xb4, 0xee, 0xcc,
        0x14, 0xee, 0x14, 0xee, 0x14, 0xee, 0x96, 0xf6, 0x96, 0xf6, 0x76, 0xee,
        0xf3, 0xed, 0xd1, 0xe5, 0xf3, 0xed, 0x4f, 0xd5, 0x8c, 0xcc, 0x8c, 0xcc,
        0x0d, 0xd5, 0x0d, 0xd5, 0xcc, 0xcc, 0x4f, 0xdd, 0x4f, 0xd5, 0x0d, 0xd5,
        0x0d, 0xd5, 0xcc, 0xcc, 0xcc, 0xcc, 0x8c, 0xcc, 0x8c, 0xcc, 0x6b, 0xc4,
        0x29, 0xc4, 0x09, 0xb4, 0xd3, 0xdd, 0xd8, 0xee, 0xd8, 0xf6, 0x54, 0xee,
        0xd1, 0xed, 0x14, 0xee, 0x35, 0xe6, 0x35, 0xe6, 0x35, 0xe6, 0x34, 0xe6,
        0x35, 0xe6, 0x56, 0xe6, 0x56, 0xe6, 0x77, 0xe6, 0x77, 0xe6, 0x77, 0xe6,
        0x77, 0xe6, 0x36, 0xe6, 0x36, 0xe6, 0xd4, 0xdd, 0x35, 0xde, 0x1b, 0xf7,
        0x00, 0x00, 0xff, 0xff, 0x00, 0x00, 0x00, 0x00, 0x00, 0x00, 0x00, 0x00,
        0x00, 0x00, 0x00, 0x00, 0x00, 0x00, 0x00, 0x00, 0x00, 0x00, 0x00, 0x00,
        0x00, 0x00, 0x00, 0x00, 0x00, 0x00, 0x00, 0x00, 0x00, 0x00, 0x00, 0x00,
        0x00, 0x00, 0x00, 0x00, 0x00, 0x00, 0x00, 0x00, 0x00, 0x00, 0x00, 0x00,
        0x00, 0x00, 0x00, 0x00, 0x00, 0x00, 0x00, 0x00, 0x00, 0x00, 0x00, 0x00,
        0x00, 0x00, 0x00, 0x00, 0x00, 0x00, 0x00, 0x00, 0x00, 0x00, 0x00, 0x00,
        0x00, 0x00, 0x00, 0x00, 0x00, 0x00, 0x00, 0x00, 0x00, 0x00, 0x00, 0x00,
        0x00, 0x00, 0x00, 0x00, 0x00, 0x00, 0x00, 0x00, 0x00, 0x00, 0x00, 0x00,
        0x00, 0x00, 0x00, 0x00, 0x00, 0x00, 0x00, 0x00, 0x00, 0x00, 0x00, 0x00,
        0x00, 0x00, 0x00, 0x00, 0x00, 0x00, 0x00, 0x00, 0x00, 0x00, 0x00, 0x00,
        0x00, 0x00, 0x00, 0x00, 0x00, 0x00, 0x00, 0x00, 0x00, 0x00, 0x00, 0x00,
        0x00, 0x00, 0x00, 0x00, 0x00, 0x00, 0x00, 0x00, 0x00, 0x00, 0x00, 0x00,
        0x00, 0x00, 0x00, 0x00, 0x00, 0x00, 0x00, 0x00, 0x00, 0x00, 0x00, 0x00,
        0x00, 0x00, 0x00, 0x00, 0x00, 0x00, 0x00, 0x00, 0x00, 0x00, 0x00, 0x00,
        0x00, 0x00, 0x00, 0x00, 0x00, 0x00, 0x00, 0x00, 0x00, 0x00, 0x00, 0x00,
        0x00, 0x00, 0x00, 0x00, 0x00, 0x00, 0x00, 0x00, 0x00, 0x00, 0x00, 0x00,
        0x00, 0x00, 0x00, 0x00, 0x00, 0x00, 0x00, 0x00, 0x00, 0x00, 0x00, 0x00,
        0x00, 0x00, 0x00, 0x00, 0x00, 0x00, 0x00, 0x00, 0x00, 0x00, 0x00, 0x00,
        0x00, 0x00, 0x00, 0x00, 0x00, 0x00, 0x00, 0x00, 0x00, 0x00, 0x00, 0x00,
        0x00, 0x00, 0xff, 0xff, 0x00, 0x00, 0xbf, 0xff, 0xfa, 0xee, 0xb7, 0xf6,
        0x70, 0xdd, 0x90, 0xe5, 0x0d, 0xd5, 0xab, 0xd4, 0x90, 0xe5, 0x90, 0xe5,
        0xd1, 0xe5, 0x72, 0xdd, 0x72, 0xdd, 0x72, 0xdd, 0x76, 0xee, 0x5b, 0xff,
        0x3a, 0xf7, 0x3a, 0xf7, 0x3a, 0xf7, 0x3a, 0xf7, 0x1a, 0xf7, 0x1a, 0xf7,
        0x5b, 0xff, 0x5b, 0xff, 0x39, 0xff, 0x39, 0xff, 0x39, 0xff, 0xf8, 0xfe,
        0x95, 0xf6, 0x75, 0xf6, 0x95, 0xf6, 0xd1, 0xed, 0x75, 0xf6, 0xf2, 0xed,
        0xd1, 0xed, 0xd1, 0xed, 0x8f, 0xe5, 0xf2, 0xed, 0x13, 0xee, 0x70, 0xdd,
        0x8c, 0xcc, 0xa9, 0xab, 0xc6, 0x8a, 0xc6, 0x8a, 0xa9, 0xab, 0xb2, 0xdd,
        0x55, 0xee, 0x54, 0xee, 0x76, 0xee, 0x50, 0xd5, 0x4c, 0xbc, 0x8c, 0xc4,
        0xee, 0xcc, 0xad, 0xc4, 0x91, 0xd5, 0x91, 0xd5, 0xac, 0xc4, 0x14, 0xe6,
        0xf3, 0xe5, 0x0f, 0xcd, 0x2e, 0xd5, 0x50, 0xd5, 0x14, 0xe6, 0xd3, 0xdd,
        0xb2, 0xdd, 0xce, 0xc4, 0xee, 0xcc, 0xd3, 0xdd, 0xd3, 0xdd, 0xd3, 0xdd,
        0x50, 0xcd, 0x6d, 0xb4, 0x4c, 0xbc, 0xad, 0xc4, 0x4b, 0xbc, 0x70, 0xdd,
        0xf3, 0xed, 0xf3, 0xed, 0x96, 0xf6, 0x54, 0xee, 0x54, 0xee, 0x75, 0xf6,
        0xf3, 0xed, 0xf2, 0xed, 0xf3, 0xed, 0xd1, 0xe5, 0xcc, 0xcc, 0x29, 0xc4,
        0x8c, 0xcc, 0x29, 0xc4, 0x6b, 0xc4, 0x0d, 0xd5, 0x8c, 0xcc, 0x6b, 0xc4,
        0x8c, 0xcc, 0xcc, 0xcc, 0x0d, 0xd5, 0x8c, 0xcc, 0x6b, 0xc4, 0x8c, 0xcc,
        0x0f, 0xcd, 0xb8, 0xf6, 0x39, 0xff, 0x54, 0xee, 0xd1, 0xe5, 0x14, 0xee,
        0xf3, 0xe5, 0x91, 0xdd, 0xf3, 0xe5, 0x34, 0xe6, 0x15, 0xe6, 0x34, 0xe6,
        0x14, 0xde, 0x35, 0xe6, 0x98, 0xe6, 0x98, 0xe6, 0x98, 0xe6, 0x77, 0xe6,
        0x77, 0xe6, 0x14, 0xde, 0x72, 0xdd, 0xf5, 0xed, 0x37, 0xde, 0x00, 0x00,
        0xff, 0xff, 0x00, 0x00, 0x00, 0x00, 0x00, 0x00, 0x00, 0x00, 0x00, 0x00,
        0x00, 0x00, 0x00, 0x00, 0x00, 0x00, 0x00, 0x00, 0x00, 0x00, 0x00, 0x00,
        0x00, 0x00, 0x00, 0x00, 0x00, 0x00, 0x00, 0x00, 0x00, 0x00, 0x00, 0x00,
        0x00, 0x00, 0x00, 0x00, 0x00, 0x00, 0x00, 0x00, 0x00, 0x00, 0x00, 0x00,
        0x00, 0x00, 0x00, 0x00, 0x00, 0x00, 0x00, 0x00, 0x00, 0x00, 0x00, 0x00,
        0x00, 0x00, 0x00, 0x00, 0x00, 0x00, 0x00, 0x00, 0x00, 0x00, 0x00, 0x00,
        0x00, 0x00, 0x00, 0x00, 0x00, 0x00, 0x00, 0x00, 0x00, 0x00, 0x00, 0x00,
        0x00, 0x00, 0x00, 0x00, 0x00, 0x00, 0x00, 0x00, 0x00, 0x00, 0x00, 0x00,
        0x00, 0x00, 0x00, 0x00, 0x00, 0x00, 0x00, 0x00, 0x00, 0x00, 0x00, 0x00,
        0x00, 0x00, 0x00, 0x00, 0x00, 0x00, 0x00, 0x00, 0x00, 0x00, 0x00, 0x00,
        0x00, 0x00, 0x00, 0x00, 0x00, 0x00, 0x00, 0x00, 0x00, 0x00, 0x00, 0x00,
        0x00, 0x00, 0x00, 0x00, 0x00, 0x00, 0x00, 0x00, 0x00, 0x00, 0x00, 0x00,
        0x00, 0x00, 0x00, 0x00, 0x00, 0x00, 0x00, 0x00, 0x00, 0x00, 0x00, 0x00,
        0x00, 0x00, 0x00, 0x00, 0x00, 0x00, 0x00, 0x00, 0x00, 0x00, 0x00, 0x00,
        0x00, 0x00, 0x00, 0x00, 0x00, 0x00, 0x00, 0x00, 0x00, 0x00, 0x00, 0x00,
        0x00, 0x00, 0x00, 0x00, 0x00, 0x00, 0x00, 0x00, 0x00, 0x00, 0x00, 0x00,
        0x00, 0x00, 0x00, 0x00, 0x00, 0x00, 0x00, 0x00, 0x00, 0x00, 0x00, 0x00,
        0x00, 0x00, 0x00, 0x00, 0x00, 0x00, 0x00, 0x00, 0x00, 0x00, 0x00, 0x00,
        0x00, 0x00, 0x00, 0x00, 0x00, 0x00, 0x00, 0x00, 0x00, 0x00, 0x00, 0x00,
        0x00, 0x00, 0xff, 0xff, 0x00, 0x00, 0x5c, 0xf7, 0xfa, 0xf6, 0xb7, 0xf6,
        0x4f, 0xd5, 0x6a, 0xcc, 0xab, 0xd4, 0x6a, 0xcc, 0xab, 0xd4, 0xec, 0xdc,
        0xec, 0xdc, 0x10, 0xdd, 0xd3, 0xdd, 0x56, 0xe6, 0x76, 0xee, 0x5b, 0xff,
        0x3a, 0xf7, 0x3a, 0xf7, 0x5b, 0xff, 0x1a, 0xf7, 0x3a, 0xf7, 0xf9, 0xf6,
        0xf9, 0xf6, 0x1a, 0xf7, 0xb7, 0xf6, 0x96, 0xf6, 0x95, 0xf6, 0x75, 0xf6,
        0x75, 0xf6, 0xd1, 0xed, 0x33, 0xf6, 0x13, 0xee, 0xd1, 0xed, 0xf2, 0xed,
        0x8f, 0xe5, 0xd1, 0xed, 0x14, 0xee, 0xf2, 0xed, 0x90, 0xe5, 0x0d, 0xd5,
        0x6b, 0xc4, 0xe7, 0x92, 0x65, 0x82, 0xc6, 0x8a, 0x2b, 0xbc, 0xd2, 0xe5,
        0x55, 0xee, 0x55, 0xee, 0x14, 0xee, 0xf3, 0xe5, 0xad, 0xc4, 0xa9, 0xab,
        0x0f, 0xcd, 0x2f, 0xd5, 0x91, 0xdd, 0xd3, 0xdd, 0x91, 0xd5, 0xb2, 0xdd,
        0xb2, 0xdd, 0xee, 0xcc, 0x70, 0xdd, 0xd2, 0xe5, 0x35, 0xe6, 0x55, 0xee,
        0x34, 0xe6, 0x2e, 0xd5, 0xf3, 0xe5, 0x35, 0xe6, 0x35, 0xe6, 0xd2, 0xe5,
        0xef, 0xc4, 0xea, 0xab, 0x8d, 0xbc, 0x4b, 0xbc, 0xee, 0xcc, 0x90, 0xe5,
        0xf3, 0xed, 0xf3, 0xed, 0x76, 0xee, 0x54, 0xee, 0x54, 0xee, 0x75, 0xf6,
        0x13, 0xee, 0xd1, 0xe5, 0xf3, 0xed, 0xf2, 0xed, 0x70, 0xdd, 0x2b, 0xbc,
        0xc9, 0xb3, 0xa9, 0xab, 0x6b, 0xc4, 0x8c, 0xcc, 0xc9, 0xbb, 0x8c, 0xcc,
        0x4f, 0xdd, 0x4f, 0xd5, 0x0d, 0xd5, 0xcc, 0xcc, 0x4f, 0xd5, 0x36, 0xe6,
        0xf9, 0xf6, 0xd8, 0xf6, 0x14, 0xee, 0xf3, 0xed, 0x54, 0xee, 0xd2, 0xe5,
        0x91, 0xdd, 0x91, 0xd5, 0xb2, 0xdd, 0xd3, 0xdd, 0xd3, 0xdd, 0x35, 0xe6,
        0x56, 0xe6, 0x77, 0xe6, 0x76, 0xee, 0x56, 0xe6, 0x35, 0xe6, 0x35, 0xe6,
        0x35, 0xe6, 0xd3, 0xdd, 0x72, 0xdd, 0xf4, 0xdd, 0xbf, 0xff, 0xff, 0xff,
        0xff, 0xff, 0x00, 0x00, 0x00, 0x00, 0x00, 0x00, 0x00, 0x00, 0x00, 0x00,
        0x00, 0x00, 0x00, 0x00, 0x00, 0x00, 0x00, 0x00, 0x00, 0x00, 0x00, 0x00,
        0x00, 0x00, 0x00, 0x00, 0x00, 0x00, 0x00, 0x00, 0x00, 0x00, 0x00, 0x00,
        0x00, 0x00, 0x00, 0x00, 0x00, 0x00, 0x00, 0x00, 0x00, 0x00, 0x00, 0x00,
        0x00, 0x00, 0x00, 0x00, 0x00, 0x00, 0x00, 0x00, 0x00, 0x00, 0x00, 0x00,
        0x00, 0x00, 0x00, 0x00, 0x00, 0x00, 0x00, 0x00, 0x00, 0x00, 0x00, 0x00,
        0x00, 0x00, 0x00, 0x00, 0x00, 0x00, 0x00, 0x00, 0x00, 0x00, 0x00, 0x00,
        0x00, 0x00, 0x00, 0x00, 0x00, 0x00, 0x00, 0x00, 0x00, 0x00, 0x00, 0x00,
        0x00, 0x00, 0x00, 0x00, 0x00, 0x00, 0x00, 0x00, 0x00, 0x00, 0x00, 0x00,
        0x00, 0x00, 0x00, 0x00, 0x00, 0x00, 0x00, 0x00, 0x00, 0x00, 0x00, 0x00,
        0x00, 0x00, 0x00, 0x00, 0x00, 0x00, 0x00, 0x00, 0x00, 0x00, 0x00, 0x00,
        0x00, 0x00, 0x00, 0x00, 0x00, 0x00, 0x00, 0x00, 0x00, 0x00, 0x00, 0x00,
        0x00, 0x00, 0x00, 0x00, 0x00, 0x00, 0x00, 0x00, 0x00, 0x00, 0x00, 0x00,
        0x00, 0x00, 0x00, 0x00, 0x00, 0x00, 0x00, 0x00, 0x00, 0x00, 0x00, 0x00,
        0x00, 0x00, 0x00, 0x00, 0x00, 0x00, 0x00, 0x00, 0x00, 0x00, 0x00, 0x00,
        0x00, 0x00, 0x00, 0x00, 0x00, 0x00, 0x00, 0x00, 0x00, 0x00, 0x00, 0x00,
        0x00, 0x00, 0x00, 0x00, 0x00, 0x00, 0x00, 0x00, 0x00, 0x00, 0x00, 0x00,
        0x00, 0x00, 0x00, 0x00, 0x00, 0x00, 0x00, 0x00, 0x00, 0x00, 0x00, 0x00,
        0x00, 0x00, 0x00, 0x00, 0x00, 0x00, 0x00, 0x00, 0x00, 0x00, 0x00, 0x00,
        0x00, 0x00, 0xff, 0xff, 0xff, 0xff, 0x1b, 0xf7, 0x39, 0xff, 0x76, 0xee,
        0x90, 0xe5, 0x6a, 0xcc, 0xc9, 0xbb, 0x6a, 0xcc, 0xec, 0xdc, 0x4e, 0xe5,
        0xec, 0xdc, 0xab, 0xd4, 0x10, 0xdd, 0xb8, 0xee, 0x97, 0xee, 0x3a, 0xf7,
        0x5c, 0xf7, 0x7c, 0xff, 0x7c, 0xff, 0x3a, 0xf7, 0xf9, 0xf6, 0xd8, 0xf6,
        0x96, 0xf6, 0x96, 0xf6, 0x75, 0xf6, 0x33, 0xf6, 0x90, 0xe5, 0x8f, 0xe5,
        0x13, 0xee, 0xf2, 0xed, 0x8f, 0xe5, 0x54, 0xee, 0xd1, 0xed, 0xd1, 0xed,
        0xd1, 0xed, 0x90, 0xe5, 0x33, 0xf6, 0xd1, 0xed, 0x4f, 0xdd, 0xcc, 0xcc,
        0x2b, 0xbc, 0xe7, 0x92, 0x66, 0x7a, 0xc6, 0x8a, 0x2b, 0xbc, 0xd1, 0xe5,
        0x34, 0xe6, 0x76, 0xee, 0x91, 0xdd, 0x96, 0xee, 0x2b, 0xb4, 0x68, 0xa3,
        0x8c, 0xc4, 0xee, 0xcc, 0xf3, 0xe5, 0x34, 0xe6, 0x70, 0xd5, 0xd2, 0xe5,
        0xb2, 0xdd, 0x70, 0xdd, 0x70, 0xdd, 0x96, 0xf6, 0x76, 0xee, 0x55, 0xee,
        0xb2, 0xdd, 0x91, 0xdd, 0x14, 0xee, 0x96, 0xee, 0x76, 0xee, 0x34, 0xe6,
        0x91, 0xd5, 0xce, 0xc4, 0x4c, 0xbc, 0x8c, 0xc4, 0xcc, 0xcc, 0xd1, 0xe5,
        0x54, 0xee, 0x75, 0xf6, 0x75, 0xf6, 0x75, 0xf6, 0x95, 0xf6, 0x96, 0xf6,
        0x13, 0xee, 0xf2, 0xed, 0xf2, 0xed, 0x8f, 0xe5, 0x4f, 0xdd, 0x29, 0xc4,
        0x47, 0xa3, 0x87, 0xb3, 0x4b, 0xbc, 0xcc, 0xcc, 0x0d, 0xd5, 0x70, 0xdd,
        0xf3, 0xed, 0xd1, 0xe5, 0xd2, 0xe5, 0x97, 0xee, 0x1a, 0xf7, 0xf9, 0xf6,
        0x96, 0xf6, 0xf3, 0xed, 0x14, 0xee, 0xf3, 0xed, 0x91, 0xdd, 0xb2, 0xdd,
        0xd2, 0xe5, 0xd3, 0xdd, 0xd3, 0xdd, 0xd3, 0xdd, 0x35, 0xe6, 0x76, 0xee,
        0x77, 0xe6, 0x97, 0xee, 0x35, 0xe6, 0xf5, 0xed, 0xf5, 0xed, 0xf5, 0xed,
        0xd3, 0xdd, 0x10, 0xdd, 0xd3, 0xdd, 0x1b, 0xf7, 0x00, 0x00, 0xff, 0xff,
        0x00, 0x00, 0x00, 0x00, 0x00, 0x00, 0x00, 0x00, 0x00, 0x00, 0x00, 0x00,
        0x00, 0x00, 0x00, 0x00, 0x00, 0x00, 0x00, 0x00, 0x00, 0x00, 0x00, 0x00,
        0x00, 0x00, 0x00, 0x00, 0x00, 0x00, 0x00, 0x00, 0x00, 0x00, 0x00, 0x00,
        0x00, 0x00, 0x00, 0x00, 0x00, 0x00, 0x00, 0x00, 0x00, 0x00, 0x00, 0x00,
        0x00, 0x00, 0x00, 0x00, 0x00, 0x00, 0x00, 0x00, 0x00, 0x00, 0x00, 0x00,
        0x00, 0x00, 0x00, 0x00, 0x00, 0x00, 0x00, 0x00, 0x00, 0x00, 0x00, 0x00,
        0x00, 0x00, 0x00, 0x00, 0x00, 0x00, 0x00, 0x00, 0x00, 0x00, 0x00, 0x00,
        0x00, 0x00, 0x00, 0x00, 0x00, 0x00, 0x00, 0x00, 0x00, 0x00, 0x00, 0x00,
        0x00, 0x00, 0x00, 0x00, 0x00, 0x00, 0x00, 0x00, 0x00, 0x00, 0x00, 0x00,
        0x00, 0x00, 0x00, 0x00, 0x00, 0x00, 0x00, 0x00, 0x00, 0x00, 0x00, 0x00,
        0x00, 0x00, 0x00, 0x00, 0x00, 0x00, 0x00, 0x00, 0x00, 0x00, 0x00, 0x00,
        0x00, 0x00, 0x00, 0x00, 0x00, 0x00, 0x00, 0x00, 0x00, 0x00, 0x00, 0x00,
        0x00, 0x00, 0x00, 0x00, 0x00, 0x00, 0x00, 0x00, 0x00, 0x00, 0x00, 0x00,
        0x00, 0x00, 0x00, 0x00, 0x00, 0x00, 0x00, 0x00, 0x00, 0x00, 0x00, 0x00,
        0x00, 0x00, 0x00, 0x00, 0x00, 0x00, 0x00, 0x00, 0x00, 0x00, 0x00, 0x00,
        0x00, 0x00, 0x00, 0x00, 0x00, 0x00, 0x00, 0x00, 0x00, 0x00, 0x00, 0x00,
        0x00, 0x00, 0x00, 0x00, 0x00, 0x00, 0x00, 0x00, 0x00, 0x00, 0x00, 0x00,
        0x00, 0x00, 0x00, 0x00, 0x00, 0x00, 0x00, 0x00, 0x00, 0x00, 0x00, 0x00,
        0x00, 0x00, 0x00, 0x00, 0x00, 0x00, 0x00, 0x00, 0x00, 0x00, 0x00, 0x00,
        0xff, 0xff, 0x00, 0x00, 0x7d, 0xf7, 0x5b, 0xf7, 0x39, 0xff, 0x55, 0xee,
        0x8f, 0xe5, 0x2e, 0xd5, 0x29, 0xc4, 0x6a, 0xcc, 0x6a, 0xcc, 0xab, 0xd4,
        0x0d, 0xd5, 0xcc, 0xcc, 0x10, 0xdd, 0xb8, 0xee, 0x1a, 0xf7, 0x1a, 0xf7,
        0x5b, 0xff, 0x7c, 0xff, 0x7c, 0xff, 0x39, 0xff, 0xd8, 0xf6, 0xd8, 0xf6,
        0x75, 0xf6, 0x33, 0xf6, 0xf2, 0xed, 0xf2, 0xed, 0x90, 0xe5, 0x4f, 0xdd,
        0x8f, 0xe5, 0x13, 0xee, 0x4f, 0xdd, 0xd1, 0xed, 0xf2, 0xed, 0xd1, 0xed,
        0xf2, 0xed, 0x90, 0xe5, 0xf2, 0xed, 0x8f, 0xe5, 0x4e, 0xe5, 0x8c, 0xcc,
        0x29, 0xc4, 0x68, 0xa3, 0xa7, 0x82, 0xe7, 0x92, 0x07, 0x9b, 0xee, 0xcc,
        0x35, 0xe6, 0x34, 0xe6, 0xd2, 0xe5, 0x96, 0xee, 0xef, 0xc4, 0xad, 0xc4,
        0x8c, 0xc4, 0xac, 0xc4, 0xd2, 0xe5, 0xf3, 0xe5, 0x50, 0xd5, 0x50, 0xd5,
        0x91, 0xdd, 0x91, 0xdd, 0x91, 0xdd, 0x96, 0xf6, 0x54, 0xee, 0xb2, 0xdd,
        0x0d, 0xd5, 0x70, 0xdd, 0xf3, 0xed, 0x75, 0xf6, 0xb7, 0xf6, 0x35, 0xe6,
        0xf3, 0xe5, 0x2f, 0xd5, 0xac, 0xc4, 0x2e, 0xd5, 0x2e, 0xd5, 0xf3, 0xed,
        0x54, 0xee, 0x33, 0xf6, 0x54, 0xee, 0x95, 0xf6, 0x95, 0xf6, 0xd8, 0xf6,
        0xb7, 0xf6, 0x75, 0xf6, 0x90, 0xe5, 0x4e, 0xe5, 0x4e, 0xe5, 0xcc, 0xcc,
        0x8c, 0xcc, 0xc9, 0xbb, 0x8c, 0xcc, 0x90, 0xe5, 0xf3, 0xed, 0x14, 0xee,
        0xd8, 0xf6, 0x1a, 0xf7, 0x7c, 0xff, 0xf9, 0xf6, 0x96, 0xf6, 0x75, 0xf6,
        0xf2, 0xed, 0xf3, 0xed, 0x91, 0xdd, 0x91, 0xdd, 0xf3, 0xe5, 0x34, 0xe6,
        0x55, 0xee, 0x35, 0xe6, 0x56, 0xe6, 0x76, 0xee, 0x35, 0xe6, 0x15, 0xe6,
        0x35, 0xe6, 0x15, 0xe6, 0xf5, 0xed, 0x14, 0xde, 0xf5, 0xed, 0xd3, 0xdd,
        0x10, 0xdd, 0x72, 0xdd, 0x77, 0xe6, 0x00, 0x00, 0xff, 0xff, 0xff, 0xff,
        0x00, 0x00, 0x00, 0x00, 0x00, 0x00, 0x00, 0x00, 0x00, 0x00, 0x00, 0x00,
        0x00, 0x00, 0x00, 0x00, 0x00, 0x00, 0x00, 0x00, 0x00, 0x00, 0x00, 0x00,
        0x00, 0x00, 0x00, 0x00, 0x00, 0x00, 0x00, 0x00, 0x00, 0x00, 0x00, 0x00,
        0x00, 0x00, 0x00, 0x00, 0x00, 0x00, 0x00, 0x00, 0x00, 0x00, 0x00, 0x00,
        0x00, 0x00, 0x00, 0x00, 0x00, 0x00, 0x00, 0x00, 0x00, 0x00, 0x00, 0x00,
        0x00, 0x00, 0x00, 0x00, 0x00, 0x00, 0x00, 0x00, 0x00, 0x00, 0x00, 0x00,
        0x00, 0x00, 0x00, 0x00, 0x00, 0x00, 0x00, 0x00, 0x00, 0x00, 0x00, 0x00,
        0x00, 0x00, 0x00, 0x00, 0x00, 0x00, 0x00, 0x00, 0x00, 0x00, 0x00, 0x00,
        0x00, 0x00, 0x00, 0x00, 0x00, 0x00, 0x00, 0x00, 0x00, 0x00, 0x00, 0x00,
        0x00, 0x00, 0x00, 0x00, 0x00, 0x00, 0x00, 0x00, 0x00, 0x00, 0x00, 0x00,
        0x00, 0x00, 0x00, 0x00, 0x00, 0x00, 0x00, 0x00, 0x00, 0x00, 0x00, 0x00,
        0x00, 0x00, 0x00, 0x00, 0x00, 0x00, 0x00, 0x00, 0x00, 0x00, 0x00, 0x00,
        0x00, 0x00, 0x00, 0x00, 0x00, 0x00, 0x00, 0x00, 0x00, 0x00, 0x00, 0x00,
        0x00, 0x00, 0x00, 0x00, 0x00, 0x00, 0x00, 0x00, 0x00, 0x00, 0x00, 0x00,
        0x00, 0x00, 0x00, 0x00, 0x00, 0x00, 0x00, 0x00, 0x00, 0x00, 0x00, 0x00,
        0x00, 0x00, 0x00, 0x00, 0x00, 0x00, 0x00, 0x00, 0x00, 0x00, 0x00, 0x00,
        0x00, 0x00, 0x00, 0x00, 0x00, 0x00, 0x00, 0x00, 0x00, 0x00, 0x00, 0x00,
        0x00, 0x00, 0x00, 0x00, 0x00, 0x00, 0x00, 0x00, 0x00, 0x00, 0x00, 0x00,
        0x00, 0x00, 0x00, 0x00, 0x00, 0x00, 0x00, 0x00, 0x00, 0x00, 0x00, 0x00,
        0xff, 0xff, 0x00, 0x00, 0x1b, 0xf7, 0x1a, 0xf7, 0xb7, 0xf6, 0x55, 0xee,
        0x90, 0xe5, 0x4f, 0xdd, 0x8c, 0xcc, 0x29, 0xc4, 0x29, 0xc4, 0x6a, 0xcc,
        0x6a, 0xcc, 0x6a, 0xcc, 0x72, 0xdd, 0xd9, 0xee, 0xf9, 0xf6, 0x1a, 0xf7,
        0x1a, 0xf7, 0x3a, 0xf7, 0x3a, 0xf7, 0xf9, 0xf6, 0x96, 0xf6, 0x95, 0xf6,
        0x54, 0xee, 0xf2, 0xed, 0xf2, 0xed, 0xd1, 0xed, 0x8f, 0xe5, 0x8f, 0xe5,
        0x4e, 0xe5, 0x4e, 0xe5, 0xd1, 0xe5, 0x4f, 0xdd, 0x33, 0xf6, 0x90, 0xe5,
        0xf2, 0xed, 0x8f, 0xe5, 0x8f, 0xe5, 0x8f, 0xe5, 0x4e, 0xe5, 0xcc, 0xcc,
        0x29, 0xc4, 0xa9, 0xab, 0xa7, 0x82, 0xa7, 0x82, 0x65, 0x82, 0x4b, 0xbc,
        0xf3, 0xe5, 0x14, 0xe6, 0x55, 0xee, 0x96, 0xee, 0x35, 0xe6, 0x50, 0xcd,
        0x50, 0xcd, 0xac, 0xc4, 0xee, 0xcc, 0x50, 0xd5, 0xee, 0xcc, 0xac, 0xc4,
        0x50, 0xd5, 0x70, 0xdd, 0xd2, 0xe5, 0x14, 0xee, 0xd1, 0xe5, 0xee, 0xcc,
        0x09, 0xb4, 0x4f, 0xd5, 0xf3, 0xed, 0xb7, 0xf6, 0x96, 0xee, 0x55, 0xee,
        0xd2, 0xe5, 0x2f, 0xd5, 0x4f, 0xd5, 0xee, 0xcc, 0x0d, 0xd5, 0xf2, 0xed,
        0x14, 0xee, 0x33, 0xf6, 0x95, 0xf6, 0x95, 0xf6, 0xb7, 0xf6, 0xd8, 0xf6,
        0xd8, 0xf6, 0x14, 0xee, 0xd1, 0xe5, 0x8f, 0xe5, 0x4f, 0xdd, 0x0d, 0xd5,
        0x4e, 0xe5, 0xcc, 0xcc, 0x4f, 0xdd, 0x96, 0xee, 0x39, 0xff, 0x39, 0xff,
        0xd8, 0xf6, 0xf8, 0xfe, 0x96, 0xf6, 0x90, 0xe5, 0x70, 0xdd, 0x0d, 0xd5,
        0xee, 0xcc, 0x50, 0xd5, 0x50, 0xd5, 0x91, 0xdd, 0x91, 0xdd, 0xf3, 0xe5,
        0x14, 0xe6, 0xd3, 0xdd, 0xd3, 0xdd, 0x15, 0xe6, 0x35, 0xe6, 0x35, 0xe6,
        0xf5, 0xed, 0xd3, 0xdd, 0xd3, 0xdd, 0x14, 0xde, 0x15, 0xe6, 0xd3, 0xdd,
        0x10, 0xdd, 0xf4, 0xdd, 0x5c, 0xf7, 0x00, 0x00, 0xff, 0xff, 0x00, 0x00,
        0x00, 0x00, 0x00, 0x00, 0x00, 0x00, 0x00, 0x00, 0x00, 0x00, 0x00, 0x00,
        0x00, 0x00, 0x00, 0x00, 0x00, 0x00, 0x00, 0x00, 0x00, 0x00, 0x00, 0x00,
        0x00, 0x00, 0x00, 0x00, 0x00, 0x00, 0x00, 0x00, 0x00, 0x00, 0x00, 0x00,
        0x00, 0x00, 0x00, 0x00, 0x00, 0x00, 0x00, 0x00, 0x00, 0x00, 0x00, 0x00,
        0x00, 0x00, 0x00, 0x00, 0x00, 0x00, 0x00, 0x00, 0x00, 0x00, 0x00, 0x00,
        0x00, 0x00, 0x00, 0x00, 0x00, 0x00, 0x00, 0x00, 0x00, 0x00, 0x00, 0x00,
        0x00, 0x00, 0x00, 0x00, 0x00, 0x00, 0x00, 0x00, 0x00, 0x00, 0x00, 0x00,
        0x00, 0x00, 0x00, 0x00, 0x00, 0x00, 0x00, 0x00, 0x00, 0x00, 0x00, 0x00,
        0x00, 0x00, 0x00, 0x00, 0x00, 0x00, 0x00, 0x00, 0x00, 0x00, 0x00, 0x00,
        0x00, 0x00, 0x00, 0x00, 0x00, 0x00, 0x00, 0x00, 0x00, 0x00, 0x00, 0x00,
        0x00, 0x00, 0x00, 0x00, 0x00, 0x00, 0x00, 0x00, 0x00, 0x00, 0x00, 0x00,
        0x00, 0x00, 0x00, 0x00, 0x00, 0x00, 0x00, 0x00, 0x00, 0x00, 0x00, 0x00,
        0x00, 0x00, 0x00, 0x00, 0x00, 0x00, 0x00, 0x00, 0x00, 0x00, 0x00, 0x00,
        0x00, 0x00, 0x00, 0x00, 0x00, 0x00, 0x00, 0x00, 0x00, 0x00, 0x00, 0x00,
        0x00, 0x00, 0x00, 0x00, 0x00, 0x00, 0x00, 0x00, 0x00, 0x00, 0x00, 0x00,
        0x00, 0x00, 0x00, 0x00, 0x00, 0x00, 0x00, 0x00, 0x00, 0x00, 0x00, 0x00,
        0x00, 0x00, 0x00, 0x00, 0x00, 0x00, 0x00, 0x00, 0x00, 0x00, 0x00, 0x00,
        0x00, 0x00, 0x00, 0x00, 0x00, 0x00, 0x00, 0x00, 0x00, 0x00, 0x00, 0x00,
        0x00, 0x00, 0x00, 0x00, 0x00, 0x00, 0x00, 0x00, 0x00, 0x00, 0xff, 0xff,
        0x00, 0x00, 0xff, 0xff, 0x5b, 0xf7, 0x1a, 0xf7, 0x76, 0xee, 0x14, 0xee,
        0x90, 0xe5, 0x0d, 0xd5, 0x0d, 0xd5, 0x6a, 0xcc, 0xc9, 0xbb, 0x29, 0xc4,
        0x6a, 0xcc, 0x29, 0xc4, 0x8c, 0xcc, 0xb8, 0xf6, 0x3a, 0xf7, 0x1a, 0xf7,
        0xf9, 0xf6, 0xb8, 0xf6, 0xd8, 0xf6, 0x96, 0xf6, 0x54, 0xee, 0x14, 0xee,
        0xd1, 0xe5, 0x4f, 0xdd, 0xf3, 0xed, 0xf2, 0xed, 0x4e, 0xe5, 0x8f, 0xe5,
        0x4f, 0xdd, 0x4e, 0xe5, 0x8f, 0xe5, 0xd1, 0xe5, 0xf2, 0xed, 0xf3, 0xed,
        0xd1, 0xed, 0x8f, 0xe5, 0x4e, 0xe5, 0x4e, 0xe5, 0xab, 0xd4, 0x6a, 0xcc,
        0x29, 0xc4, 0x07, 0x9b, 0xc6, 0x8a, 0x65, 0x82, 0x65, 0x82, 0xa9, 0xab,
        0x70, 0xdd, 0x35, 0xe6, 0x34, 0xe6, 0x96, 0xee, 0x14, 0xe6, 0xb2, 0xdd,
        0xb2, 0xdd, 0xc9, 0xb3, 0x8c, 0xc4, 0xce, 0xc4, 0xc9, 0xb3, 0xac, 0xc4,
        0x70, 0xdd, 0x70, 0xdd, 0x91, 0xdd, 0x70, 0xdd, 0x2f, 0xd5, 0xc9, 0xb3,
        0x2b, 0xbc, 0xf3, 0xe5, 0x55, 0xee, 0xb7, 0xf6, 0x76, 0xee, 0xb7, 0xf6,
        0x91, 0xdd, 0xee, 0xcc, 0x8c, 0xc4, 0x09, 0xb4, 0xcc, 0xcc, 0x90, 0xe5,
        0xf2, 0xed, 0x54, 0xee, 0x95, 0xf6, 0x95, 0xf6, 0x96, 0xf6, 0x95, 0xf6,
        0xd8, 0xf6, 0x33, 0xf6, 0x54, 0xee, 0x90, 0xe5, 0x4f, 0xdd, 0xcc, 0xcc,
        0x70, 0xdd, 0xd2, 0xe5, 0x1a, 0xf7, 0x1a, 0xf7, 0x96, 0xf6, 0xd2, 0xe5,
        0x14, 0xe6, 0xd1, 0xe5, 0x0d, 0xd5, 0x2e, 0xd5, 0x50, 0xd5, 0x91, 0xdd,
        0x91, 0xdd, 0xd2, 0xe5, 0xf3, 0xe5, 0x34, 0xe6, 0x14, 0xe6, 0x34, 0xe6,
        0x35, 0xe6, 0x56, 0xe6, 0x56, 0xe6, 0x35, 0xe6, 0xf5, 0xed, 0x56, 0xe6,
        0x56, 0xe6, 0x36, 0xe6, 0x35, 0xde, 0xd3, 0xdd, 0xd4, 0xdd, 0xb3, 0xd5,
        0x14, 0xde, 0x5c, 0xf7, 0x00, 0x00, 0xff, 0xff, 0x00, 0x00, 0x00, 0x00,
        0x00, 0x00, 0x00, 0x00, 0x00, 0x00, 0x00, 0x00, 0x00, 0x00, 0x00, 0x00,
        0x00, 0x00, 0x00, 0x00, 0x00, 0x00, 0x00, 0x00, 0x00, 0x00, 0x00, 0x00,
        0x00, 0x00, 0x00, 0x00, 0x00, 0x00, 0x00, 0x00, 0x00, 0x00, 0x00, 0x00,
        0x00, 0x00, 0x00, 0x00, 0x00, 0x00, 0x00, 0x00, 0x00, 0x00, 0x00, 0x00,
        0x00, 0x00, 0x00, 0x00, 0x00, 0x00, 0x00, 0x00, 0x00, 0x00, 0x00, 0x00,
        0x00, 0x00, 0x00, 0x00, 0x00, 0x00, 0x00, 0x00, 0x00, 0x00, 0x00, 0x00,
        0x00, 0x00, 0x00, 0x00, 0x00, 0x00, 0x00, 0x00, 0x00, 0x00, 0x00, 0x00,
        0x00, 0x00, 0x00, 0x00, 0x00, 0x00, 0x00, 0x00, 0x00, 0x00, 0x00, 0x00,
        0x00, 0x00, 0x00, 0x00, 0x00, 0x00, 0x00, 0x00, 0x00, 0x00, 0x00, 0x00,
        0x00, 0x00, 0x00, 0x00, 0x00, 0x00, 0x00, 0x00, 0x00, 0x00, 0x00, 0x00,
        0x00, 0x00, 0x00, 0x00, 0x00, 0x00, 0x00, 0x00, 0x00, 0x00, 0x00, 0x00,
        0x00, 0x00, 0x00, 0x00, 0x00, 0x00, 0x00, 0x00, 0x00, 0x00, 0x00, 0x00,
        0x00, 0x00, 0x00, 0x00, 0x00, 0x00, 0x00, 0x00, 0x00, 0x00, 0x00, 0x00,
        0x00, 0x00, 0x00, 0x00, 0x00, 0x00, 0x00, 0x00, 0x00, 0x00, 0x00, 0x00,
        0x00, 0x00, 0x00, 0x00, 0x00, 0x00, 0x00, 0x00, 0x00, 0x00, 0x00, 0x00,
        0x00, 0x00, 0x00, 0x00, 0x00, 0x00, 0x00, 0x00, 0x00, 0x00, 0x00, 0x00,
        0x00, 0x00, 0x00, 0x00, 0x00, 0x00, 0x00, 0x00, 0x00, 0x00, 0x00, 0x00,
        0x00, 0x00, 0x00, 0x00, 0x00, 0x00, 0x00, 0x00, 0x00, 0x00, 0x00, 0x00,
        0x00, 0x00, 0x00, 0x00, 0x00, 0x00, 0x00, 0x00, 0x00, 0x00, 0xff, 0xff,
        0x00, 0x00, 0x5c, 0xf7, 0xfa, 0xf6, 0xd8, 0xf6, 0x55, 0xee, 0xf3, 0xed,
        0x90, 0xe5, 0x0d, 0xd5, 0xcc, 0xcc, 0x0c, 0xc4, 0xc9, 0xbb, 0xc9, 0xbb,
        0xaf, 0xcc, 0x10, 0xdd, 0x10, 0xdd, 0x35, 0xe6, 0x1a, 0xf7, 0xd8, 0xf6,
        0xd8, 0xf6, 0x96, 0xf6, 0x96, 0xf6, 0x54, 0xee, 0x14, 0xee, 0xd1, 0xe5,
        0x90, 0xe5, 0x4f, 0xdd, 0x8f, 0xe5, 0xd1, 0xed, 0xd1, 0xed, 0x8f, 0xe5,
        0x4e, 0xe5, 0x4f, 0xdd, 0x4e, 0xe5, 0xf2, 0xed, 0xd1, 0xe5, 0xd1, 0xed,
        0xd1, 0xed, 0x8f, 0xe5, 0xec, 0xdc, 0xec, 0xdc, 0xab, 0xd4, 0x6a, 0xcc,
        0x6b, 0xc4, 0x68, 0xa3, 0xa9, 0xab, 0x48, 0x9b, 0xc6, 0x8a, 0x07, 0x9b,
        0xac, 0xc4, 0xd2, 0xe5, 0x91, 0xdd, 0xf3, 0xe5, 0x91, 0xdd, 0x76, 0xee,
        0xad, 0xc4, 0x09, 0xb4, 0xce, 0xc4, 0xea, 0xab, 0x4c, 0xbc, 0x50, 0xd5,
        0x91, 0xdd, 0xcd, 0xcc, 0x91, 0xdd, 0xac, 0xc4, 0xc9, 0xb3, 0x2b, 0xb4,
        0xd3, 0xdd, 0x76, 0xee, 0x35, 0xe6, 0xb7, 0xf6, 0xd8, 0xf6, 0x55, 0xee,
        0xee, 0xcc, 0x2b, 0xbc, 0xc9, 0xb3, 0x2b, 0xbc, 0xcc, 0xcc, 0x0d, 0xd5,
        0x90, 0xe5, 0x14, 0xee, 0x33, 0xf6, 0x33, 0xf6, 0x33, 0xf6, 0x95, 0xf6,
        0xd8, 0xf6, 0xd8, 0xf6, 0x39, 0xff, 0x39, 0xff, 0x96, 0xee, 0xb7, 0xf6,
        0x1a, 0xf7, 0xf8, 0xfe, 0xd8, 0xf6, 0xf3, 0xed, 0xd2, 0xe5, 0x91, 0xdd,
        0x50, 0xd5, 0x2e, 0xd5, 0xb2, 0xdd, 0xf3, 0xe5, 0x14, 0xee, 0x14, 0xee,
        0xd2, 0xe5, 0xd2, 0xe5, 0x34, 0xe6, 0x34, 0xe6, 0x35, 0xe6, 0x97, 0xee,
        0x76, 0xee, 0x56, 0xe6, 0x56, 0xe6, 0x56, 0xe6, 0x15, 0xe6, 0xd3, 0xdd,
        0xd3, 0xdd, 0x72, 0xdd, 0x72, 0xdd, 0x72, 0xdd, 0x10, 0xdd, 0x72, 0xdd,
        0x77, 0xe6, 0x00, 0x00, 0xff, 0xff, 0x00, 0x00, 0x00, 0x00, 0x00, 0x00,
        0x00, 0x00, 0x00, 0x00, 0x00, 0x00, 0x00, 0x00, 0x00, 0x00, 0x00, 0x00,
        0x00, 0x00, 0x00, 0x00, 0x00, 0x00, 0x00, 0x00, 0x00, 0x00, 0x00, 0x00,
        0x00, 0x00, 0x00, 0x00, 0x00, 0x00, 0x00, 0x00, 0x00, 0x00, 0x00, 0x00,
        0x00, 0x00, 0x00, 0x00, 0x00, 0x00, 0x00, 0x00, 0x00, 0x00, 0x00, 0x00,
        0x00, 0x00, 0x00, 0x00, 0x00, 0x00, 0x00, 0x00, 0x00, 0x00, 0x00, 0x00,
        0x00, 0x00, 0x00, 0x00, 0x00, 0x00, 0x00, 0x00, 0x00, 0x00, 0x00, 0x00,
        0x00, 0x00, 0x00, 0x00, 0x00, 0x00, 0x00, 0x00, 0x00, 0x00, 0x00, 0x00,
        0x00, 0x00, 0x00, 0x00, 0x00, 0x00, 0x00, 0x00, 0x00, 0x00, 0x00, 0x00,
        0x00, 0x00, 0x00, 0x00, 0x00, 0x00, 0x00, 0x00, 0x00, 0x00, 0x00, 0x00,
        0x00, 0x00, 0x00, 0x00, 0x00, 0x00, 0x00, 0x00, 0x00, 0x00, 0x00, 0x00,
        0x00, 0x00, 0x00, 0x00, 0x00, 0x00, 0x00, 0x00, 0x00, 0x00, 0x00, 0x00,
        0x00, 0x00, 0x00, 0x00, 0x00, 0x00, 0x00, 0x00, 0x00, 0x00, 0x00, 0x00,
        0x00, 0x00, 0x00, 0x00, 0x00, 0x00, 0x00, 0x00, 0x00, 0x00, 0x00, 0x00,
        0x00, 0x00, 0x00, 0x00, 0x00, 0x00, 0x00, 0x00, 0x00, 0x00, 0x00, 0x00,
        0x00, 0x00, 0x00, 0x00, 0x00, 0x00, 0x00, 0x00, 0x00, 0x00, 0x00, 0x00,
        0x00, 0x00, 0x00, 0x00, 0x00, 0x00, 0x00, 0x00, 0x00, 0x00, 0x00, 0x00,
        0x00, 0x00, 0x00, 0x00, 0x00, 0x00, 0x00, 0x00, 0x00, 0x00, 0x00, 0x00,
        0x00, 0x00, 0x00, 0x00, 0x00, 0x00, 0x00, 0x00, 0x00, 0x00, 0x00, 0x00,
        0x00, 0x00, 0x00, 0x00, 0x00, 0x00, 0x00, 0x00, 0x00, 0x00, 0xff, 0xff,
        0x00, 0x00, 0x1b, 0xf7, 0xf8, 0xfe, 0x55, 0xee, 0x14, 0xee, 0xd1, 0xe5,
        0x90, 0xe5, 0x0d, 0xd5, 0x8c, 0xcc, 0x8c, 0xcc, 0xc9, 0xbb, 0xc9, 0xbb,
        0x2e, 0xd5, 0x55, 0xee, 0x35, 0xe6, 0x55, 0xee, 0xb7, 0xf6, 0xb7, 0xf6,
        0x96, 0xee, 0x55, 0xee, 0x54, 0xee, 0x14, 0xee, 0xf3, 0xed, 0xd1, 0xe5,
        0x0d, 0xd5, 0x4f, 0xdd, 0x4e, 0xe5, 0x4f, 0xdd, 0xd1, 0xed, 0x13, 0xee,
        0x4f, 0xdd, 0x4f, 0xdd, 0x4f, 0xdd, 0xd1, 0xed, 0xf3, 0xed, 0xd1, 0xed,
        0xd1, 0xed, 0x8f, 0xe5, 0xec, 0xdc, 0x6a, 0xcc, 0x6a, 0xcc, 0x6a, 0xcc,
        0x6a, 0xcc, 0x29, 0xc4, 0x6b, 0xc4, 0xad, 0xc4, 0x48, 0x9b, 0xe7, 0x92,
        0xc9, 0xb3, 0xac, 0xc4, 0x8c, 0xcc, 0xac, 0xc4, 0x91, 0xdd, 0x34, 0xe6,
        0xce, 0xc4, 0x50, 0xcd, 0x4c, 0xbc, 0xad, 0xc4, 0x0f, 0xcd, 0xd2, 0xe5,
        0xad, 0xc4, 0xcd, 0xcc, 0x50, 0xd5, 0xa9, 0xab, 0xea, 0xab, 0xb2, 0xd5,
        0xb8, 0xf6, 0x35, 0xe6, 0x55, 0xee, 0x97, 0xee, 0x14, 0xe6, 0xb2, 0xdd,
        0xad, 0xc4, 0xca, 0xa3, 0x68, 0xa3, 0x4b, 0xbc, 0x6b, 0xc4, 0x2e, 0xd5,
        0xd1, 0xe5, 0xd1, 0xe5, 0xd1, 0xe5, 0x13, 0xee, 0x75, 0xf6, 0x96, 0xf6,
        0xd8, 0xf6, 0xf8, 0xfe, 0x39, 0xff, 0x39, 0xff, 0xb7, 0xf6, 0x96, 0xf6,
        0x95, 0xf6, 0x96, 0xee, 0x55, 0xee, 0xd3, 0xdd, 0xce, 0xc4, 0xad, 0xc4,
        0xee, 0xcc, 0x91, 0xdd, 0x34, 0xe6, 0x70, 0xdd, 0x70, 0xdd, 0xb2, 0xdd,
        0xf3, 0xe5, 0x14, 0xe6, 0x34, 0xe6, 0x35, 0xe6, 0x35, 0xe6, 0x35, 0xe6,
        0x35, 0xde, 0xd3, 0xdd, 0x72, 0xdd, 0x72, 0xdd, 0x72, 0xdd, 0x10, 0xdd,
        0x10, 0xdd, 0x10, 0xdd, 0x72, 0xdd, 0xb3, 0xd5, 0x72, 0xdd, 0x36, 0xe6,
        0x5c, 0xf7, 0x00, 0x00, 0xff, 0xff, 0x00, 0x00, 0x00, 0x00, 0x00, 0x00,
        0x00, 0x00, 0x00, 0x00, 0x00, 0x00, 0x00, 0x00, 0x00, 0x00, 0x00, 0x00,
        0x00, 0x00, 0x00, 0x00, 0x00, 0x00, 0x00, 0x00, 0x00, 0x00, 0x00, 0x00,
        0x00, 0x00, 0x00, 0x00, 0x00, 0x00, 0x00, 0x00, 0x00, 0x00, 0x00, 0x00,
        0x00, 0x00, 0x00, 0x00, 0x00, 0x00, 0x00, 0x00, 0x00, 0x00, 0x00, 0x00,
        0x00, 0x00, 0x00, 0x00, 0x00, 0x00, 0x00, 0x00, 0x00, 0x00, 0x00, 0x00,
        0x00, 0x00, 0x00, 0x00, 0x00, 0x00, 0x00, 0x00, 0x00, 0x00, 0x00, 0x00,
        0x00, 0x00, 0x00, 0x00, 0x00, 0x00, 0x00, 0x00, 0x00, 0x00, 0x00, 0x00,
        0x00, 0x00, 0x00, 0x00, 0x00, 0x00, 0x00, 0x00, 0x00, 0x00, 0x00, 0x00,
        0x00, 0x00, 0x00, 0x00, 0x00, 0x00, 0x00, 0x00, 0x00, 0x00, 0x00, 0x00,
        0x00, 0x00, 0x00, 0x00, 0x00, 0x00, 0x00, 0x00, 0x00, 0x00, 0x00, 0x00,
        0x00, 0x00, 0x00, 0x00, 0x00, 0x00, 0x00, 0x00, 0x00, 0x00, 0x00, 0x00,
        0x00, 0x00, 0x00, 0x00, 0x00, 0x00, 0x00, 0x00, 0x00, 0x00, 0x00, 0x00,
        0x00, 0x00, 0x00, 0x00, 0x00, 0x00, 0x00, 0x00, 0x00, 0x00, 0x00, 0x00,
        0x00, 0x00, 0x00, 0x00, 0x00, 0x00, 0x00, 0x00, 0x00, 0x00, 0x00, 0x00,
        0x00, 0x00, 0x00, 0x00, 0x00, 0x00, 0x00, 0x00, 0x00, 0x00, 0x00, 0x00,
        0x00, 0x00, 0x00, 0x00, 0x00, 0x00, 0x00, 0x00, 0x00, 0x00, 0x00, 0x00,
        0x00, 0x00, 0x00, 0x00, 0x00, 0x00, 0x00, 0x00, 0x00, 0x00, 0x00, 0x00,
        0x00, 0x00, 0x00, 0x00, 0x00, 0x00, 0x00, 0x00, 0x00, 0x00, 0x00, 0x00,
        0x00, 0x00, 0x00, 0x00, 0x00, 0x00, 0x00, 0x00, 0xff, 0xff, 0x00, 0x00,
        0xff, 0xff, 0xfa, 0xee, 0xf8, 0xfe, 0x34, 0xe6, 0xd2, 0xe5, 0x4f, 0xd5,
        0x4f, 0xdd, 0x8c, 0xcc, 0x8c, 0xcc, 0xc9, 0xbb, 0xc9, 0xbb, 0xaf, 0xcc,
        0x10, 0xdd, 0x35, 0xe6, 0x97, 0xee, 0x96, 0xee, 0x76, 0xee, 0x96, 0xee,
        0x55, 0xee, 0x54, 0xee, 0x14, 0xee, 0x55, 0xee, 0xf3, 0xed, 0xd1, 0xe5,
        0x70, 0xdd, 0xec, 0xdc, 0x4e, 0xe5, 0x4e, 0xe5, 0xd1, 0xed, 0xd1, 0xed,
        0xf2, 0xed, 0xf3, 0xed, 0x4e, 0xe5, 0xf2, 0xed, 0xf2, 0xed, 0xf2, 0xed,
        0x8f, 0xe5, 0x4f, 0xdd, 0xab, 0xd4, 0x6a, 0xcc, 0x6a, 0xcc, 0x29, 0xc4,
        0x6a, 0xcc, 0x8c, 0xcc, 0x2e, 0xd5, 0x70, 0xd5, 0x2b, 0xbc, 0x48, 0x9b,
        0xc6, 0x8a, 0xc6, 0x8a, 0x07, 0x9b, 0x4b, 0xbc, 0x35, 0xe6, 0x91, 0xd5,
        0x91, 0xd5, 0xad, 0xc4, 0x4c, 0xbc, 0xac, 0xc4, 0x2f, 0xd5, 0xac, 0xc4,
        0x4b, 0xbc, 0x2f, 0xd5, 0xee, 0xcc, 0x4c, 0xbc, 0x70, 0xd5, 0x35, 0xe6,
        0x97, 0xee, 0x34, 0xe6, 0xf3, 0xe5, 0x91, 0xdd, 0x2f, 0xd5, 0xad, 0xc4,
        0xca, 0xa3, 0x48, 0x9b, 0x68, 0xa3, 0x68, 0xa3, 0xc9, 0xb3, 0xcc, 0xcc,
        0x4f, 0xd5, 0x14, 0xee, 0x14, 0xee, 0x54, 0xee, 0x54, 0xee, 0x75, 0xf6,
        0x75, 0xf6, 0x95, 0xf6, 0xb7, 0xf6, 0xf8, 0xfe, 0xd8, 0xf6, 0x75, 0xf6,
        0x55, 0xee, 0x96, 0xee, 0x91, 0xd5, 0x2b, 0xb4, 0x6d, 0xb4, 0x6d, 0xb4,
        0xcd, 0xcc, 0x2f, 0xd5, 0xcd, 0xcc, 0xcd, 0xcc, 0x0f, 0xcd, 0x2f, 0xd5,
        0x50, 0xd5, 0xb2, 0xdd, 0xd3, 0xdd, 0xd3, 0xdd, 0x14, 0xde, 0xd3, 0xdd,
        0xd3, 0xdd, 0x14, 0xde, 0x72, 0xdd, 0x72, 0xdd, 0x10, 0xdd, 0x10, 0xdd,
        0xaf, 0xcc, 0xaf, 0xcc, 0xaf, 0xcc, 0xaf, 0xcc, 0x10, 0xdd, 0x37, 0xde,
        0x00, 0x00, 0xff, 0xff, 0x00, 0x00, 0x00, 0x00, 0x00, 0x00, 0x00, 0x00,
        0x00, 0x00, 0x00, 0x00, 0x00, 0x00, 0x00, 0x00, 0x00, 0x00, 0x00, 0x00,
        0x00, 0x00, 0x00, 0x00, 0x00, 0x00, 0x00, 0x00, 0x00, 0x00, 0x00, 0x00,
        0x00, 0x00, 0x00, 0x00, 0x00, 0x00, 0x00, 0x00, 0x00, 0x00, 0x00, 0x00,
        0x00, 0x00, 0x00, 0x00, 0x00, 0x00, 0x00, 0x00, 0x00, 0x00, 0x00, 0x00,
        0x00, 0x00, 0x00, 0x00, 0x00, 0x00, 0x00, 0x00, 0x00, 0x00, 0x00, 0x00,
        0x00, 0x00, 0x00, 0x00, 0x00, 0x00, 0x00, 0x00, 0x00, 0x00, 0x00, 0x00,
        0x00, 0x00, 0x00, 0x00, 0x00, 0x00, 0x00, 0x00, 0x00, 0x00, 0x00, 0x00,
        0x00, 0x00, 0x00, 0x00, 0x00, 0x00, 0x00, 0x00, 0x00, 0x00, 0x00, 0x00,
        0x00, 0x00, 0x00, 0x00, 0x00, 0x00, 0x00, 0x00, 0x00, 0x00, 0x00, 0x00,
        0x00, 0x00, 0x00, 0x00, 0x00, 0x00, 0x00, 0x00, 0x00, 0x00, 0x00, 0x00,
        0x00, 0x00, 0x00, 0x00, 0x00, 0x00, 0x00, 0x00, 0x00, 0x00, 0x00, 0x00,
        0x00, 0x00, 0x00, 0x00, 0x00, 0x00, 0x00, 0x00, 0x00, 0x00, 0x00, 0x00,
        0x00, 0x00, 0x00, 0x00, 0x00, 0x00, 0x00, 0x00, 0x00, 0x00, 0x00, 0x00,
        0x00, 0x00, 0x00, 0x00, 0x00, 0x00, 0x00, 0x00, 0x00, 0x00, 0x00, 0x00,
        0x00, 0x00, 0x00, 0x00, 0x00, 0x00, 0x00, 0x00, 0x00, 0x00, 0x00, 0x00,
        0x00, 0x00, 0x00, 0x00, 0x00, 0x00, 0x00, 0x00, 0x00, 0x00, 0x00, 0x00,
        0x00, 0x00, 0x00, 0x00, 0x00, 0x00, 0x00, 0x00, 0x00, 0x00, 0x00, 0x00,
        0x00, 0x00, 0x00, 0x00, 0x00, 0x00, 0x00, 0x00, 0x00, 0x00, 0x00, 0x00,
        0x00, 0x00, 0x00, 0x00, 0x00, 0x00, 0x00, 0x00, 0x00, 0x00, 0xff, 0xff,
        0xff, 0xff, 0x1b, 0xf7, 0xb7, 0xf6, 0xb2, 0xdd, 0xb2, 0xdd, 0x70, 0xdd,
        0x4f, 0xdd, 0x6b, 0xc4, 0x4b, 0xbc, 0x0c, 0xc4, 0xc9, 0xbb, 0x2e, 0xd5,
        0xd3, 0xdd, 0x55, 0xee, 0x96, 0xf6, 0x76, 0xee, 0x54, 0xee, 0xf3, 0xed,
        0xf3, 0xed, 0xf3, 0xed, 0xf2, 0xed, 0xd1, 0xe5, 0x90, 0xe5, 0xd1, 0xed,
        0xf3, 0xed, 0x90, 0xe5, 0x90, 0xe5, 0x4e, 0xe5, 0x8f, 0xe5, 0x4f, 0xdd,
        0x4e, 0xe5, 0x90, 0xe5, 0x90, 0xe5, 0x90, 0xe5, 0xd1, 0xe5, 0x8f, 0xe5,
        0x90, 0xe5, 0xec, 0xdc, 0x0d, 0xd5, 0x29, 0xc4, 0x29, 0xc4, 0x29, 0xc4,
        0x6a, 0xcc, 0x0d, 0xd5, 0x91, 0xdd, 0xf3, 0xe5, 0x29, 0xc4, 0x47, 0xa3,
        0x65, 0x82, 0x25, 0x72, 0xc6, 0x8a, 0x70, 0xd5, 0x34, 0xe6, 0xf3, 0xe5,
        0x34, 0xe6, 0x2b, 0xbc, 0xc9, 0xb3, 0x8c, 0xc4, 0x2f, 0xd5, 0xac, 0xc4,
        0xee, 0xcc, 0xcd, 0xcc, 0x4b, 0xbc, 0xea, 0xab, 0x2f, 0xd5, 0x35, 0xe6,
        0xf3, 0xe5, 0x70, 0xdd, 0xac, 0xc4, 0x2b, 0xbc, 0x2b, 0xbc, 0x07, 0x9b,
        0xc6, 0x8a, 0x28, 0x93, 0xa7, 0x82, 0x68, 0xa3, 0x2b, 0xbc, 0x8c, 0xcc,
        0x70, 0xdd, 0x14, 0xee, 0x90, 0xe5, 0x90, 0xe5, 0x90, 0xe5, 0x8f, 0xe5,
        0xd1, 0xe5, 0xf2, 0xed, 0x13, 0xee, 0x75, 0xf6, 0x14, 0xee, 0xb7, 0xf6,
        0x96, 0xee, 0xd2, 0xe5, 0x4b, 0xbc, 0xef, 0xc4, 0xd3, 0xdd, 0x71, 0xd5,
        0x71, 0xd5, 0x50, 0xcd, 0x0f, 0xcd, 0x70, 0xd5, 0x71, 0xd5, 0xb2, 0xd5,
        0xd3, 0xdd, 0xd3, 0xdd, 0xf4, 0xdd, 0x15, 0xe6, 0x56, 0xe6, 0x35, 0xe6,
        0x15, 0xe6, 0x36, 0xe6, 0x35, 0xde, 0x36, 0xe6, 0xd4, 0xdd, 0xb3, 0xd5,
        0x72, 0xdd, 0xaf, 0xcc, 0xaf, 0xcc, 0x0c, 0xc4, 0x10, 0xdd, 0x7d, 0xf7,
        0xff, 0xff, 0xff, 0xff, 0x00, 0x00, 0x00, 0x00, 0x00, 0x00, 0x00, 0x00,
        0x00, 0x00, 0x00, 0x00, 0x00, 0x00, 0x00, 0x00, 0x00, 0x00, 0x00, 0x00,
        0x00, 0x00, 0x00, 0x00, 0x00, 0x00, 0x00, 0x00, 0x00, 0x00, 0x00, 0x00,
        0x00, 0x00, 0x00, 0x00, 0x00, 0x00, 0x00, 0x00, 0x00, 0x00, 0x00, 0x00,
        0x00, 0x00, 0x00, 0x00, 0x00, 0x00, 0x00, 0x00, 0x00, 0x00, 0x00, 0x00,
        0x00, 0x00, 0x00, 0x00, 0x00, 0x00, 0x00, 0x00, 0x00, 0x00, 0x00, 0x00,
        0x00, 0x00, 0x00, 0x00, 0x00, 0x00, 0x00, 0x00, 0x00, 0x00, 0x00, 0x00,
        0x00, 0x00, 0x00, 0x00, 0x00, 0x00, 0x00, 0x00, 0x00, 0x00, 0x00, 0x00,
        0x00, 0x00, 0x00, 0x00, 0x00, 0x00, 0x00, 0x00, 0x00, 0x00, 0x00, 0x00,
        0x00, 0x00, 0x00, 0x00, 0x00, 0x00, 0x00, 0x00, 0x00, 0x00, 0x00, 0x00,
        0x00, 0x00, 0x00, 0x00, 0x00, 0x00, 0x00, 0x00, 0x00, 0x00, 0x00, 0x00,
        0x00, 0x00, 0x00, 0x00, 0x00, 0x00, 0x00, 0x00, 0x00, 0x00, 0x00, 0x00,
        0x00, 0x00, 0x00, 0x00, 0x00, 0x00, 0x00, 0x00, 0x00, 0x00, 0x00, 0x00,
        0x00, 0x00, 0x00, 0x00, 0x00, 0x00, 0x00, 0x00, 0x00, 0x00, 0x00, 0x00,
        0x00, 0x00, 0x00, 0x00, 0x00, 0x00, 0x00, 0x00, 0x00, 0x00, 0x00, 0x00,
        0x00, 0x00, 0x00, 0x00, 0x00, 0x00, 0x00, 0x00, 0x00, 0x00, 0x00, 0x00,
        0x00, 0x00, 0x00, 0x00, 0x00, 0x00, 0x00, 0x00, 0x00, 0x00, 0x00, 0x00,
        0x00, 0x00, 0x00, 0x00, 0x00, 0x00, 0x00, 0x00, 0x00, 0x00, 0x00, 0x00,
        0x00, 0x00, 0x00, 0x00, 0x00, 0x00, 0x00, 0x00, 0x00, 0x00, 0x00, 0x00,
        0x00, 0x00, 0x00, 0x00, 0x00, 0x00, 0x00, 0x00, 0x00, 0x00, 0xff, 0xff,
        0x00, 0x00, 0x1b, 0xf7, 0x96, 0xf6, 0x91, 0xd5, 0x50, 0xd5, 0x91, 0xdd,
        0x4f, 0xdd, 0xcc, 0xcc, 0x2b, 0xbc, 0xac, 0xc4, 0xd3, 0xdd, 0xd3, 0xdd,
        0x35, 0xe6, 0x35, 0xe6, 0x76, 0xee, 0x14, 0xee, 0x14, 0xee, 0xd1, 0xe5,
        0xd1, 0xe5, 0x90, 0xe5, 0xd1, 0xed, 0x90, 0xe5, 0x4e, 0xe5, 0x4e, 0xe5,
        0x8f, 0xe5, 0xd1, 0xe5, 0xd1, 0xe5, 0xd1, 0xe5, 0xf3, 0xed, 0x4f, 0xdd,
        0x4f, 0xdd, 0x90, 0xe5, 0xf3, 0xe5, 0x14, 0xe6, 0x14, 0xee, 0x90, 0xe5,
        0x90, 0xe5, 0x0d, 0xd5, 0xcc, 0xcc, 0x29, 0xc4, 0x87, 0xb3, 0x29, 0xc4,
        0xcc, 0xcc, 0x4f, 0xdd, 0x14, 0xee, 0xf3, 0xe5, 0xcc, 0xcc, 0xad, 0xc4,
        0x28, 0x93, 0xc4, 0x61, 0x07, 0x9b, 0xd2, 0xe5, 0x14, 0xe6, 0xb2, 0xdd,
        0x91, 0xd5, 0x68, 0xa3, 0xea, 0xab, 0x8c, 0xc4, 0x4b, 0xbc, 0x8c, 0xc4,
        0xcd, 0xcc, 0xad, 0xc4, 0xad, 0xc4, 0x4c, 0xbc, 0x91, 0xd5, 0x91, 0xd5,
        0xee, 0xcc, 0xa9, 0xab, 0xe7, 0x92, 0x28, 0x93, 0x28, 0x93, 0x66, 0x7a,
        0xa7, 0x82, 0x65, 0x82, 0x25, 0x72, 0x07, 0x9b, 0x09, 0xb4, 0xcc, 0xcc,
        0x70, 0xdd, 0x91, 0xdd, 0x70, 0xdd, 0xd1, 0xe5, 0x2e, 0xd5, 0x90, 0xe5,
        0xd1, 0xe5, 0x90, 0xe5, 0xd1, 0xe5, 0xf3, 0xe5, 0x36, 0xe6, 0x14, 0xee,
        0x96, 0xf6, 0x55, 0xee, 0x55, 0xee, 0xb7, 0xf6, 0x14, 0xe6, 0xb2, 0xd5,
        0x51, 0xcd, 0x4c, 0xbc, 0xce, 0xc4, 0x71, 0xd5, 0x30, 0xcd, 0x30, 0xcd,
        0x50, 0xcd, 0xd3, 0xdd, 0xd3, 0xdd, 0x72, 0xdd, 0x71, 0xd5, 0x71, 0xd5,
        0xd4, 0xdd, 0x15, 0xe6, 0xd4, 0xdd, 0xf4, 0xdd, 0x15, 0xde, 0xf4, 0xdd,
        0x72, 0xdd, 0x10, 0xdd, 0xaf, 0xcc, 0x72, 0xdd, 0x37, 0xde, 0x00, 0x00,
        0xff, 0xff, 0x00, 0x00, 0x00, 0x00, 0x00, 0x00, 0x00, 0x00, 0x00, 0x00,
        0x00, 0x00, 0x00, 0x00, 0x00, 0x00, 0x00, 0x00, 0x00, 0x00, 0x00, 0x00,
        0x00, 0x00, 0x00, 0x00, 0x00, 0x00, 0x00, 0x00, 0x00, 0x00, 0x00, 0x00,
        0x00, 0x00, 0x00, 0x00, 0x00, 0x00, 0x00, 0x00, 0x00, 0x00, 0x00, 0x00,
        0x00, 0x00, 0x00, 0x00, 0x00, 0x00, 0x00, 0x00, 0x00, 0x00, 0x00, 0x00,
        0x00, 0x00, 0x00, 0x00, 0x00, 0x00, 0x00, 0x00, 0x00, 0x00, 0x00, 0x00,
        0x00, 0x00, 0x00, 0x00, 0x00, 0x00, 0x00, 0x00, 0x00, 0x00, 0x00, 0x00,
        0x00, 0x00, 0x00, 0x00, 0x00, 0x00, 0x00, 0x00, 0x00, 0x00, 0x00, 0x00,
        0x00, 0x00, 0x00, 0x00, 0x00, 0x00, 0x00, 0x00, 0x00, 0x00, 0x00, 0x00,
        0x00, 0x00, 0x00, 0x00, 0x00, 0x00, 0x00, 0x00, 0x00, 0x00, 0x00, 0x00,
        0x00, 0x00, 0x00, 0x00, 0x00, 0x00, 0x00, 0x00, 0x00, 0x00, 0x00, 0x00,
        0x00, 0x00, 0x00, 0x00, 0x00, 0x00, 0x00, 0x00, 0x00, 0x00, 0x00, 0x00,
        0x00, 0x00, 0x00, 0x00, 0x00, 0x00, 0x00, 0x00, 0x00, 0x00, 0x00, 0x00,
        0x00, 0x00, 0x00, 0x00, 0x00, 0x00, 0x00, 0x00, 0x00, 0x00, 0x00, 0x00,
        0x00, 0x00, 0x00, 0x00, 0x00, 0x00, 0x00, 0x00, 0x00, 0x00, 0x00, 0x00,
        0x00, 0x00, 0x00, 0x00, 0x00, 0x00, 0x00, 0x00, 0x00, 0x00, 0x00, 0x00,
        0x00, 0x00, 0x00, 0x00, 0x00, 0x00, 0x00, 0x00, 0x00, 0x00, 0x00, 0x00,
        0x00, 0x00, 0x00, 0x00, 0x00, 0x00, 0x00, 0x00, 0x00, 0x00, 0x00, 0x00,
        0x00, 0x00, 0x00, 0x00, 0x00, 0x00, 0x00, 0x00, 0x00, 0x00, 0x00, 0x00,
        0x00, 0x00, 0x00, 0x00, 0x00, 0x00, 0x00, 0x00, 0xff, 0xff, 0x00, 0x00,
        0xbf, 0xff, 0xb9, 0xee, 0x96, 0xf6, 0xd3, 0xdd, 0x50, 0xcd, 0x2e, 0xd5,
        0x4f, 0xd5, 0x70, 0xdd, 0x70, 0xdd, 0x91, 0xd5, 0x76, 0xee, 0x96, 0xee,
        0x14, 0xee, 0x35, 0xe6, 0x76, 0xee, 0x14, 0xee, 0xf3, 0xed, 0xd1, 0xe5,
        0x8f, 0xe5, 0xd1, 0xe5, 0x8f, 0xe5, 0x4f, 0xdd, 0x90, 0xe5, 0x4f, 0xdd,
        0x4f, 0xdd, 0x4f, 0xdd, 0x90, 0xe5, 0x4e, 0xe5, 0xf2, 0xed, 0xf3, 0xed,
        0x90, 0xe5, 0xd2, 0xe5, 0xd1, 0xe5, 0x14, 0xee, 0x55, 0xee, 0xf3, 0xed,
        0x90, 0xe5, 0x4f, 0xd5, 0x29, 0xc4, 0x09, 0xb4, 0xc6, 0x8a, 0x47, 0xa3,
        0x0d, 0xd5, 0xf3, 0xed, 0x54, 0xee, 0xf3, 0xed, 0x70, 0xdd, 0x2f, 0xd5,
        0x48, 0x9b, 0xc4, 0x61, 0x07, 0x9b, 0xee, 0xcc, 0x91, 0xd5, 0x50, 0xd5,
        0xee, 0xcc, 0xc6, 0x8a, 0x8c, 0xc4, 0x2b, 0xbc, 0x4b, 0xbc, 0xee, 0xcc,
        0xcd, 0xcc, 0x4c, 0xbc, 0xce, 0xc4, 0xee, 0xcc, 0x70, 0xd5, 0x8c, 0xc4,
        0x89, 0xa3, 0x25, 0x72, 0xa7, 0x82, 0x89, 0xa3, 0x66, 0x7a, 0xe8, 0x82,
        0xc6, 0x8a, 0x66, 0x7a, 0x28, 0x93, 0xa9, 0xab, 0x6b, 0xc4, 0x2e, 0xd5,
        0x2e, 0xd5, 0xcc, 0xcc, 0xd2, 0xe5, 0x91, 0xdd, 0x4f, 0xd5, 0x70, 0xdd,
        0x0d, 0xd5, 0xd2, 0xe5, 0x36, 0xe6, 0x36, 0xe6, 0x13, 0xee, 0x96, 0xf6,
        0xb7, 0xf6, 0xb7, 0xf6, 0xb8, 0xf6, 0x34, 0xe6, 0x34, 0xe6, 0xd3, 0xdd,
        0x2b, 0xb4, 0x2c, 0xb4, 0xae, 0xbc, 0xea, 0xab, 0xa9, 0xab, 0xea, 0xab,
        0x0c, 0xc4, 0x0c, 0xc4, 0x0f, 0xcd, 0x92, 0xd5, 0xb3, 0xd5, 0x92, 0xd5,
        0x51, 0xcd, 0x10, 0xdd, 0x10, 0xdd, 0xaf, 0xcc, 0x10, 0xdd, 0x71, 0xd5,
        0x72, 0xdd, 0x10, 0xdd, 0xaf, 0xcc, 0x72, 0xdd, 0x5c, 0xf7, 0xff, 0xff,
        0xff, 0xff, 0x00, 0x00, 0x00, 0x00, 0x00, 0x00, 0x00, 0x00, 0x00, 0x00,
        0x00, 0x00, 0x00, 0x00, 0x00, 0x00, 0x00, 0x00, 0x00, 0x00, 0x00, 0x00,
        0x00, 0x00, 0x00, 0x00, 0x00, 0x00, 0x00, 0x00, 0x00, 0x00, 0x00, 0x00,
        0x00, 0x00, 0x00, 0x00, 0x00, 0x00, 0x00, 0x00, 0x00, 0x00, 0x00, 0x00,
        0x00, 0x00, 0x00, 0x00, 0x00, 0x00, 0x00, 0x00, 0x00, 0x00, 0x00, 0x00,
        0x00, 0x00, 0x00, 0x00, 0x00, 0x00, 0x00, 0x00, 0x00, 0x00, 0x00, 0x00,
        0x00, 0x00, 0x00, 0x00, 0x00, 0x00, 0x00, 0x00, 0x00, 0x00, 0x00, 0x00,
        0x00, 0x00, 0x00, 0x00, 0x00, 0x00, 0x00, 0x00, 0x00, 0x00, 0x00, 0x00,
        0x00, 0x00, 0x00, 0x00, 0x00, 0x00, 0x00, 0x00, 0x00, 0x00, 0x00, 0x00,
        0x00, 0x00, 0x00, 0x00, 0x00, 0x00, 0x00, 0x00, 0x00, 0x00, 0x00, 0x00,
        0x00, 0x00, 0x00, 0x00, 0x00, 0x00, 0x00, 0x00, 0x00, 0x00, 0x00, 0x00,
        0x00, 0x00, 0x00, 0x00, 0x00, 0x00, 0x00, 0x00, 0x00, 0x00, 0x00, 0x00,
        0x00, 0x00, 0x00, 0x00, 0x00, 0x00, 0x00, 0x00, 0x00, 0x00, 0x00, 0x00,
        0x00, 0x00, 0x00, 0x00, 0x00, 0x00, 0x00, 0x00, 0x00, 0x00, 0x00, 0x00,
        0x00, 0x00, 0x00, 0x00, 0x00, 0x00, 0x00, 0x00, 0x00, 0x00, 0x00, 0x00,
        0x00, 0x00, 0x00, 0x00, 0x00, 0x00, 0x00, 0x00, 0x00, 0x00, 0x00, 0x00,
        0x00, 0x00, 0x00, 0x00, 0x00, 0x00, 0x00, 0x00, 0x00, 0x00, 0x00, 0x00,
        0x00, 0x00, 0x00, 0x00, 0x00, 0x00, 0x00, 0x00, 0x00, 0x00, 0x00, 0x00,
        0x00, 0x00, 0x00, 0x00, 0x00, 0x00, 0x00, 0x00, 0x00, 0x00, 0x00, 0x00,
        0x00, 0x00, 0x00, 0x00, 0x00, 0x00, 0x00, 0x00, 0xff, 0xff, 0xff, 0xff,
        0xfa, 0xee, 0xb7, 0xf6, 0xd3, 0xdd, 0xd3, 0xdd, 0xd3, 0xdd, 0xd3, 0xdd,
        0x14, 0xe6, 0x14, 0xe6, 0x55, 0xee, 0x96, 0xee, 0x55, 0xee, 0x55, 0xee,
        0x14, 0xee, 0x14, 0xee, 0x14, 0xee, 0xf3, 0xed, 0x13, 0xee, 0xf2, 0xed,
        0x8f, 0xe5, 0xf2, 0xed, 0xd1, 0xed, 0x4f, 0xdd, 0xd1, 0xed, 0x13, 0xee,
        0xd1, 0xe5, 0x90, 0xe5, 0x90, 0xe5, 0x8f, 0xe5, 0x4f, 0xdd, 0xd1, 0xe5,
        0x14, 0xe6, 0x35, 0xe6, 0x14, 0xe6, 0x34, 0xe6, 0x76, 0xee, 0xf3, 0xe5,
        0xd1, 0xe5, 0x4f, 0xdd, 0x09, 0xb4, 0x07, 0x9b, 0xc6, 0x8a, 0x47, 0xa3,
        0x4f, 0xd5, 0xf3, 0xed, 0x76, 0xee, 0x55, 0xee, 0xd1, 0xe5, 0x2e, 0xd5,
        0x07, 0x9b, 0x84, 0x59, 0x65, 0x82, 0x09, 0xb4, 0x0f, 0xcd, 0xb2, 0xdd,
        0x2b, 0xbc, 0xc6, 0x8a, 0x2b, 0xbc, 0xc9, 0xb3, 0x4b, 0xbc, 0xee, 0xcc,
        0x2b, 0xb4, 0x8d, 0xbc, 0x4c, 0xbc, 0x2b, 0xbc, 0xea, 0xab, 0xc6, 0x8a,
        0x84, 0x59, 0x66, 0x7a, 0x28, 0x93, 0xca, 0xa3, 0x28, 0x93, 0xe7, 0x92,
        0xc6, 0x8a, 0x68, 0xa3, 0x6b, 0xc4, 0xac, 0xc4, 0x2e, 0xd5, 0x2e, 0xd5,
        0x2e, 0xd5, 0xd1, 0xe5, 0x35, 0xe6, 0x70, 0xdd, 0x2e, 0xd5, 0x50, 0xd5,
        0xb2, 0xdd, 0x50, 0xd5, 0x90, 0xe5, 0xcc, 0xcc, 0x2e, 0xd5, 0xd1, 0xe5,
        0x14, 0xee, 0x96, 0xee, 0x55, 0xee, 0x35, 0xe6, 0x35, 0xe6, 0x92, 0xd5,
        0x92, 0xd5, 0x72, 0xcd, 0xae, 0xbc, 0xae, 0xbc, 0xae, 0xbc, 0x8d, 0xbc,
        0xef, 0xc4, 0xaf, 0xcc, 0xcf, 0xbc, 0x10, 0xc5, 0xaf, 0xcc, 0xaf, 0xcc,
        0xaf, 0xcc, 0xaf, 0xcc, 0x2e, 0xb4, 0x0c, 0xc4, 0x0c, 0xc4, 0x0c, 0xc4,
        0x0c, 0xc4, 0x10, 0xdd, 0x72, 0xdd, 0x77, 0xe6, 0xbf, 0xff, 0x00, 0x00,
        0xff, 0xff, 0x00, 0x00, 0x00, 0x00, 0x00, 0x00, 0x00, 0x00, 0x00, 0x00,
        0x00, 0x00, 0x00, 0x00, 0x00, 0x00, 0x00, 0x00, 0x00, 0x00, 0x00, 0x00,
        0x00, 0x00, 0x00, 0x00, 0x00, 0x00, 0x00, 0x00, 0x00, 0x00, 0x00, 0x00,
        0x00, 0x00, 0x00, 0x00, 0x00, 0x00, 0x00, 0x00, 0x00, 0x00, 0x00, 0x00,
        0x00, 0x00, 0x00, 0x00, 0x00, 0x00, 0x00, 0x00, 0x00, 0x00, 0x00, 0x00,
        0x00, 0x00, 0x00, 0x00, 0x00, 0x00, 0x00, 0x00, 0x00, 0x00, 0x00, 0x00,
        0x00, 0x00, 0x00, 0x00, 0x00, 0x00, 0x00, 0x00, 0x00, 0x00, 0x00, 0x00,
        0x00, 0x00, 0x00, 0x00, 0x00, 0x00, 0x00, 0x00, 0x00, 0x00, 0x00, 0x00,
        0x00, 0x00, 0x00, 0x00, 0x00, 0x00, 0x00, 0x00, 0x00, 0x00, 0x00, 0x00,
        0x00, 0x00, 0x00, 0x00, 0x00, 0x00, 0x00, 0x00, 0x00, 0x00, 0x00, 0x00,
        0x00, 0x00, 0x00, 0x00, 0x00, 0x00, 0x00, 0x00, 0x00, 0x00, 0x00, 0x00,
        0x00, 0x00, 0x00, 0x00, 0x00, 0x00, 0x00, 0x00, 0x00, 0x00, 0x00, 0x00,
        0x00, 0x00, 0x00, 0x00, 0x00, 0x00, 0x00, 0x00, 0x00, 0x00, 0x00, 0x00,
        0x00, 0x00, 0x00, 0x00, 0x00, 0x00, 0x00, 0x00, 0x00, 0x00, 0x00, 0x00,
        0x00, 0x00, 0x00, 0x00, 0x00, 0x00, 0x00, 0x00, 0x00, 0x00, 0x00, 0x00,
        0x00, 0x00, 0x00, 0x00, 0x00, 0x00, 0x00, 0x00, 0x00, 0x00, 0x00, 0x00,
        0x00, 0x00, 0x00, 0x00, 0x00, 0x00, 0x00, 0x00, 0x00, 0x00, 0x00, 0x00,
        0x00, 0x00, 0x00, 0x00, 0x00, 0x00, 0x00, 0x00, 0x00, 0x00, 0x00, 0x00,
        0x00, 0x00, 0x00, 0x00, 0x00, 0x00, 0x00, 0x00, 0x00, 0x00, 0x00, 0x00,
        0x00, 0x00, 0x00, 0x00, 0x00, 0x00, 0x00, 0x00, 0xff, 0xff, 0xff, 0xff,
        0xfa, 0xee, 0xd8, 0xf6, 0x15, 0xe6, 0x14, 0xde, 0x35, 0xe6, 0x35, 0xe6,
        0x55, 0xee, 0x96, 0xee, 0x96, 0xf6, 0x96, 0xf6, 0xb7, 0xf6, 0x13, 0xee,
        0xd1, 0xed, 0x14, 0xee, 0xf2, 0xed, 0xf2, 0xed, 0xf2, 0xed, 0xd1, 0xed,
        0x90, 0xe5, 0xf2, 0xed, 0xf3, 0xed, 0x90, 0xe5, 0x14, 0xee, 0x14, 0xee,
        0x33, 0xf6, 0x54, 0xee, 0x4f, 0xdd, 0x4f, 0xdd, 0x90, 0xe5, 0xf3, 0xed,
        0x90, 0xe5, 0x35, 0xe6, 0x76, 0xee, 0x76, 0xee, 0x96, 0xee, 0x55, 0xee,
        0xd1, 0xe5, 0x0d, 0xd5, 0xc9, 0xb3, 0xe7, 0x92, 0x65, 0x82, 0x09, 0xb4,
        0x90, 0xe5, 0x54, 0xee, 0xb7, 0xf6, 0x55, 0xee, 0x55, 0xee, 0x70, 0xdd,
        0x07, 0x9b, 0x84, 0x59, 0xa7, 0x82, 0x4b, 0xbc, 0x91, 0xdd, 0x70, 0xd5,
        0x07, 0x9b, 0xc6, 0x8a, 0xa9, 0xab, 0x68, 0xa3, 0xa9, 0xab, 0xac, 0xc4,
        0xad, 0xc4, 0x4c, 0xbc, 0x48, 0x9b, 0x89, 0xa3, 0xa7, 0x82, 0x84, 0x59,
        0x84, 0x59, 0xa7, 0x82, 0x89, 0xa3, 0x2b, 0xb4, 0xca, 0xa3, 0x48, 0x9b,
        0x48, 0x9b, 0xa9, 0xab, 0x29, 0xc4, 0xcc, 0xcc, 0xcc, 0xcc, 0x2e, 0xd5,
        0xd1, 0xe5, 0xf3, 0xed, 0x90, 0xe5, 0x2f, 0xd5, 0xb2, 0xdd, 0x16, 0xd6,
        0xac, 0xc4, 0x09, 0xb4, 0x09, 0xb4, 0x4b, 0xbc, 0x2e, 0xd5, 0x90, 0xe5,
        0xd1, 0xe5, 0x14, 0xee, 0x76, 0xee, 0x97, 0xee, 0x77, 0xe6, 0x36, 0xe6,
        0x76, 0xee, 0xd4, 0xd5, 0x92, 0xd5, 0xef, 0xc4, 0xae, 0xbc, 0xad, 0xc4,
        0xce, 0xc4, 0x30, 0xcd, 0x51, 0xcd, 0xf4, 0xdd, 0x92, 0xd5, 0xae, 0xbc,
        0x0c, 0xc4, 0x0c, 0xc4, 0x0c, 0xc4, 0x0c, 0xc4, 0xc9, 0xbb, 0xc9, 0xbb,
        0xc9, 0xbb, 0xaf, 0xcc, 0xf5, 0xed, 0xfa, 0xee, 0x00, 0x00, 0xff, 0xff,
        0x00, 0x00, 0x00, 0x00, 0x00, 0x00, 0x00, 0x00, 0x00, 0x00, 0x00, 0x00,
        0x00, 0x00, 0x00, 0x00, 0x00, 0x00, 0x00, 0x00, 0x00, 0x00, 0x00, 0x00,
        0x00, 0x00, 0x00, 0x00, 0x00, 0x00, 0x00, 0x00, 0x00, 0x00, 0x00, 0x00,
        0x00, 0x00, 0x00, 0x00, 0x00, 0x00, 0x00, 0x00, 0x00, 0x00, 0x00, 0x00,
        0x00, 0x00, 0x00, 0x00, 0x00, 0x00, 0x00, 0x00, 0x00, 0x00, 0x00, 0x00,
        0x00, 0x00, 0x00, 0x00, 0x00, 0x00, 0x00, 0x00, 0x00, 0x00, 0x00, 0x00,
        0x00, 0x00, 0x00, 0x00, 0x00, 0x00, 0x00, 0x00, 0x00, 0x00, 0x00, 0x00,
        0x00, 0x00, 0x00, 0x00, 0x00, 0x00, 0x00, 0x00, 0x00, 0x00, 0x00, 0x00,
        0x00, 0x00, 0x00, 0x00, 0x00, 0x00, 0x00, 0x00, 0x00, 0x00, 0x00, 0x00,
        0x00, 0x00, 0x00, 0x00, 0x00, 0x00, 0x00, 0x00, 0x00, 0x00, 0x00, 0x00,
        0x00, 0x00, 0x00, 0x00, 0x00, 0x00, 0x00, 0x00, 0x00, 0x00, 0x00, 0x00,
        0x00, 0x00, 0x00, 0x00, 0x00, 0x00, 0x00, 0x00, 0x00, 0x00, 0x00, 0x00,
        0x00, 0x00, 0x00, 0x00, 0x00, 0x00, 0x00, 0x00, 0x00, 0x00, 0x00, 0x00,
        0x00, 0x00, 0x00, 0x00, 0x00, 0x00, 0x00, 0x00, 0x00, 0x00, 0x00, 0x00,
        0x00, 0x00, 0x00, 0x00, 0x00, 0x00, 0x00, 0x00, 0x00, 0x00, 0x00, 0x00,
        0x00, 0x00, 0x00, 0x00, 0x00, 0x00, 0x00, 0x00, 0x00, 0x00, 0x00, 0x00,
        0x00, 0x00, 0x00, 0x00, 0x00, 0x00, 0x00, 0x00, 0x00, 0x00, 0x00, 0x00,
        0x00, 0x00, 0x00, 0x00, 0x00, 0x00, 0x00, 0x00, 0x00, 0x00, 0x00, 0x00,
        0x00, 0x00, 0x00, 0x00, 0x00, 0x00, 0x00, 0x00, 0x00, 0x00, 0x00, 0x00,
        0x00, 0x00, 0x00, 0x00, 0x00, 0x00, 0x00, 0x00, 0xff, 0xff, 0xff, 0xff,
        0xfa, 0xee, 0xb8, 0xf6, 0x56, 0xe6, 0x76, 0xee, 0x55, 0xee, 0x56, 0xee,
        0x55, 0xee, 0x95, 0xf6, 0x96, 0xf6, 0x95, 0xf6, 0x75, 0xf6, 0x33, 0xf6,
        0xf2, 0xed, 0x13, 0xee, 0x13, 0xee, 0xd1, 0xed, 0xd1, 0xed, 0xd1, 0xed,
        0xf2, 0xed, 0xd1, 0xed, 0xf2, 0xed, 0xd1, 0xe5, 0xd1, 0xed, 0x14, 0xee,
        0xf3, 0xed, 0xf3, 0xed, 0xd1, 0xe5, 0x0d, 0xd5, 0x0d, 0xd5, 0x0d, 0xd5,
        0x4f, 0xdd, 0x90, 0xe5, 0x35, 0xe6, 0x55, 0xee, 0x55, 0xee, 0x76, 0xee,
        0x14, 0xe6, 0xac, 0xc4, 0x68, 0xa3, 0x65, 0x82, 0x65, 0x82, 0x8c, 0xcc,
        0xd1, 0xe5, 0x75, 0xf6, 0x96, 0xf6, 0x96, 0xee, 0x96, 0xee, 0x91, 0xdd,
        0x07, 0x9b, 0xc4, 0x61, 0x07, 0x9b, 0x8c, 0xc4, 0x91, 0xdd, 0x8c, 0xc4,
        0xc6, 0x8a, 0x65, 0x82, 0xa9, 0xab, 0xe7, 0x92, 0x07, 0x9b, 0xa9, 0xab,
        0x4b, 0xbc, 0x89, 0xa3, 0xca, 0xa3, 0xe7, 0x92, 0xc4, 0x61, 0xc4, 0x61,
        0xe8, 0x82, 0x6a, 0x9b, 0xce, 0xc4, 0x2b, 0xb4, 0xea, 0xab, 0x48, 0x9b,
        0x68, 0xa3, 0x68, 0xa3, 0x09, 0xb4, 0x8c, 0xcc, 0xcc, 0xcc, 0x0d, 0xd5,
        0x2e, 0xd5, 0x4f, 0xd5, 0xb2, 0xdd, 0x16, 0xd6, 0xb2, 0xdd, 0x4f, 0xd5,
        0x4b, 0xbc, 0x09, 0xb4, 0xac, 0xc4, 0x0f, 0xcd, 0x2f, 0xd5, 0x70, 0xd5,
        0x70, 0xd5, 0xd2, 0xe5, 0x14, 0xe6, 0x35, 0xe6, 0x76, 0xee, 0x35, 0xe6,
        0xd4, 0xdd, 0x10, 0xc5, 0x0c, 0xac, 0x68, 0xa3, 0x07, 0x9b, 0xc6, 0x8a,
        0xe7, 0x92, 0x68, 0xa3, 0xea, 0xab, 0x89, 0xa3, 0xca, 0xa3, 0x2b, 0xb4,
        0xaf, 0xcc, 0xaf, 0xcc, 0xaf, 0xcc, 0x0c, 0xc4, 0xc9, 0xbb, 0xc9, 0xbb,
        0xc9, 0xbb, 0x0c, 0xc4, 0x14, 0xee, 0x1b, 0xf7, 0xff, 0xff, 0xff, 0xff,
        0x00, 0x00, 0x00, 0x00, 0x00, 0x00, 0x00, 0x00, 0x00, 0x00, 0x00, 0x00,
        0x00, 0x00, 0x00, 0x00, 0x00, 0x00, 0x00, 0x00, 0x00, 0x00, 0x00, 0x00,
        0x00, 0x00, 0x00, 0x00, 0x00, 0x00, 0x00, 0x00, 0x00, 0x00, 0x00, 0x00,
        0x00, 0x00, 0x00, 0x00, 0x00, 0x00, 0x00, 0x00, 0x00, 0x00, 0x00, 0x00,
        0x00, 0x00, 0x00, 0x00, 0x00, 0x00, 0x00, 0x00, 0x00, 0x00, 0x00, 0x00,
        0x00, 0x00, 0x00, 0x00, 0x00, 0x00, 0x00, 0x00, 0x00, 0x00, 0x00, 0x00,
        0x00, 0x00, 0x00, 0x00, 0x00, 0x00, 0x00, 0x00, 0x00, 0x00, 0x00, 0x00,
        0x00, 0x00, 0x00, 0x00, 0x00, 0x00, 0x00, 0x00, 0x00, 0x00, 0x00, 0x00,
        0x00, 0x00, 0x00, 0x00, 0x00, 0x00, 0x00, 0x00, 0x00, 0x00, 0x00, 0x00,
        0x00, 0x00, 0x00, 0x00, 0x00, 0x00, 0x00, 0x00, 0x00, 0x00, 0x00, 0x00,
        0x00, 0x00, 0x00, 0x00, 0x00, 0x00, 0x00, 0x00, 0x00, 0x00, 0x00, 0x00,
        0x00, 0x00, 0x00, 0x00, 0x00, 0x00, 0x00, 0x00, 0x00, 0x00, 0x00, 0x00,
        0x00, 0x00, 0x00, 0x00, 0x00, 0x00, 0x00, 0x00, 0x00, 0x00, 0x00, 0x00,
        0x00, 0x00, 0x00, 0x00, 0x00, 0x00, 0x00, 0x00, 0x00, 0x00, 0x00, 0x00,
        0x00, 0x00, 0x00, 0x00, 0x00, 0x00, 0x00, 0x00, 0x00, 0x00, 0x00, 0x00,
        0x00, 0x00, 0x00, 0x00, 0x00, 0x00, 0x00, 0x00, 0x00, 0x00, 0x00, 0x00,
        0x00, 0x00, 0x00, 0x00, 0x00, 0x00, 0x00, 0x00, 0x00, 0x00, 0x00, 0x00,
        0x00, 0x00, 0x00, 0x00, 0x00, 0x00, 0x00, 0x00, 0x00, 0x00, 0x00, 0x00,
        0x00, 0x00, 0x00, 0x00, 0x00, 0x00, 0x00, 0x00, 0x00, 0x00, 0x00, 0x00,
        0x00, 0x00, 0x00, 0x00, 0x00, 0x00, 0xff, 0xff, 0x00, 0x00, 0x7d, 0xf7,
        0xb9, 0xee, 0x97, 0xee, 0x35, 0xe6, 0x76, 0xee, 0xb7, 0xf6, 0xb7, 0xf6,
        0xb7, 0xf6, 0x95, 0xf6, 0x75, 0xf6, 0x75, 0xf6, 0x13, 0xee, 0x13, 0xee,
        0xf2, 0xed, 0xd1, 0xed, 0xd1, 0xed, 0xf2, 0xed, 0xd1, 0xed, 0xf2, 0xed,
        0xf2, 0xed, 0x90, 0xe5, 0x8f, 0xe5, 0xd1, 0xe5, 0x14, 0xee, 0x54, 0xee,
        0x54, 0xee, 0x14, 0xee, 0xf3, 0xed, 0xd1, 0xe5, 0x70, 0xdd, 0x8c, 0xcc,
        0x6a, 0xcc, 0x0d, 0xd5, 0xd1, 0xe5, 0x55, 0xee, 0x55, 0xee, 0x35, 0xe6,
        0xf3, 0xe5, 0x2f, 0xd5, 0xa9, 0xab, 0x65, 0x82, 0xe7, 0x92, 0xcd, 0xcc,
        0x14, 0xee, 0x95, 0xf6, 0xb7, 0xf6, 0xd8, 0xf6, 0xb7, 0xf6, 0x50, 0xd5,
        0x07, 0x9b, 0xc6, 0x8a, 0x07, 0x9b, 0x8c, 0xc4, 0x8c, 0xc4, 0x47, 0xa3,
        0x65, 0x82, 0x07, 0x9b, 0x47, 0xa3, 0x65, 0x82, 0x68, 0xa3, 0x4c, 0xbc,
        0xca, 0xa3, 0xca, 0xa3, 0x28, 0x93, 0xc4, 0x61, 0x84, 0x59, 0x28, 0x93,
        0xa9, 0xab, 0xad, 0xc4, 0x51, 0xcd, 0x2c, 0xb4, 0x28, 0x93, 0x89, 0xa3,
        0xe7, 0x92, 0x07, 0x9b, 0x87, 0xb3, 0x09, 0xb4, 0x29, 0xc4, 0xcc, 0xcc,
        0x2e, 0xd5, 0xb2, 0xdd, 0x91, 0xdd, 0x4f, 0xdd, 0x4f, 0xd5, 0x0f, 0xcd,
        0xef, 0xc4, 0xce, 0xc4, 0x8d, 0xbc, 0x2b, 0xb4, 0x2b, 0xbc, 0x2b, 0xbc,
        0x6b, 0xc4, 0xee, 0xcc, 0x2e, 0xd5, 0xb2, 0xdd, 0xb2, 0xdd, 0xd3, 0xdd,
        0x71, 0xd5, 0x71, 0xd5, 0xef, 0xc4, 0x4d, 0xac, 0x2c, 0xb4, 0x0c, 0xac,
        0x0c, 0xac, 0xca, 0xa3, 0x2c, 0xb4, 0xae, 0xbc, 0x2e, 0xb4, 0xea, 0xab,
        0x0c, 0xc4, 0x0c, 0xc4, 0x0c, 0xc4, 0x0c, 0xc4, 0x0c, 0xc4, 0xc9, 0xbb,
        0x0c, 0xc4, 0xaf, 0xcc, 0xf4, 0xdd, 0x7d, 0xf7, 0x00, 0x00, 0xff, 0xff,
        0x00, 0x00, 0x00, 0x00, 0x00, 0x00, 0x00, 0x00, 0x00, 0x00, 0x00, 0x00,
        0x00, 0x00, 0x00, 0x00, 0x00, 0x00, 0x00, 0x00, 0x00, 0x00, 0x00, 0x00,
        0x00, 0x00, 0x00, 0x00, 0x00, 0x00, 0x00, 0x00, 0x00, 0x00, 0x00, 0x00,
        0x00, 0x00, 0x00, 0x00, 0x00, 0x00, 0x00, 0x00, 0x00, 0x00, 0x00, 0x00,
        0x00, 0x00, 0x00, 0x00, 0x00, 0x00, 0x00, 0x00, 0x00, 0x00, 0x00, 0x00,
        0x00, 0x00, 0x00, 0x00, 0x00, 0x00, 0x00, 0x00, 0x00, 0x00, 0x00, 0x00,
        0x00, 0x00, 0x00, 0x00, 0x00, 0x00, 0x00, 0x00, 0x00, 0x00, 0x00, 0x00,
        0x00, 0x00, 0x00, 0x00, 0x00, 0x00, 0x00, 0x00, 0x00, 0x00, 0x00, 0x00,
        0x00, 0x00, 0x00, 0x00, 0x00, 0x00, 0x00, 0x00, 0x00, 0x00, 0x00, 0x00,
        0x00, 0x00, 0x00, 0x00, 0x00, 0x00, 0x00, 0x00, 0x00, 0x00, 0x00, 0x00,
        0x00, 0x00, 0x00, 0x00, 0x00, 0x00, 0x00, 0x00, 0x00, 0x00, 0x00, 0x00,
        0x00, 0x00, 0x00, 0x00, 0x00, 0x00, 0x00, 0x00, 0x00, 0x00, 0x00, 0x00,
        0x00, 0x00, 0x00, 0x00, 0x00, 0x00, 0x00, 0x00, 0x00, 0x00, 0x00, 0x00,
        0x00, 0x00, 0x00, 0x00, 0x00, 0x00, 0x00, 0x00, 0x00, 0x00, 0x00, 0x00,
        0x00, 0x00, 0x00, 0x00, 0x00, 0x00, 0x00, 0x00, 0x00, 0x00, 0x00, 0x00,
        0x00, 0x00, 0x00, 0x00, 0x00, 0x00, 0x00, 0x00, 0x00, 0x00, 0x00, 0x00,
        0x00, 0x00, 0x00, 0x00, 0x00, 0x00, 0x00, 0x00, 0x00, 0x00, 0x00, 0x00,
        0x00, 0x00, 0x00, 0x00, 0x00, 0x00, 0x00, 0x00, 0x00, 0x00, 0x00, 0x00,
        0x00, 0x00, 0x00, 0x00, 0x00, 0x00, 0x00, 0x00, 0x00, 0x00, 0x00, 0x00,
        0x00, 0x00, 0x00, 0x00, 0xff, 0xff, 0xff, 0xff, 0xbf, 0xff, 0xfa, 0xee,
        0xb7, 0xf6, 0x35, 0xe6, 0x96, 0xee, 0xb7, 0xf6, 0xd8, 0xf6, 0x96, 0xf6,
        0x95, 0xf6, 0x95, 0xf6, 0x75, 0xf6, 0x33, 0xf6, 0x13, 0xee, 0xf2, 0xed,
        0xf2, 0xed, 0xf2, 0xed, 0xf2, 0xed, 0xd1, 0xed, 0xd1, 0xed, 0x8f, 0xe5,
        0xf2, 0xed, 0x33, 0xf6, 0x13, 0xee, 0xf2, 0xed, 0x33, 0xf6, 0x76, 0xee,
        0x76, 0xee, 0x55, 0xee, 0x54, 0xee, 0x35, 0xe6, 0xf3, 0xed, 0x70, 0xdd,
        0xcc, 0xcc, 0x8c, 0xcc, 0xcc, 0xcc, 0xf3, 0xe5, 0x55, 0xee, 0x34, 0xe6,
        0xd2, 0xe5, 0xcd, 0xcc, 0xc9, 0xb3, 0x47, 0xa3, 0xa9, 0xab, 0x70, 0xdd,
        0x75, 0xf6, 0xb7, 0xf6, 0xd8, 0xf6, 0xd8, 0xf6, 0xb7, 0xf6, 0xb2, 0xdd,
        0x09, 0xb4, 0x47, 0xa3, 0xa9, 0xab, 0x8c, 0xc4, 0xa9, 0xab, 0xe7, 0x92,
        0xc6, 0x8a, 0x07, 0x9b, 0x07, 0x9b, 0x07, 0x9b, 0xca, 0xa3, 0xce, 0xc4,
        0x07, 0x9b, 0x48, 0x9b, 0x25, 0x72, 0x84, 0x59, 0x25, 0x72, 0x68, 0xa3,
        0xc9, 0xb3, 0x92, 0xd5, 0x51, 0xcd, 0xae, 0xbc, 0xca, 0xa3, 0x89, 0xa3,
        0xc6, 0x8a, 0x65, 0x82, 0xc6, 0x8a, 0x68, 0xa3, 0xac, 0xc4, 0x50, 0xd5,
        0x4f, 0xd5, 0xcc, 0xcc, 0x70, 0xdd, 0x50, 0xcd, 0x11, 0xc5, 0x11, 0xc5,
        0xac, 0xc4, 0x68, 0xa3, 0x07, 0x9b, 0xe7, 0x92, 0xc6, 0x8a, 0x68, 0xa3,
        0x8c, 0xc4, 0xac, 0xc4, 0xcd, 0xcc, 0x91, 0xd5, 0x70, 0xd5, 0x50, 0xcd,
        0x30, 0xcd, 0xae, 0xbc, 0x89, 0xa3, 0xe7, 0x92, 0x48, 0x9b, 0xcb, 0x9b,
        0xca, 0xa3, 0xca, 0xa3, 0x2e, 0xb4, 0x2c, 0xb4, 0x2e, 0xb4, 0x2e, 0xb4,
        0xae, 0xbc, 0x10, 0xc5, 0xef, 0xc4, 0xef, 0xc4, 0xad, 0xc4, 0xc9, 0xbb,
        0x0c, 0xc4, 0x70, 0xdd, 0x77, 0xe6, 0xff, 0xff, 0x00, 0x00, 0xff, 0xff,
        0x00, 0x00, 0x00, 0x00, 0x00, 0x00, 0x00, 0x00, 0x00, 0x00, 0x00, 0x00,
        0x00, 0x00, 0x00, 0x00, 0x00, 0x00, 0x00, 0x00, 0x00, 0x00, 0x00, 0x00,
        0x00, 0x00, 0x00, 0x00, 0x00, 0x00, 0x00, 0x00, 0x00, 0x00, 0x00, 0x00,
        0x00, 0x00, 0x00, 0x00, 0x00, 0x00, 0x00, 0x00, 0x00, 0x00, 0x00, 0x00,
        0x00, 0x00, 0x00, 0x00, 0x00, 0x00, 0x00, 0x00, 0x00, 0x00, 0x00, 0x00,
        0x00, 0x00, 0x00, 0x00, 0x00, 0x00, 0x00, 0x00, 0x00, 0x00, 0x00, 0x00,
        0x00, 0x00, 0x00, 0x00, 0x00, 0x00, 0x00, 0x00, 0x00, 0x00, 0x00, 0x00,
        0x00, 0x00, 0x00, 0x00, 0x00, 0x00, 0x00, 0x00, 0x00, 0x00, 0x00, 0x00,
        0x00, 0x00, 0x00, 0x00, 0x00, 0x00, 0x00, 0x00, 0x00, 0x00, 0x00, 0x00,
        0x00, 0x00, 0x00, 0x00, 0x00, 0x00, 0x00, 0x00, 0x00, 0x00, 0x00, 0x00,
        0x00, 0x00, 0x00, 0x00, 0x00, 0x00, 0x00, 0x00, 0x00, 0x00, 0x00, 0x00,
        0x00, 0x00, 0x00, 0x00, 0x00, 0x00, 0x00, 0x00, 0x00, 0x00, 0x00, 0x00,
        0x00, 0x00, 0x00, 0x00, 0x00, 0x00, 0x00, 0x00, 0x00, 0x00, 0x00, 0x00,
        0x00, 0x00, 0x00, 0x00, 0x00, 0x00, 0x00, 0x00, 0x00, 0x00, 0x00, 0x00,
        0x00, 0x00, 0x00, 0x00, 0x00, 0x00, 0x00, 0x00, 0x00, 0x00, 0x00, 0x00,
        0x00, 0x00, 0x00, 0x00, 0x00, 0x00, 0x00, 0x00, 0x00, 0x00, 0x00, 0x00,
        0x00, 0x00, 0x00, 0x00, 0x00, 0x00, 0x00, 0x00, 0x00, 0x00, 0x00, 0x00,
        0x00, 0x00, 0x00, 0x00, 0x00, 0x00, 0x00, 0x00, 0x00, 0x00, 0x00, 0x00,
        0x00, 0x00, 0x00, 0x00, 0x00, 0x00, 0x00, 0x00, 0x00, 0x00, 0x00, 0x00,
        0x00, 0x00, 0x00, 0x00, 0xff, 0xff, 0x00, 0x00, 0x1b, 0xf7, 0x39, 0xff,
        0xb8, 0xf6, 0xb7, 0xf6, 0x96, 0xf6, 0x95, 0xf6, 0x95, 0xf6, 0x75, 0xf6,
        0x75, 0xf6, 0x75, 0xf6, 0x33, 0xf6, 0x13, 0xee, 0x13, 0xee, 0x13, 0xee,
        0x13, 0xee, 0xf2, 0xed, 0xf2, 0xed, 0xf2, 0xed, 0x33, 0xf6, 0xf2, 0xed,
        0xf2, 0xed, 0x75, 0xf6, 0x54, 0xee, 0x75, 0xf6, 0x95, 0xf6, 0x96, 0xf6,
        0x96, 0xee, 0x96, 0xee, 0x76, 0xee, 0x35, 0xe6, 0xd2, 0xe5, 0xf3, 0xe5,
        0xb2, 0xdd, 0x4f, 0xd5, 0x2e, 0xd5, 0x91, 0xdd, 0x35, 0xe6, 0x34, 0xe6,
        0xd2, 0xe5, 0x2e, 0xd5, 0x2b, 0xbc, 0xc9, 0xb3, 0x8c, 0xc4, 0xf3, 0xed,
        0x95, 0xf6, 0xb7, 0xf6, 0xd8, 0xf6, 0xb7, 0xf6, 0x96, 0xf6, 0x91, 0xdd,
        0x4b, 0xbc, 0x07, 0x9b, 0x4b, 0xbc, 0xcd, 0xcc, 0x09, 0xb4, 0x07, 0x9b,
        0x07, 0x9b, 0x65, 0x82, 0xc6, 0x8a, 0xea, 0xab, 0x4c, 0xbc, 0xea, 0xab,
        0xc6, 0x8a, 0x66, 0x7a, 0xc4, 0x61, 0x84, 0x59, 0x89, 0xa3, 0x2b, 0xbc,
        0x50, 0xcd, 0xd4, 0xdd, 0x51, 0xcd, 0x6d, 0xb4, 0x48, 0x9b, 0xa7, 0x82,
        0x84, 0x59, 0xc4, 0x61, 0x68, 0xa3, 0xcd, 0xcc, 0x2e, 0xd5, 0xee, 0xcc,
        0xcc, 0xcc, 0xb2, 0xdd, 0x11, 0xc5, 0x6d, 0xb4, 0x8c, 0xc4, 0xac, 0xc4,
        0x8c, 0xc4, 0xea, 0xab, 0x0c, 0xac, 0xcb, 0x9b, 0xcb, 0x9b, 0x2b, 0xb4,
        0x4c, 0xbc, 0x4c, 0xbc, 0x2f, 0xd5, 0x0f, 0xcd, 0xad, 0xc4, 0x30, 0xcd,
        0x10, 0xc5, 0xcf, 0xbc, 0xb0, 0xb4, 0xf0, 0xbc, 0xb0, 0xb4, 0x8e, 0xb4,
        0x2e, 0xb4, 0x2e, 0xb4, 0x0c, 0xac, 0x2e, 0xb4, 0xcf, 0xbc, 0x2e, 0xb4,
        0x2b, 0xb4, 0x2b, 0xb4, 0x0c, 0xc4, 0x0c, 0xc4, 0xa9, 0xab, 0x0c, 0xc4,
        0xac, 0xc4, 0x54, 0xee, 0x1b, 0xf7, 0x00, 0x00, 0xff, 0xff, 0x00, 0x00,
        0x00, 0x00, 0x00, 0x00, 0x00, 0x00, 0x00, 0x00, 0x00, 0x00, 0x00, 0x00,
        0x00, 0x00, 0x00, 0x00, 0x00, 0x00, 0x00, 0x00, 0x00, 0x00, 0x00, 0x00,
        0x00, 0x00, 0x00, 0x00, 0x00, 0x00, 0x00, 0x00, 0x00, 0x00, 0x00, 0x00,
        0x00, 0x00, 0x00, 0x00, 0x00, 0x00, 0x00, 0x00, 0x00, 0x00, 0x00, 0x00,
        0x00, 0x00, 0x00, 0x00, 0x00, 0x00, 0x00, 0x00, 0x00, 0x00, 0x00, 0x00,
        0x00, 0x00, 0x00, 0x00, 0x00, 0x00, 0x00, 0x00, 0x00, 0x00, 0x00, 0x00,
        0x00, 0x00, 0x00, 0x00, 0x00, 0x00, 0x00, 0x00, 0x00, 0x00, 0x00, 0x00,
        0x00, 0x00, 0x00, 0x00, 0x00, 0x00, 0x00, 0x00, 0x00, 0x00, 0x00, 0x00,
        0x00, 0x00, 0x00, 0x00, 0x00, 0x00, 0x00, 0x00, 0x00, 0x00, 0x00, 0x00,
        0x00, 0x00, 0x00, 0x00, 0x00, 0x00, 0x00, 0x00, 0x00, 0x00, 0x00, 0x00,
        0x00, 0x00, 0x00, 0x00, 0x00, 0x00, 0x00, 0x00, 0x00, 0x00, 0x00, 0x00,
        0x00, 0x00, 0x00, 0x00, 0x00, 0x00, 0x00, 0x00, 0x00, 0x00, 0x00, 0x00,
        0x00, 0x00, 0x00, 0x00, 0x00, 0x00, 0x00, 0x00, 0x00, 0x00, 0x00, 0x00,
        0x00, 0x00, 0x00, 0x00, 0x00, 0x00, 0x00, 0x00, 0x00, 0x00, 0x00, 0x00,
        0x00, 0x00, 0x00, 0x00, 0x00, 0x00, 0x00, 0x00, 0x00, 0x00, 0x00, 0x00,
        0x00, 0x00, 0x00, 0x00, 0x00, 0x00, 0x00, 0x00, 0x00, 0x00, 0x00, 0x00,
        0x00, 0x00, 0x00, 0x00, 0x00, 0x00, 0x00, 0x00, 0x00, 0x00, 0x00, 0x00,
        0x00, 0x00, 0x00, 0x00, 0x00, 0x00, 0x00, 0x00, 0x00, 0x00, 0x00, 0x00,
        0x00, 0x00, 0x00, 0x00, 0x00, 0x00, 0x00, 0x00, 0x00, 0x00, 0x00, 0x00,
        0x00, 0x00, 0xff, 0xff, 0xff, 0xff, 0xbf, 0xff, 0xfa, 0xee, 0xf8, 0xfe,
        0xd8, 0xf6, 0xd8, 0xf6, 0xb7, 0xf6, 0x95, 0xf6, 0x95, 0xf6, 0x95, 0xf6,
        0x75, 0xf6, 0x33, 0xf6, 0x13, 0xee, 0x13, 0xee, 0x13, 0xee, 0xf2, 0xed,
        0xd1, 0xed, 0xf2, 0xed, 0xf2, 0xed, 0xf2, 0xed, 0x33, 0xf6, 0xf2, 0xed,
        0xd1, 0xed, 0x33, 0xf6, 0x75, 0xf6, 0x95, 0xf6, 0x95, 0xf6, 0x96, 0xf6,
        0xb7, 0xf6, 0xb8, 0xf6, 0xb8, 0xf6, 0xb7, 0xf6, 0x35, 0xe6, 0xf3, 0xe5,
        0xf3, 0xe5, 0xb2, 0xdd, 0xb2, 0xdd, 0x91, 0xdd, 0xd2, 0xe5, 0xf3, 0xe5,
        0xf3, 0xe5, 0x2e, 0xd5, 0xac, 0xc4, 0x8c, 0xc4, 0x70, 0xdd, 0x54, 0xee,
        0x96, 0xf6, 0xf8, 0xfe, 0xd8, 0xf6, 0xb7, 0xf6, 0x76, 0xee, 0xd2, 0xe5,
        0xcc, 0xcc, 0x09, 0xb4, 0x29, 0xc4, 0xcc, 0xcc, 0x8c, 0xc4, 0xc6, 0x8a,
        0x07, 0x9b, 0x65, 0x82, 0xc9, 0xb3, 0xad, 0xc4, 0xc9, 0xb3, 0x07, 0x9b,
        0x65, 0x82, 0x66, 0x7a, 0x66, 0x7a, 0x25, 0x72, 0x0f, 0xcd, 0x71, 0xd5,
        0xd3, 0xdd, 0x71, 0xd5, 0xce, 0xc4, 0x8d, 0xbc, 0x28, 0x93, 0x84, 0x49,
        0x23, 0x41, 0x66, 0x7a, 0x28, 0x93, 0x09, 0xb4, 0x8c, 0xc4, 0x0f, 0xcd,
        0x0f, 0xcd, 0x4c, 0xbc, 0x4c, 0xbc, 0x30, 0xcd, 0x30, 0xcd, 0x8d, 0xbc,
        0x6d, 0xb4, 0x89, 0xa3, 0x28, 0x93, 0xe7, 0x92, 0xe7, 0x92, 0x47, 0xa3,
        0x68, 0xa3, 0x2b, 0xbc, 0x8c, 0xc4, 0xac, 0xc4, 0x30, 0xcd, 0x70, 0xd5,
        0x30, 0xcd, 0x92, 0xd5, 0xd4, 0xdd, 0x92, 0xd5, 0xcf, 0xbc, 0xae, 0xbc,
        0xae, 0xbc, 0xcf, 0xbc, 0x10, 0xc5, 0x72, 0xcd, 0x2e, 0xb4, 0xcf, 0xbc,
        0x10, 0xc5, 0xae, 0xbc, 0x2c, 0xb4, 0xea, 0xab, 0x0c, 0xc4, 0xaf, 0xcc,
        0x72, 0xdd, 0xfa, 0xee, 0xff, 0xff, 0xff, 0xff, 0xff, 0xff, 0x00, 0x00,
        0x00, 0x00, 0x00, 0x00, 0x00, 0x00, 0x00, 0x00, 0x00, 0x00, 0x00, 0x00,
        0x00, 0x00, 0x00, 0x00, 0x00, 0x00, 0x00, 0x00, 0x00, 0x00, 0x00, 0x00,
        0x00, 0x00, 0x00, 0x00, 0x00, 0x00, 0x00, 0x00, 0x00, 0x00, 0x00, 0x00,
        0x00, 0x00, 0x00, 0x00, 0x00, 0x00, 0x00, 0x00, 0x00, 0x00, 0x00, 0x00,
        0x00, 0x00, 0x00, 0x00, 0x00, 0x00, 0x00, 0x00, 0x00, 0x00, 0x00, 0x00,
        0x00, 0x00, 0x00, 0x00, 0x00, 0x00, 0x00, 0x00, 0x00, 0x00, 0x00, 0x00,
        0x00, 0x00, 0x00, 0x00, 0x00, 0x00, 0x00, 0x00, 0x00, 0x00, 0x00, 0x00,
        0x00, 0x00, 0x00, 0x00, 0x00, 0x00, 0x00, 0x00, 0x00, 0x00, 0x00, 0x00,
        0x00, 0x00, 0x00, 0x00, 0x00, 0x00, 0x00, 0x00, 0x00, 0x00, 0x00, 0x00,
        0x00, 0x00, 0x00, 0x00, 0x00, 0x00, 0x00, 0x00, 0x00, 0x00, 0x00, 0x00,
        0x00, 0x00, 0x00, 0x00, 0x00, 0x00, 0x00, 0x00, 0x00, 0x00, 0x00, 0x00,
        0x00, 0x00, 0x00, 0x00, 0x00, 0x00, 0x00, 0x00, 0x00, 0x00, 0x00, 0x00,
        0x00, 0x00, 0x00, 0x00, 0x00, 0x00, 0x00, 0x00, 0x00, 0x00, 0x00, 0x00,
        0x00, 0x00, 0x00, 0x00, 0x00, 0x00, 0x00, 0x00, 0x00, 0x00, 0x00, 0x00,
        0x00, 0x00, 0x00, 0x00, 0x00, 0x00, 0x00, 0x00, 0x00, 0x00, 0x00, 0x00,
        0x00, 0x00, 0x00, 0x00, 0x00, 0x00, 0x00, 0x00, 0x00, 0x00, 0x00, 0x00,
        0x00, 0x00, 0x00, 0x00, 0x00, 0x00, 0x00, 0x00, 0x00, 0x00, 0x00, 0x00,
        0x00, 0x00, 0x00, 0x00, 0x00, 0x00, 0x00, 0x00, 0x00, 0x00, 0x00, 0x00,
        0x00, 0x00, 0x00, 0x00, 0x00, 0x00, 0x00, 0x00, 0x00, 0x00, 0x00, 0x00,
        0x00, 0x00, 0xff, 0xff, 0x00, 0x00, 0x1b, 0xf7, 0x39, 0xff, 0xb8, 0xf6,
        0xb7, 0xf6, 0x96, 0xf6, 0x95, 0xf6, 0x75, 0xf6, 0x75, 0xf6, 0x95, 0xf6,
        0x95, 0xf6, 0x75, 0xf6, 0x33, 0xf6, 0x33, 0xf6, 0xf2, 0xed, 0x13, 0xee,
        0x13, 0xee, 0x13, 0xee, 0x13, 0xee, 0xd1, 0xed, 0xf2, 0xed, 0x13, 0xee,
        0x13, 0xee, 0x13, 0xee, 0x75, 0xf6, 0x95, 0xf6, 0xb8, 0xf6, 0x96, 0xf6,
        0x96, 0xee, 0x97, 0xee, 0xb7, 0xf6, 0x76, 0xee, 0x56, 0xe6, 0x76, 0xee,
        0x76, 0xee, 0x97, 0xee, 0x76, 0xee, 0x76, 0xee, 0x96, 0xee, 0x54, 0xee,
        0x35, 0xe6, 0x70, 0xdd, 0x6b, 0xc4, 0xcd, 0xcc, 0xd1, 0xe5, 0x95, 0xf6,
        0xd8, 0xf6, 0xf8, 0xfe, 0xb7, 0xf6, 0x76, 0xee, 0x54, 0xee, 0xf3, 0xe5,
        0x4f, 0xdd, 0x4f, 0xd5, 0x09, 0xb4, 0x6b, 0xc4, 0x4b, 0xbc, 0xe7, 0x92,
        0x07, 0x9b, 0x07, 0x9b, 0x8c, 0xc4, 0x8c, 0xc4, 0xc9, 0xb3, 0x07, 0x9b,
        0x25, 0x72, 0xa7, 0x82, 0xa7, 0x82, 0x48, 0x9b, 0xd3, 0xdd, 0xd4, 0xdd,
        0x35, 0xde, 0xd4, 0xdd, 0x30, 0xcd, 0x2b, 0xb4, 0x66, 0x7a, 0x23, 0x41,
        0x84, 0x49, 0x66, 0x7a, 0x48, 0x9b, 0x4c, 0xbc, 0x0f, 0xcd, 0x0f, 0xcd,
        0x71, 0xd5, 0xb2, 0xdd, 0xb2, 0xdd, 0x11, 0xc5, 0x89, 0xa3, 0xc6, 0x8a,
        0x47, 0xa3, 0x89, 0xa3, 0x48, 0x9b, 0xa7, 0x82, 0xc6, 0x8a, 0xe7, 0x92,
        0x07, 0x9b, 0xa9, 0xab, 0x4b, 0xbc, 0xac, 0xc4, 0xce, 0xc4, 0x8d, 0xbc,
        0x8d, 0xbc, 0xcf, 0xbc, 0x51, 0xcd, 0x72, 0xcd, 0x51, 0xcd, 0x72, 0xcd,
        0x10, 0xc5, 0xef, 0xc4, 0x51, 0xcd, 0x32, 0xc5, 0x53, 0xc5, 0x72, 0xcd,
        0x93, 0xcd, 0x72, 0xcd, 0xb3, 0xd5, 0xb3, 0xd5, 0x51, 0xcd, 0x0f, 0xcd,
        0x14, 0xde, 0x5c, 0xf7, 0x00, 0x00, 0xff, 0xff, 0x00, 0x00, 0x00, 0x00,
        0x00, 0x00, 0x00, 0x00, 0x00, 0x00, 0x00, 0x00, 0x00, 0x00, 0x00, 0x00,
        0x00, 0x00, 0x00, 0x00, 0x00, 0x00, 0x00, 0x00, 0x00, 0x00, 0x00, 0x00,
        0x00, 0x00, 0x00, 0x00, 0x00, 0x00, 0x00, 0x00, 0x00, 0x00, 0x00, 0x00,
        0x00, 0x00, 0x00, 0x00, 0x00, 0x00, 0x00, 0x00, 0x00, 0x00, 0x00, 0x00,
        0x00, 0x00, 0x00, 0x00, 0x00, 0x00, 0x00, 0x00, 0x00, 0x00, 0x00, 0x00,
        0x00, 0x00, 0x00, 0x00, 0x00, 0x00, 0x00, 0x00, 0x00, 0x00, 0x00, 0x00,
        0x00, 0x00, 0x00, 0x00, 0x00, 0x00, 0x00, 0x00, 0x00, 0x00, 0x00, 0x00,
        0x00, 0x00, 0x00, 0x00, 0x00, 0x00, 0x00, 0x00, 0x00, 0x00, 0x00, 0x00,
        0x00, 0x00, 0x00, 0x00, 0x00, 0x00, 0x00, 0x00, 0x00, 0x00, 0x00, 0x00,
        0x00, 0x00, 0x00, 0x00, 0x00, 0x00, 0x00, 0x00, 0x00, 0x00, 0x00, 0x00,
        0x00, 0x00, 0x00, 0x00, 0x00, 0x00, 0x00, 0x00, 0x00, 0x00, 0x00, 0x00,
        0x00, 0x00, 0x00, 0x00, 0x00, 0x00, 0x00, 0x00, 0x00, 0x00, 0x00, 0x00,
        0x00, 0x00, 0x00, 0x00, 0x00, 0x00, 0x00, 0x00, 0x00, 0x00, 0x00, 0x00,
        0x00, 0x00, 0x00, 0x00, 0x00, 0x00, 0x00, 0x00, 0x00, 0x00, 0x00, 0x00,
        0x00, 0x00, 0x00, 0x00, 0x00, 0x00, 0x00, 0x00, 0x00, 0x00, 0x00, 0x00,
        0x00, 0x00, 0x00, 0x00, 0x00, 0x00, 0x00, 0x00, 0x00, 0x00, 0x00, 0x00,
        0x00, 0x00, 0x00, 0x00, 0x00, 0x00, 0x00, 0x00, 0x00, 0x00, 0x00, 0x00,
        0x00, 0x00, 0x00, 0x00, 0x00, 0x00, 0x00, 0x00, 0x00, 0x00, 0x00, 0x00,
        0x00, 0x00, 0x00, 0x00, 0x00, 0x00, 0x00, 0x00, 0x00, 0x00, 0x00, 0x00,
        0xff, 0xff, 0x00, 0x00, 0x7d, 0xf7, 0x5b, 0xf7, 0x1a, 0xf7, 0xd8, 0xf6,
        0x96, 0xf6, 0x75, 0xf6, 0x75, 0xf6, 0x95, 0xf6, 0x95, 0xf6, 0x95, 0xf6,
        0x95, 0xf6, 0x75, 0xf6, 0x33, 0xf6, 0x33, 0xf6, 0x13, 0xee, 0x13, 0xee,
        0xf2, 0xed, 0x13, 0xee, 0x33, 0xf6, 0x13, 0xee, 0x13, 0xee, 0xf2, 0xed,
        0x13, 0xee, 0x33, 0xf6, 0x95, 0xf6, 0x95, 0xf6, 0x95, 0xf6, 0x96, 0xf6,
        0xd8, 0xee, 0xd9, 0xee, 0xd8, 0xf6, 0xf9, 0xf6, 0xf9, 0xf6, 0xd8, 0xf6,
        0xd8, 0xf6, 0xb7, 0xf6, 0xd8, 0xf6, 0x1a, 0xf7, 0xf9, 0xf6, 0xb8, 0xf6,
        0xb7, 0xf6, 0x35, 0xe6, 0x0d, 0xd5, 0x8c, 0xcc, 0x90, 0xe5, 0xb7, 0xf6,
        0xb7, 0xf6, 0xd8, 0xf6, 0xb7, 0xf6, 0x95, 0xf6, 0x96, 0xf6, 0x55, 0xee,
        0xd1, 0xe5, 0x0d, 0xd5, 0x6b, 0xc4, 0x4f, 0xd5, 0xcd, 0xcc, 0x68, 0xa3,
        0x07, 0x9b, 0x68, 0xa3, 0xac, 0xc4, 0xee, 0xcc, 0x8c, 0xc4, 0x89, 0xa3,
        0xa7, 0x82, 0xa7, 0x82, 0x47, 0xa3, 0x30, 0xcd, 0xf4, 0xdd, 0x15, 0xe6,
        0xf4, 0xdd, 0xb2, 0xd5, 0xef, 0xc4, 0xca, 0xa3, 0x26, 0x6a, 0x84, 0x49,
        0x66, 0x7a, 0xe7, 0x92, 0x68, 0xa3, 0xad, 0xc4, 0x71, 0xd5, 0x14, 0xde,
        0x76, 0xee, 0xb2, 0xd5, 0x8d, 0xbc, 0xca, 0xa3, 0x89, 0xa3, 0x6d, 0xb4,
        0xef, 0xc4, 0x6d, 0xbc, 0xca, 0xa3, 0xca, 0xa3, 0x48, 0x9b, 0xe7, 0x92,
        0x27, 0x9b, 0xa9, 0xab, 0xea, 0xab, 0x4c, 0xbc, 0x4c, 0xbc, 0x2b, 0xb4,
        0x8d, 0xbc, 0x71, 0xd5, 0xb3, 0xd5, 0xb3, 0xd5, 0x15, 0xde, 0x57, 0xde,
        0x57, 0xde, 0x37, 0xde, 0x93, 0xcd, 0x32, 0xc5, 0x32, 0xc5, 0x51, 0xcd,
        0x2e, 0xb4, 0x68, 0xa3, 0xa9, 0xab, 0x51, 0xcd, 0xd4, 0xdd, 0x71, 0xd5,
        0xf4, 0xdd, 0x1b, 0xf7, 0xff, 0xff, 0x00, 0x00, 0x00, 0x00, 0x00, 0x00,
        0x00, 0x00, 0x00, 0x00, 0x00, 0x00, 0x00, 0x00, 0x00, 0x00, 0x00, 0x00,
        0x00, 0x00, 0x00, 0x00, 0x00, 0x00, 0x00, 0x00, 0x00, 0x00, 0x00, 0x00,
        0x00, 0x00, 0x00, 0x00, 0x00, 0x00, 0x00, 0x00, 0x00, 0x00, 0x00, 0x00,
        0x00, 0x00, 0x00, 0x00, 0x00, 0x00, 0x00, 0x00, 0x00, 0x00, 0x00, 0x00,
        0x00, 0x00, 0x00, 0x00, 0x00, 0x00, 0x00, 0x00, 0x00, 0x00, 0x00, 0x00,
        0x00, 0x00, 0x00, 0x00, 0x00, 0x00, 0x00, 0x00, 0x00, 0x00, 0x00, 0x00,
        0x00, 0x00, 0x00, 0x00, 0x00, 0x00, 0x00, 0x00, 0x00, 0x00, 0x00, 0x00,
        0x00, 0x00, 0x00, 0x00, 0x00, 0x00, 0x00, 0x00, 0x00, 0x00, 0x00, 0x00,
        0x00, 0x00, 0x00, 0x00, 0x00, 0x00, 0x00, 0x00, 0x00, 0x00, 0x00, 0x00,
        0x00, 0x00, 0x00, 0x00, 0x00, 0x00, 0x00, 0x00, 0x00, 0x00, 0x00, 0x00,
        0x00, 0x00, 0x00, 0x00, 0x00, 0x00, 0x00, 0x00, 0x00, 0x00, 0x00, 0x00,
        0x00, 0x00, 0x00, 0x00, 0x00, 0x00, 0x00, 0x00, 0x00, 0x00, 0x00, 0x00,
        0x00, 0x00, 0x00, 0x00, 0x00, 0x00, 0x00, 0x00, 0x00, 0x00, 0x00, 0x00,
        0x00, 0x00, 0x00, 0x00, 0x00, 0x00, 0x00, 0x00, 0x00, 0x00, 0x00, 0x00,
        0x00, 0x00, 0x00, 0x00, 0x00, 0x00, 0x00, 0x00, 0x00, 0x00, 0x00, 0x00,
        0x00, 0x00, 0x00, 0x00, 0x00, 0x00, 0x00, 0x00, 0x00, 0x00, 0x00, 0x00,
        0x00, 0x00, 0x00, 0x00, 0x00, 0x00, 0x00, 0x00, 0x00, 0x00, 0x00, 0x00,
        0x00, 0x00, 0x00, 0x00, 0x00, 0x00, 0x00, 0x00, 0x00, 0x00, 0x00, 0x00,
        0x00, 0x00, 0x00, 0x00, 0x00, 0x00, 0x00, 0x00, 0x00, 0x00, 0x00, 0x00,
        0xff, 0xff, 0xff, 0xff, 0x1b, 0xf7, 0xf9, 0xf6, 0xd8, 0xf6, 0x96, 0xf6,
        0x75, 0xf6, 0x95, 0xf6, 0x75, 0xf6, 0x33, 0xf6, 0x33, 0xf6, 0x13, 0xee,
        0x33, 0xf6, 0x13, 0xee, 0x33, 0xf6, 0x33, 0xf6, 0x13, 0xee, 0xf2, 0xed,
        0x13, 0xee, 0xf2, 0xed, 0xd1, 0xed, 0xf2, 0xed, 0xf2, 0xed, 0x13, 0xee,
        0x13, 0xee, 0x13, 0xee, 0x13, 0xee, 0x54, 0xee, 0x55, 0xee, 0x96, 0xee,
        0x96, 0xee, 0x14, 0xee, 0xd1, 0xe5, 0x2f, 0xd5, 0x8c, 0xc4, 0x4c, 0xbc,
        0xea, 0xab, 0x2b, 0xbc, 0xad, 0xc4, 0xb2, 0xdd, 0xb7, 0xf6, 0xf8, 0xfe,
        0xb7, 0xf6, 0xd8, 0xf6, 0xb7, 0xf6, 0x14, 0xee, 0x55, 0xee, 0xf8, 0xfe,
        0x96, 0xf6, 0xb7, 0xf6, 0xb7, 0xf6, 0x96, 0xf6, 0x96, 0xf6, 0x55, 0xee,
        0xd1, 0xe5, 0x0d, 0xd5, 0x0d, 0xd5, 0x2e, 0xd5, 0xee, 0xcc, 0xc9, 0xb3,
        0x07, 0x9b, 0xea, 0xab, 0x50, 0xd5, 0x2f, 0xd5, 0x2f, 0xd5, 0xea, 0xab,
        0x28, 0x93, 0x89, 0xa3, 0xea, 0xab, 0xd3, 0xdd, 0x15, 0xe6, 0xd3, 0xdd,
        0x71, 0xd5, 0x70, 0xd5, 0xad, 0xc4, 0x48, 0x9b, 0x84, 0x49, 0x84, 0x59,
        0x66, 0x7a, 0x48, 0x9b, 0xce, 0xc4, 0xb2, 0xd5, 0xf4, 0xdd, 0xd3, 0xdd,
        0xf4, 0xdd, 0x71, 0xd5, 0xcf, 0xbc, 0x0c, 0xac, 0x2c, 0xb4, 0x8d, 0xbc,
        0x2b, 0xb4, 0x2b, 0xb4, 0xea, 0xab, 0x28, 0x93, 0x48, 0x9b, 0x89, 0xa3,
        0x2b, 0xb4, 0x2b, 0xb4, 0xea, 0xab, 0xc9, 0xb3, 0xca, 0xa3, 0x4c, 0xbc,
        0xce, 0xc4, 0xce, 0xc4, 0xef, 0xc4, 0x72, 0xcd, 0xd4, 0xd5, 0xf5, 0xd5,
        0xf5, 0xd5, 0xb4, 0xcd, 0x32, 0xc5, 0xf0, 0xbc, 0x2e, 0xb4, 0x2c, 0xb4,
        0x2e, 0xb4, 0x2c, 0xb4, 0xea, 0xab, 0x4c, 0xbc, 0x70, 0xd5, 0x14, 0xe6,
        0xfa, 0xf6, 0x1b, 0xf7, 0xff, 0xff, 0xff, 0xff, 0x00, 0x00, 0x00, 0x00,
        0x00, 0x00, 0x00, 0x00, 0x00, 0x00, 0x00, 0x00, 0x00, 0x00, 0x00, 0x00,
        0x00, 0x00, 0x00, 0x00, 0x00, 0x00, 0x00, 0x00, 0x00, 0x00, 0x00, 0x00,
        0x00, 0x00, 0x00, 0x00, 0x00, 0x00, 0x00, 0x00, 0x00, 0x00, 0x00, 0x00,
        0x00, 0x00, 0x00, 0x00, 0x00, 0x00, 0x00, 0x00, 0x00, 0x00, 0x00, 0x00,
        0x00, 0x00, 0x00, 0x00, 0x00, 0x00, 0x00, 0x00, 0x00, 0x00, 0x00, 0x00,
        0x00, 0x00, 0x00, 0x00, 0x00, 0x00, 0x00, 0x00, 0x00, 0x00, 0x00, 0x00,
        0x00, 0x00, 0x00, 0x00, 0x00, 0x00, 0x00, 0x00, 0x00, 0x00, 0x00, 0x00,
        0x00, 0x00, 0x00, 0x00, 0x00, 0x00, 0x00, 0x00, 0x00, 0x00, 0x00, 0x00,
        0x00, 0x00, 0x00, 0x00, 0x00, 0x00, 0x00, 0x00, 0x00, 0x00, 0x00, 0x00,
        0x00, 0x00, 0x00, 0x00, 0x00, 0x00, 0x00, 0x00, 0x00, 0x00, 0x00, 0x00,
        0x00, 0x00, 0x00, 0x00, 0x00, 0x00, 0x00, 0x00, 0x00, 0x00, 0x00, 0x00,
        0x00, 0x00, 0x00, 0x00, 0x00, 0x00, 0x00, 0x00, 0x00, 0x00, 0x00, 0x00,
        0x00, 0x00, 0x00, 0x00, 0x00, 0x00, 0x00, 0x00, 0x00, 0x00, 0x00, 0x00,
        0x00, 0x00, 0x00, 0x00, 0x00, 0x00, 0x00, 0x00, 0x00, 0x00, 0x00, 0x00,
        0x00, 0x00, 0x00, 0x00, 0x00, 0x00, 0x00, 0x00, 0x00, 0x00, 0x00, 0x00,
        0x00, 0x00, 0x00, 0x00, 0x00, 0x00, 0x00, 0x00, 0x00, 0x00, 0x00, 0x00,
        0x00, 0x00, 0x00, 0x00, 0x00, 0x00, 0x00, 0x00, 0x00, 0x00, 0x00, 0x00,
        0x00, 0x00, 0x00, 0x00, 0x00, 0x00, 0x00, 0x00, 0x00, 0x00, 0x00, 0x00,
        0x00, 0x00, 0x00, 0x00, 0x00, 0x00, 0x00, 0x00, 0x00, 0x00, 0xff, 0xff,
        0x00, 0x00, 0xff, 0xff, 0xfa, 0xee, 0x39, 0xff, 0x96, 0xf6, 0x54, 0xee,
        0x33, 0xf6, 0x33, 0xf6, 0x33, 0xf6, 0x13, 0xee, 0xf2, 0xed, 0xd1, 0xed,
        0xd1, 0xed, 0xf2, 0xed, 0x8f, 0xe5, 0x4f, 0xdd, 0x4f, 0xdd, 0x8f, 0xe5,
        0x8f, 0xe5, 0xd1, 0xed, 0xd1, 0xed, 0xd1, 0xed, 0xd1, 0xed, 0xf2, 0xed,
        0xf2, 0xed, 0x13, 0xee, 0xf2, 0xed, 0xf3, 0xed, 0xf3, 0xed, 0x0d, 0xd5,
        0xc9, 0xb3, 0x07, 0x9b, 0x07, 0x9b, 0xc6, 0x8a, 0xa7, 0x82, 0x25, 0x72,
        0xc4, 0x61, 0xc4, 0x61, 0x84, 0x59, 0xc4, 0x61, 0x07, 0x9b, 0xac, 0xc4,
        0xd1, 0xe5, 0x95, 0xf6, 0xd8, 0xf6, 0x5b, 0xff, 0x5b, 0xff, 0x39, 0xff,
        0xf8, 0xfe, 0x96, 0xf6, 0x54, 0xee, 0x14, 0xee, 0x14, 0xee, 0xf3, 0xed,
        0x55, 0xee, 0x2e, 0xd5, 0x2f, 0xd5, 0x2f, 0xd5, 0xac, 0xc4, 0x09, 0xb4,
        0x47, 0xa3, 0x4b, 0xbc, 0x2e, 0xd5, 0x50, 0xd5, 0x70, 0xd5, 0x8c, 0xc4,
        0x4c, 0xbc, 0x8d, 0xbc, 0xce, 0xc4, 0x15, 0xe6, 0xf4, 0xdd, 0xf4, 0xdd,
        0x15, 0xe6, 0x71, 0xd5, 0xad, 0xc4, 0xa7, 0x82, 0xc4, 0x61, 0x66, 0x7a,
        0x48, 0x9b, 0x50, 0xd5, 0xd3, 0xdd, 0x14, 0xde, 0xf4, 0xdd, 0x14, 0xe6,
        0x14, 0xde, 0x35, 0xe6, 0x91, 0xd5, 0xad, 0xc4, 0xce, 0xc4, 0x6d, 0xb4,
        0x8d, 0xbc, 0x6d, 0xb4, 0x2b, 0xb4, 0xca, 0xa3, 0xe7, 0x92, 0x65, 0x82,
        0xe7, 0x92, 0x89, 0xa3, 0x2b, 0xb4, 0x2b, 0xb4, 0xea, 0xab, 0x2b, 0xb4,
        0xea, 0xab, 0xea, 0xab, 0x8d, 0xbc, 0x51, 0xcd, 0xd4, 0xd5, 0x15, 0xde,
        0x35, 0xde, 0xf5, 0xd5, 0xf5, 0xd5, 0xf5, 0xd5, 0x53, 0xc5, 0x89, 0xa3,
        0xc6, 0x8a, 0x07, 0x9b, 0xa9, 0xab, 0xcd, 0xcc, 0x91, 0xd5, 0x14, 0xe6,
        0xfa, 0xee, 0x5c, 0xf7, 0xff, 0xff, 0x00, 0x00, 0x00, 0x00, 0x00, 0x00,
        0x00, 0x00, 0x00, 0x00, 0x00, 0x00, 0x00, 0x00, 0x00, 0x00, 0x00, 0x00,
        0x00, 0x00, 0x00, 0x00, 0x00, 0x00, 0x00, 0x00, 0x00, 0x00, 0x00, 0x00,
        0x00, 0x00, 0x00, 0x00, 0x00, 0x00, 0x00, 0x00, 0x00, 0x00, 0x00, 0x00,
        0x00, 0x00, 0x00, 0x00, 0x00, 0x00, 0x00, 0x00, 0x00, 0x00, 0x00, 0x00,
        0x00, 0x00, 0x00, 0x00, 0x00, 0x00, 0x00, 0x00, 0x00, 0x00, 0x00, 0x00,
        0x00, 0x00, 0x00, 0x00, 0x00, 0x00, 0x00, 0x00, 0x00, 0x00, 0x00, 0x00,
        0x00, 0x00, 0x00, 0x00, 0x00, 0x00, 0x00, 0x00, 0x00, 0x00, 0x00, 0x00,
        0x00, 0x00, 0x00, 0x00, 0x00, 0x00, 0x00, 0x00, 0x00, 0x00, 0x00, 0x00,
        0x00, 0x00, 0x00, 0x00, 0x00, 0x00, 0x00, 0x00, 0x00, 0x00, 0x00, 0x00,
        0x00, 0x00, 0x00, 0x00, 0x00, 0x00, 0x00, 0x00, 0x00, 0x00, 0x00, 0x00,
        0x00, 0x00, 0x00, 0x00, 0x00, 0x00, 0x00, 0x00, 0x00, 0x00, 0x00, 0x00,
        0x00, 0x00, 0x00, 0x00, 0x00, 0x00, 0x00, 0x00, 0x00, 0x00, 0x00, 0x00,
        0x00, 0x00, 0x00, 0x00, 0x00, 0x00, 0x00, 0x00, 0x00, 0x00, 0x00, 0x00,
        0x00, 0x00, 0x00, 0x00, 0x00, 0x00, 0x00, 0x00, 0x00, 0x00, 0x00, 0x00,
        0x00, 0x00, 0x00, 0x00, 0x00, 0x00, 0x00, 0x00, 0x00, 0x00, 0x00, 0x00,
        0x00, 0x00, 0x00, 0x00, 0x00, 0x00, 0x00, 0x00, 0x00, 0x00, 0x00, 0x00,
        0x00, 0x00, 0x00, 0x00, 0x00, 0x00, 0x00, 0x00, 0x00, 0x00, 0x00, 0x00,
        0x00, 0x00, 0x00, 0x00, 0x00, 0x00, 0x00, 0x00, 0x00, 0x00, 0x00, 0x00,
        0x00, 0x00, 0x00, 0x00, 0x00, 0x00, 0x00, 0x00, 0x00, 0x00, 0xff, 0xff,
        0x00, 0x00, 0x7d, 0xf7, 0xfa, 0xee, 0x1a, 0xf7, 0xb7, 0xf6, 0x95, 0xf6,
        0x95, 0xf6, 0x95, 0xf6, 0x33, 0xf6, 0x13, 0xee, 0xf2, 0xed, 0x4f, 0xdd,
        0x8c, 0xcc, 0x8c, 0xcc, 0xcc, 0xcc, 0x6b, 0xc4, 0xc9, 0xbb, 0xc9, 0xbb,
        0x6a, 0xcc, 0xec, 0xdc, 0x4e, 0xe5, 0x8f, 0xe5, 0xd1, 0xed, 0x8f, 0xe5,
        0xd1, 0xed, 0xf2, 0xed, 0x33, 0xf6, 0x95, 0xf6, 0x54, 0xee, 0xcc, 0xcc,
        0x0c, 0xc4, 0x2e, 0xb4, 0x28, 0x93, 0xa7, 0x82, 0xa7, 0x82, 0x66, 0x7a,
        0x26, 0x6a, 0x47, 0x6a, 0x26, 0x6a, 0x26, 0x6a, 0x84, 0x59, 0xc4, 0x61,
        0x65, 0x82, 0x8c, 0xcc, 0x75, 0xf6, 0x39, 0xff, 0x5b, 0xff, 0x5b, 0xff,
        0x3a, 0xf7, 0xf8, 0xfe, 0x96, 0xf6, 0x55, 0xee, 0x54, 0xee, 0x14, 0xee,
        0x14, 0xee, 0x2e, 0xd5, 0x50, 0xd5, 0x70, 0xdd, 0x2b, 0xbc, 0x68, 0xa3,
        0xa9, 0xab, 0xcd, 0xcc, 0xee, 0xcc, 0x91, 0xdd, 0xee, 0xcc, 0xce, 0xc4,
        0xad, 0xc4, 0x30, 0xcd, 0x50, 0xcd, 0xd3, 0xdd, 0xb2, 0xdd, 0xf4, 0xdd,
        0x15, 0xe6, 0xb2, 0xd5, 0x4c, 0xbc, 0x89, 0xa3, 0xc6, 0x8a, 0xc6, 0x8a,
        0xa9, 0xab, 0x2f, 0xd5, 0xd3, 0xdd, 0x14, 0xe6, 0x56, 0xe6, 0x34, 0xe6,
        0x34, 0xe6, 0x35, 0xe6, 0x91, 0xd5, 0x8c, 0xc4, 0x2b, 0xb4, 0xef, 0xc4,
        0x0f, 0xcd, 0x2c, 0xb4, 0xca, 0xa3, 0x28, 0x93, 0x65, 0x82, 0xa7, 0x82,
        0x28, 0x93, 0x48, 0x9b, 0x07, 0x9b, 0x89, 0xa3, 0x2b, 0xb4, 0x48, 0x9b,
        0xca, 0xa3, 0x2b, 0xb4, 0x4c, 0xbc, 0x30, 0xcd, 0xb3, 0xd5, 0x15, 0xde,
        0xd4, 0xd5, 0x15, 0xde, 0xf5, 0xd5, 0x32, 0xc5, 0x2c, 0xb4, 0x89, 0xa3,
        0xc6, 0x8a, 0x47, 0xa3, 0xa9, 0xab, 0x2b, 0xbc, 0x0f, 0xcd, 0x91, 0xd5,
        0x76, 0xee, 0x1b, 0xf7, 0x00, 0x00, 0xff, 0xff, 0x00, 0x00, 0x00, 0x00,
        0x00, 0x00, 0x00, 0x00, 0x00, 0x00, 0x00, 0x00, 0x00, 0x00, 0x00, 0x00,
        0x00, 0x00, 0x00, 0x00, 0x00, 0x00, 0x00, 0x00, 0x00, 0x00, 0x00, 0x00,
        0x00, 0x00, 0x00, 0x00, 0x00, 0x00, 0x00, 0x00, 0x00, 0x00, 0x00, 0x00,
        0x00, 0x00, 0x00, 0x00, 0x00, 0x00, 0x00, 0x00, 0x00, 0x00, 0x00, 0x00,
        0x00, 0x00, 0x00, 0x00, 0x00, 0x00, 0x00, 0x00, 0x00, 0x00, 0x00, 0x00,
        0x00, 0x00, 0x00, 0x00, 0x00, 0x00, 0x00, 0x00, 0x00, 0x00, 0x00, 0x00,
        0x00, 0x00, 0x00, 0x00, 0x00, 0x00, 0x00, 0x00, 0x00, 0x00, 0x00, 0x00,
        0x00, 0x00, 0x00, 0x00, 0x00, 0x00, 0x00, 0x00, 0x00, 0x00, 0x00, 0x00,
        0x00, 0x00, 0x00, 0x00, 0x00, 0x00, 0x00, 0x00, 0x00, 0x00, 0x00, 0x00,
        0x00, 0x00, 0x00, 0x00, 0x00, 0x00, 0x00, 0x00, 0x00, 0x00, 0x00, 0x00,
        0x00, 0x00, 0x00, 0x00, 0x00, 0x00, 0x00, 0x00, 0x00, 0x00, 0x00, 0x00,
        0x00, 0x00, 0x00, 0x00, 0x00, 0x00, 0x00, 0x00, 0x00, 0x00, 0x00, 0x00,
        0x00, 0x00, 0x00, 0x00, 0x00, 0x00, 0x00, 0x00, 0x00, 0x00, 0x00, 0x00,
        0x00, 0x00, 0x00, 0x00, 0x00, 0x00, 0x00, 0x00, 0x00, 0x00, 0x00, 0x00,
        0x00, 0x00, 0x00, 0x00, 0x00, 0x00, 0x00, 0x00, 0x00, 0x00, 0x00, 0x00,
        0x00, 0x00, 0x00, 0x00, 0x00, 0x00, 0x00, 0x00, 0x00, 0x00, 0x00, 0x00,
        0x00, 0x00, 0x00, 0x00, 0x00, 0x00, 0x00, 0x00, 0x00, 0x00, 0x00, 0x00,
        0x00, 0x00, 0x00, 0x00, 0x00, 0x00, 0x00, 0x00, 0x00, 0x00, 0x00, 0x00,
        0x00, 0x00, 0x00, 0x00, 0x00, 0x00, 0x00, 0x00, 0x00, 0x00, 0xff, 0xff,
        0x00, 0x00, 0xbf, 0xff, 0xfa, 0xf6, 0x39, 0xff, 0x96, 0xf6, 0x95, 0xf6,
        0x96, 0xf6, 0x95, 0xf6, 0x54, 0xee, 0xf2, 0xed, 0x4f, 0xdd, 0x8c, 0xcc,
        0xc9, 0xb3, 0x07, 0x9b, 0xa9, 0xab, 0xc9, 0xb3, 0x87, 0xb3, 0x87, 0xb3,
        0x87, 0xb3, 0x29, 0xc4, 0xab, 0xd4, 0xec, 0xdc, 0x4e, 0xe5, 0x8f, 0xe5,
        0xd1, 0xed, 0xf2, 0xed, 0x13, 0xee, 0x55, 0xee, 0x76, 0xee, 0x14, 0xde,
        0xaf, 0xcc, 0x6a, 0x9b, 0xcb, 0x9b, 0x2c, 0xb4, 0x2c, 0xb4, 0x6d, 0xb4,
        0x0c, 0xac, 0x6a, 0x9b, 0x29, 0x83, 0x29, 0x83, 0xa7, 0x7a, 0x26, 0x6a,
        0x26, 0x6a, 0x65, 0x82, 0x0d, 0xd5, 0xf8, 0xfe, 0x5b, 0xff, 0x7c, 0xff,
        0x7c, 0xff, 0x39, 0xff, 0xd8, 0xf6, 0xd8, 0xf6, 0x54, 0xee, 0xd1, 0xe5,
        0x14, 0xe6, 0xd2, 0xe5, 0x50, 0xd5, 0xac, 0xc4, 0xea, 0xab, 0x68, 0xa3,
        0xa9, 0xab, 0xac, 0xc4, 0x70, 0xd5, 0x50, 0xd5, 0x0f, 0xcd, 0x6d, 0xb4,
        0xad, 0xc4, 0xad, 0xc4, 0x30, 0xcd, 0xd3, 0xdd, 0xd3, 0xdd, 0xd3, 0xdd,
        0xb2, 0xd5, 0xef, 0xc4, 0x2b, 0xb4, 0x28, 0x93, 0x65, 0x82, 0x48, 0x9b,
        0xad, 0xc4, 0x91, 0xd5, 0x15, 0xe6, 0x15, 0xe6, 0x15, 0xe6, 0x14, 0xe6,
        0xd3, 0xdd, 0x70, 0xd5, 0xad, 0xc4, 0xad, 0xc4, 0x30, 0xcd, 0xce, 0xc4,
        0x8d, 0xbc, 0x8d, 0xbc, 0x89, 0xa3, 0xc6, 0x8a, 0xa7, 0x82, 0xc6, 0x8a,
        0xe7, 0x92, 0xc6, 0x8a, 0xe7, 0x92, 0x28, 0x93, 0x48, 0x9b, 0x6d, 0xb4,
        0xca, 0xa3, 0x89, 0xa3, 0xca, 0xa3, 0x2c, 0xb4, 0xae, 0xbc, 0x10, 0xc5,
        0x10, 0xc5, 0x72, 0xcd, 0x10, 0xc5, 0x2e, 0xb4, 0x28, 0x93, 0x06, 0x8a,
        0xe7, 0x92, 0xea, 0xab, 0x2b, 0xb4, 0x2b, 0xbc, 0x0f, 0xcd, 0x14, 0xe6,
        0xb9, 0xee, 0x7d, 0xf7, 0x00, 0x00, 0xff, 0xff, 0x00, 0x00, 0x00, 0x00,
        0x00, 0x00, 0x00, 0x00, 0x00, 0x00, 0x00, 0x00, 0x00, 0x00, 0x00, 0x00,
        0x00, 0x00, 0x00, 0x00, 0x00, 0x00, 0x00, 0x00, 0x00, 0x00, 0x00, 0x00,
        0x00, 0x00, 0x00, 0x00, 0x00, 0x00, 0x00, 0x00, 0x00, 0x00, 0x00, 0x00,
        0x00, 0x00, 0x00, 0x00, 0x00, 0x00, 0x00, 0x00, 0x00, 0x00, 0x00, 0x00,
        0x00, 0x00, 0x00, 0x00, 0x00, 0x00, 0x00, 0x00, 0x00, 0x00, 0x00, 0x00,
        0x00, 0x00, 0x00, 0x00, 0x00, 0x00, 0x00, 0x00, 0x00, 0x00, 0x00, 0x00,
        0x00, 0x00, 0x00, 0x00, 0x00, 0x00, 0x00, 0x00, 0x00, 0x00, 0x00, 0x00,
        0x00, 0x00, 0x00, 0x00, 0x00, 0x00, 0x00, 0x00, 0x00, 0x00, 0x00, 0x00,
        0x00, 0x00, 0x00, 0x00, 0x00, 0x00, 0x00, 0x00, 0x00, 0x00, 0x00, 0x00,
        0x00, 0x00, 0x00, 0x00, 0x00, 0x00, 0x00, 0x00, 0x00, 0x00, 0x00, 0x00,
        0x00, 0x00, 0x00, 0x00, 0x00, 0x00, 0x00, 0x00, 0x00, 0x00, 0x00, 0x00,
        0x00, 0x00, 0x00, 0x00, 0x00, 0x00, 0x00, 0x00, 0x00, 0x00, 0x00, 0x00,
        0x00, 0x00, 0x00, 0x00, 0x00, 0x00, 0x00, 0x00, 0x00, 0x00, 0x00, 0x00,
        0x00, 0x00, 0x00, 0x00, 0x00, 0x00, 0x00, 0x00, 0x00, 0x00, 0x00, 0x00,
        0x00, 0x00, 0x00, 0x00, 0x00, 0x00, 0x00, 0x00, 0x00, 0x00, 0x00, 0x00,
        0x00, 0x00, 0x00, 0x00, 0x00, 0x00, 0x00, 0x00, 0x00, 0x00, 0x00, 0x00,
        0x00, 0x00, 0x00, 0x00, 0x00, 0x00, 0x00, 0x00, 0x00, 0x00, 0x00, 0x00,
        0x00, 0x00, 0x00, 0x00, 0x00, 0x00, 0x00, 0x00, 0x00, 0x00, 0x00, 0x00,
        0x00, 0x00, 0x00, 0x00, 0x00, 0x00, 0x00, 0x00, 0x00, 0x00, 0xff, 0xff,
        0x00, 0x00, 0x5c, 0xf7, 0x1a, 0xf7, 0xd8, 0xf6, 0x95, 0xf6, 0x75, 0xf6,
        0x95, 0xf6, 0x75, 0xf6, 0x13, 0xee, 0x4f, 0xdd, 0x6b, 0xc4, 0xc9, 0xb3,
        0xc9, 0xbb, 0x68, 0xa3, 0x47, 0xa3, 0xa9, 0xab, 0xa9, 0xab, 0x87, 0xb3,
        0x87, 0xb3, 0x6a, 0xcc, 0xab, 0xd4, 0xab, 0xd4, 0x4e, 0xe5, 0x4e, 0xe5,
        0xd1, 0xed, 0x33, 0xf6, 0x75, 0xf6, 0x97, 0xee, 0x98, 0xe6, 0xd3, 0xdd,
        0x6a, 0x9b, 0xae, 0xbc, 0x50, 0xcd, 0xce, 0xc4, 0x50, 0xcd, 0x4d, 0xac,
        0x47, 0x6a, 0x66, 0x31, 0x66, 0x31, 0x88, 0x6a, 0x4c, 0xbc, 0xca, 0xa3,
        0xa7, 0x7a, 0x26, 0x6a, 0x48, 0x9b, 0x75, 0xf6, 0x7c, 0xff, 0x7c, 0xff,
        0x7c, 0xff, 0x5b, 0xff, 0x1a, 0xf7, 0xb7, 0xf6, 0x55, 0xee, 0xf3, 0xe5,
        0x76, 0xee, 0x91, 0xdd, 0xcd, 0xcc, 0xac, 0xc4, 0xea, 0xab, 0x48, 0x9b,
        0xea, 0xab, 0xcd, 0xcc, 0x91, 0xd5, 0x70, 0xd5, 0x0f, 0xcd, 0x6d, 0xb4,
        0x6d, 0xb4, 0x6d, 0xb4, 0xad, 0xc4, 0x71, 0xd5, 0x71, 0xd5, 0x71, 0xd5,
        0xce, 0xc4, 0x2c, 0xb4, 0x89, 0xa3, 0x65, 0x82, 0xe7, 0x92, 0x8d, 0xbc,
        0x70, 0xd5, 0xd3, 0xdd, 0x34, 0xe6, 0xd3, 0xdd, 0x50, 0xd5, 0xd2, 0xe5,
        0x91, 0xdd, 0xb2, 0xdd, 0xb2, 0xdd, 0xd3, 0xdd, 0xd3, 0xdd, 0xb2, 0xd5,
        0xef, 0xc4, 0x8d, 0xbc, 0x0c, 0xac, 0x0c, 0xac, 0x89, 0xa3, 0xe7, 0x92,
        0xc6, 0x8a, 0xe7, 0x92, 0x28, 0x93, 0x89, 0xa3, 0x48, 0x9b, 0x89, 0xa3,
        0xca, 0xa3, 0x48, 0x9b, 0x89, 0xa3, 0xea, 0xab, 0x6d, 0xb4, 0xcf, 0xbc,
        0xcf, 0xbc, 0x0c, 0xac, 0xe8, 0x82, 0x65, 0x82, 0x65, 0x82, 0xc6, 0x8a,
        0x07, 0x9b, 0x07, 0x9b, 0x68, 0xa3, 0x4b, 0xbc, 0x50, 0xcd, 0x97, 0xee,
        0xfa, 0xee, 0xff, 0xff, 0xff, 0xff, 0x00, 0x00, 0x00, 0x00, 0x00, 0x00,
        0x00, 0x00, 0x00, 0x00, 0x00, 0x00, 0x00, 0x00, 0x00, 0x00, 0x00, 0x00,
        0x00, 0x00, 0x00, 0x00, 0x00, 0x00, 0x00, 0x00, 0x00, 0x00, 0x00, 0x00,
        0x00, 0x00, 0x00, 0x00, 0x00, 0x00, 0x00, 0x00, 0x00, 0x00, 0x00, 0x00,
        0x00, 0x00, 0x00, 0x00, 0x00, 0x00, 0x00, 0x00, 0x00, 0x00, 0x00, 0x00,
        0x00, 0x00, 0x00, 0x00, 0x00, 0x00, 0x00, 0x00, 0x00, 0x00, 0x00, 0x00,
        0x00, 0x00, 0x00, 0x00, 0x00, 0x00, 0x00, 0x00, 0x00, 0x00, 0x00, 0x00,
        0x00, 0x00, 0x00, 0x00, 0x00, 0x00, 0x00, 0x00, 0x00, 0x00, 0x00, 0x00,
        0x00, 0x00, 0x00, 0x00, 0x00, 0x00, 0x00, 0x00, 0x00, 0x00, 0x00, 0x00,
        0x00, 0x00, 0x00, 0x00, 0x00, 0x00, 0x00, 0x00, 0x00, 0x00, 0x00, 0x00,
        0x00, 0x00, 0x00, 0x00, 0x00, 0x00, 0x00, 0x00, 0x00, 0x00, 0x00, 0x00,
        0x00, 0x00, 0x00, 0x00, 0x00, 0x00, 0x00, 0x00, 0x00, 0x00, 0x00, 0x00,
        0x00, 0x00, 0x00, 0x00, 0x00, 0x00, 0x00, 0x00, 0x00, 0x00, 0x00, 0x00,
        0x00, 0x00, 0x00, 0x00, 0x00, 0x00, 0x00, 0x00, 0x00, 0x00, 0x00, 0x00,
        0x00, 0x00, 0x00, 0x00, 0x00, 0x00, 0x00, 0x00, 0x00, 0x00, 0x00, 0x00,
        0x00, 0x00, 0x00, 0x00, 0x00, 0x00, 0x00, 0x00, 0x00, 0x00, 0x00, 0x00,
        0x00, 0x00, 0x00, 0x00, 0x00, 0x00, 0x00, 0x00, 0x00, 0x00, 0x00, 0x00,
        0x00, 0x00, 0x00, 0x00, 0x00, 0x00, 0x00, 0x00, 0x00, 0x00, 0x00, 0x00,
        0x00, 0x00, 0x00, 0x00, 0x00, 0x00, 0x00, 0x00, 0x00, 0x00, 0x00, 0x00,
        0x00, 0x00, 0x00, 0x00, 0x00, 0x00, 0x00, 0x00, 0x00, 0x00, 0xff, 0xff,
        0x00, 0x00, 0x1b, 0xf7, 0xf9, 0xf6, 0xd8, 0xf6, 0xb7, 0xf6, 0x95, 0xf6,
        0x75, 0xf6, 0x13, 0xee, 0x90, 0xe5, 0x0d, 0xd5, 0xc9, 0xb3, 0x68, 0xa3,
        0x68, 0xa3, 0xc9, 0xb3, 0xc9, 0xb3, 0x09, 0xb4, 0x8c, 0xcc, 0x8c, 0xcc,
        0x0d, 0xd5, 0x4e, 0xe5, 0x4e, 0xe5, 0x4e, 0xe5, 0x4f, 0xdd, 0x8f, 0xe5,
        0xd1, 0xed, 0x33, 0xf6, 0xf8, 0xfe, 0x97, 0xee, 0xf5, 0xed, 0xca, 0xa3,
        0x10, 0xc5, 0x91, 0xd5, 0xae, 0xbc, 0xef, 0xc4, 0x4b, 0x83, 0x66, 0x31,
        0xa3, 0x18, 0xa3, 0x18, 0xa3, 0x18, 0xa3, 0x18, 0x47, 0x6a, 0x0f, 0xcd,
        0x8c, 0xc4, 0xe8, 0x82, 0xa7, 0x82, 0xf3, 0xed, 0x9d, 0xff, 0x7c, 0xff,
        0x7c, 0xff, 0x7c, 0xff, 0x5b, 0xff, 0xb7, 0xf6, 0x55, 0xee, 0x55, 0xee,
        0xf3, 0xe5, 0x70, 0xd5, 0x50, 0xd5, 0x2b, 0xbc, 0x07, 0x9b, 0xea, 0xab,
        0x4c, 0xbc, 0xac, 0xc4, 0xd3, 0xdd, 0xd3, 0xdd, 0x8d, 0xbc, 0x0c, 0xac,
        0x2c, 0xb4, 0x2c, 0xb4, 0xae, 0xbc, 0x30, 0xcd, 0x51, 0xcd, 0x92, 0xd5,
        0xef, 0xc4, 0x51, 0xcd, 0x0c, 0xac, 0xea, 0xab, 0xad, 0xc4, 0x0f, 0xcd,
        0xf4, 0xdd, 0xb8, 0xee, 0xb8, 0xf6, 0xf9, 0xf6, 0x97, 0xee, 0x34, 0xe6,
        0x34, 0xe6, 0x34, 0xe6, 0xd3, 0xdd, 0xd3, 0xdd, 0xf4, 0xdd, 0xb2, 0xd5,
        0xd3, 0xdd, 0x15, 0xe6, 0x92, 0xd5, 0x4d, 0xac, 0x48, 0x9b, 0x28, 0x93,
        0xe7, 0x92, 0xc6, 0x8a, 0xe7, 0x92, 0x07, 0x9b, 0x89, 0xa3, 0x2b, 0xb4,
        0xad, 0xc4, 0x4c, 0xbc, 0xea, 0xab, 0xea, 0xab, 0x8d, 0xbc, 0xae, 0xbc,
        0x8d, 0xbc, 0x6a, 0x9b, 0x66, 0x7a, 0xc4, 0x61, 0x25, 0x72, 0x06, 0x8a,
        0x25, 0x72, 0x65, 0x82, 0x47, 0xa3, 0xad, 0xc4, 0x71, 0xd5, 0x97, 0xee,
        0x1b, 0xf7, 0x00, 0x00, 0xff, 0xff, 0x00, 0x00, 0x00, 0x00, 0x00, 0x00,
        0x00, 0x00, 0x00, 0x00, 0x00, 0x00, 0x00, 0x00, 0x00, 0x00, 0x00, 0x00,
        0x00, 0x00, 0x00, 0x00, 0x00, 0x00, 0x00, 0x00, 0x00, 0x00, 0x00, 0x00,
        0x00, 0x00, 0x00, 0x00, 0x00, 0x00, 0x00, 0x00, 0x00, 0x00, 0x00, 0x00,
        0x00, 0x00, 0x00, 0x00, 0x00, 0x00, 0x00, 0x00, 0x00, 0x00, 0x00, 0x00,
        0x00, 0x00, 0x00, 0x00, 0x00, 0x00, 0x00, 0x00, 0x00, 0x00, 0x00, 0x00,
        0x00, 0x00, 0x00, 0x00, 0x00, 0x00, 0x00, 0x00, 0x00, 0x00, 0x00, 0x00,
        0x00, 0x00, 0x00, 0x00, 0x00, 0x00, 0x00, 0x00, 0x00, 0x00, 0x00, 0x00,
        0x00, 0x00, 0x00, 0x00, 0x00, 0x00, 0x00, 0x00, 0x00, 0x00, 0x00, 0x00,
        0x00, 0x00, 0x00, 0x00, 0x00, 0x00, 0x00, 0x00, 0x00, 0x00, 0x00, 0x00,
        0x00, 0x00, 0x00, 0x00, 0x00, 0x00, 0x00, 0x00, 0x00, 0x00, 0x00, 0x00,
        0x00, 0x00, 0x00, 0x00, 0x00, 0x00, 0x00, 0x00, 0x00, 0x00, 0x00, 0x00,
        0x00, 0x00, 0x00, 0x00, 0x00, 0x00, 0x00, 0x00, 0x00, 0x00, 0x00, 0x00,
        0x00, 0x00, 0x00, 0x00, 0x00, 0x00, 0x00, 0x00, 0x00, 0x00, 0x00, 0x00,
        0x00, 0x00, 0x00, 0x00, 0x00, 0x00, 0x00, 0x00, 0x00, 0x00, 0x00, 0x00,
        0x00, 0x00, 0x00, 0x00, 0x00, 0x00, 0x00, 0x00, 0x00, 0x00, 0x00, 0x00,
        0x00, 0x00, 0x00, 0x00, 0x00, 0x00, 0x00, 0x00, 0x00, 0x00, 0x00, 0x00,
        0x00, 0x00, 0x00, 0x00, 0x00, 0x00, 0x00, 0x00, 0x00, 0x00, 0x00, 0x00,
        0x00, 0x00, 0x00, 0x00, 0x00, 0x00, 0x00, 0x00, 0x00, 0x00, 0x00, 0x00,
        0x00, 0x00, 0x00, 0x00, 0x00, 0x00, 0x00, 0x00, 0x00, 0x00, 0xff, 0xff,
        0x00, 0x00, 0x1b, 0xf7, 0x1a, 0xf7, 0xb7, 0xf6, 0xb7, 0xf6, 0xb7, 0xf6,
        0x95, 0xf6, 0x33, 0xf6, 0x2e, 0xd5, 0xc9, 0xb3, 0x07, 0x9b, 0x07, 0x9b,
        0x68, 0xa3, 0xc9, 0xb3, 0x4b, 0xbc, 0x8c, 0xcc, 0x0d, 0xd5, 0x90, 0xe5,
        0x14, 0xee, 0xf3, 0xed, 0x14, 0xee, 0x33, 0xf6, 0x33, 0xf6, 0x13, 0xee,
        0xf2, 0xed, 0x96, 0xf6, 0x1a, 0xf7, 0x97, 0xee, 0x10, 0xc5, 0x4a, 0x8b,
        0xb2, 0xd5, 0xae, 0xbc, 0x4d, 0xac, 0xcc, 0x93, 0xb4, 0x8c, 0x38, 0xd6,
        0xee, 0x52, 0xa3, 0x18, 0xa3, 0x18, 0xa3, 0x18, 0xa3, 0x18, 0x0c, 0xac,
        0xee, 0xcc, 0xca, 0xa3, 0x65, 0x82, 0xb2, 0xdd, 0x7c, 0xff, 0x9d, 0xff,
        0x7c, 0xff, 0x7c, 0xff, 0x5b, 0xff, 0xf9, 0xf6, 0x55, 0xee, 0x14, 0xee,
        0xf3, 0xe5, 0xf3, 0xe5, 0x70, 0xd5, 0xa9, 0xab, 0xea, 0xab, 0x2b, 0xbc,
        0x4c, 0xbc, 0x09, 0xb4, 0xb2, 0xdd, 0x50, 0xcd, 0x2c, 0xb4, 0x6a, 0x9b,
        0x48, 0x9b, 0x6d, 0xb4, 0x51, 0xcd, 0x92, 0xd5, 0x92, 0xd5, 0x15, 0xde,
        0x51, 0xcd, 0x72, 0xcd, 0x2c, 0xb4, 0xca, 0xa3, 0xce, 0xc4, 0xd4, 0xdd,
        0xb8, 0xee, 0xb8, 0xf6, 0xf9, 0xf6, 0x3a, 0xf7, 0xd9, 0xee, 0xb8, 0xee,
        0x56, 0xe6, 0x34, 0xe6, 0x35, 0xe6, 0x56, 0xe6, 0x56, 0xe6, 0x15, 0xe6,
        0xd3, 0xdd, 0xb2, 0xd5, 0x51, 0xcd, 0x0c, 0xac, 0x6a, 0x9b, 0x89, 0xa3,
        0xa7, 0x82, 0x65, 0x82, 0xc6, 0x8a, 0x28, 0x93, 0xa9, 0xab, 0xea, 0xab,
        0xca, 0xa3, 0x8d, 0xbc, 0xea, 0xab, 0xa9, 0xab, 0x4c, 0xbc, 0xef, 0xc4,
        0xae, 0xbc, 0x0c, 0xac, 0xe8, 0x82, 0xc4, 0x61, 0x84, 0x59, 0xc4, 0x61,
        0x25, 0x72, 0x07, 0x9b, 0xea, 0xab, 0xce, 0xc4, 0x70, 0xd5, 0x76, 0xee,
        0x5c, 0xf7, 0x00, 0x00, 0xff, 0xff, 0x00, 0x00, 0x00, 0x00, 0x00, 0x00,
        0x00, 0x00, 0x00, 0x00, 0x00, 0x00, 0x00, 0x00, 0x00, 0x00, 0x00, 0x00,
        0x00, 0x00, 0x00, 0x00, 0x00, 0x00, 0x00, 0x00, 0x00, 0x00, 0x00, 0x00,
        0x00, 0x00, 0x00, 0x00, 0x00, 0x00, 0x00, 0x00, 0x00, 0x00, 0x00, 0x00,
        0x00, 0x00, 0x00, 0x00, 0x00, 0x00, 0x00, 0x00, 0x00, 0x00, 0x00, 0x00,
        0x00, 0x00, 0x00, 0x00, 0x00, 0x00, 0x00, 0x00, 0x00, 0x00, 0x00, 0x00,
        0x00, 0x00, 0x00, 0x00, 0x00, 0x00, 0x00, 0x00, 0x00, 0x00, 0x00, 0x00,
        0x00, 0x00, 0x00, 0x00, 0x00, 0x00, 0x00, 0x00, 0x00, 0x00, 0x00, 0x00,
        0x00, 0x00, 0x00, 0x00, 0x00, 0x00, 0x00, 0x00, 0x00, 0x00, 0x00, 0x00,
        0x00, 0x00, 0x00, 0x00, 0x00, 0x00, 0x00, 0x00, 0x00, 0x00, 0x00, 0x00,
        0x00, 0x00, 0x00, 0x00, 0x00, 0x00, 0x00, 0x00, 0x00, 0x00, 0x00, 0x00,
        0x00, 0x00, 0x00, 0x00, 0x00, 0x00, 0x00, 0x00, 0x00, 0x00, 0x00, 0x00,
        0x00, 0x00, 0x00, 0x00, 0x00, 0x00, 0x00, 0x00, 0x00, 0x00, 0x00, 0x00,
        0x00, 0x00, 0x00, 0x00, 0x00, 0x00, 0x00, 0x00, 0x00, 0x00, 0x00, 0x00,
        0x00, 0x00, 0x00, 0x00, 0x00, 0x00, 0x00, 0x00, 0x00, 0x00, 0x00, 0x00,
        0x00, 0x00, 0x00, 0x00, 0x00, 0x00, 0x00, 0x00, 0x00, 0x00, 0x00, 0x00,
        0x00, 0x00, 0x00, 0x00, 0x00, 0x00, 0x00, 0x00, 0x00, 0x00, 0x00, 0x00,
        0x00, 0x00, 0x00, 0x00, 0x00, 0x00, 0x00, 0x00, 0x00, 0x00, 0x00, 0x00,
        0x00, 0x00, 0x00, 0x00, 0x00, 0x00, 0x00, 0x00, 0x00, 0x00, 0x00, 0x00,
        0x00, 0x00, 0x00, 0x00, 0x00, 0x00, 0x00, 0x00, 0x00, 0x00, 0xff, 0xff,
        0x00, 0x00, 0x1b, 0xf7, 0x1a, 0xf7, 0xb7, 0xf6, 0x96, 0xf6, 0x95, 0xf6,
        0x75, 0xf6, 0x13, 0xee, 0x0d, 0xd5, 0xa9, 0xab, 0x07, 0x9b, 0x89, 0xa3,
        0x8c, 0xc4, 0xcd, 0xcc, 0x0d, 0xd5, 0x4f, 0xdd, 0xd1, 0xe5, 0x14, 0xee,
        0x33, 0xf6, 0x33, 0xf6, 0x13, 0xee, 0x33, 0xf6, 0x75, 0xf6, 0x13, 0xee,
        0x33, 0xf6, 0xf8, 0xfe, 0x1a, 0xf7, 0x76, 0xee, 0x2e, 0xb4, 0xcb, 0x9b,
        0xd3, 0xdd, 0x4d, 0xac, 0x4d, 0xac, 0x4b, 0x83, 0x3c, 0xef, 0xbe, 0xff,
        0x11, 0x84, 0xa3, 0x18, 0xa3, 0x18, 0xa3, 0x18, 0xa3, 0x18, 0x4b, 0x83,
        0xcd, 0xcc, 0xca, 0xa3, 0x25, 0x72, 0x30, 0xcd, 0x7c, 0xff, 0x9d, 0xff,
        0x7c, 0xff, 0x7c, 0xff, 0x5b, 0xff, 0xd8, 0xf6, 0xf3, 0xed, 0xf3, 0xed,
        0xd2, 0xe5, 0x4f, 0xd5, 0xad, 0xc4, 0xea, 0xab, 0x48, 0x9b, 0xc9, 0xb3,
        0xac, 0xc4, 0xce, 0xc4, 0x91, 0xd5, 0xef, 0xc4, 0x28, 0x93, 0x6a, 0x9b,
        0x6a, 0x9b, 0xcf, 0xbc, 0x93, 0xcd, 0x72, 0xcd, 0xd4, 0xd5, 0xd4, 0xd5,
        0x10, 0xc5, 0x4d, 0xac, 0xca, 0xa3, 0xb2, 0xd5, 0xd8, 0xf6, 0xf8, 0xfe,
        0xb7, 0xf6, 0x96, 0xee, 0x96, 0xee, 0x96, 0xee, 0xb8, 0xf6, 0x56, 0xe6,
        0xd9, 0xee, 0x77, 0xe6, 0x34, 0xe6, 0x77, 0xe6, 0x77, 0xe6, 0x56, 0xe6,
        0xb3, 0xd5, 0xef, 0xc4, 0xef, 0xc4, 0x10, 0xc5, 0x2b, 0xb4, 0x28, 0x93,
        0xe7, 0x92, 0xe7, 0x92, 0xe7, 0x92, 0x28, 0x93, 0x48, 0x9b, 0xea, 0xab,
        0x4c, 0xbc, 0xad, 0xc4, 0xce, 0xc4, 0xad, 0xc4, 0xce, 0xc4, 0xef, 0xc4,
        0x8e, 0xb4, 0x4a, 0x8b, 0xc4, 0x61, 0x84, 0x59, 0x84, 0x59, 0xc4, 0x61,
        0x65, 0x82, 0xe7, 0x92, 0xca, 0xa3, 0x8d, 0xbc, 0xb2, 0xd5, 0x57, 0xde,
        0xbf, 0xff, 0x00, 0x00, 0xff, 0xff, 0x00, 0x00, 0x00, 0x00, 0x00, 0x00,
        0x00, 0x00, 0x00, 0x00, 0x00, 0x00, 0x00, 0x00, 0x00, 0x00, 0x00, 0x00,
        0x00, 0x00, 0x00, 0x00, 0x00, 0x00, 0x00, 0x00, 0x00, 0x00, 0x00, 0x00,
        0x00, 0x00, 0x00, 0x00, 0x00, 0x00, 0x00, 0x00, 0x00, 0x00, 0x00, 0x00,
        0x00, 0x00, 0x00, 0x00, 0x00, 0x00, 0x00, 0x00, 0x00, 0x00, 0x00, 0x00,
        0x00, 0x00, 0x00, 0x00, 0x00, 0x00, 0x00, 0x00, 0x00, 0x00, 0x00, 0x00,
        0x00, 0x00, 0x00, 0x00, 0x00, 0x00, 0x00, 0x00, 0x00, 0x00, 0x00, 0x00,
        0x00, 0x00, 0x00, 0x00, 0x00, 0x00, 0x00, 0x00, 0x00, 0x00, 0x00, 0x00,
        0x00, 0x00, 0x00, 0x00, 0x00, 0x00, 0x00, 0x00, 0x00, 0x00, 0x00, 0x00,
        0x00, 0x00, 0x00, 0x00, 0x00, 0x00, 0x00, 0x00, 0x00, 0x00, 0x00, 0x00,
        0x00, 0x00, 0x00, 0x00, 0x00, 0x00, 0x00, 0x00, 0x00, 0x00, 0x00, 0x00,
        0x00, 0x00, 0x00, 0x00, 0x00, 0x00, 0x00, 0x00, 0x00, 0x00, 0x00, 0x00,
        0x00, 0x00, 0x00, 0x00, 0x00, 0x00, 0x00, 0x00, 0x00, 0x00, 0x00, 0x00,
        0x00, 0x00, 0x00, 0x00, 0x00, 0x00, 0x00, 0x00, 0x00, 0x00, 0x00, 0x00,
        0x00, 0x00, 0x00, 0x00, 0x00, 0x00, 0x00, 0x00, 0x00, 0x00, 0x00, 0x00,
        0x00, 0x00, 0x00, 0x00, 0x00, 0x00, 0x00, 0x00, 0x00, 0x00, 0x00, 0x00,
        0x00, 0x00, 0x00, 0x00, 0x00, 0x00, 0x00, 0x00, 0x00, 0x00, 0x00, 0x00,
        0x00, 0x00, 0x00, 0x00, 0x00, 0x00, 0x00, 0x00, 0x00, 0x00, 0x00, 0x00,
        0x00, 0x00, 0x00, 0x00, 0x00, 0x00, 0x00, 0x00, 0x00, 0x00, 0x00, 0x00,
        0x00, 0x00, 0x00, 0x00, 0x00, 0x00, 0x00, 0x00, 0x00, 0x00, 0xff, 0xff,
        0x00, 0x00, 0x1b, 0xf7, 0xf9, 0xf6, 0x96, 0xee, 0x54, 0xee, 0xf2, 0xed,
        0x90, 0xe5, 0x8c, 0xcc, 0xa9, 0xab, 0x48, 0x9b, 0x89, 0xa3, 0xce, 0xc4,
        0x50, 0xd5, 0xd1, 0xe5, 0x14, 0xee, 0x54, 0xee, 0x33, 0xf6, 0x13, 0xee,
        0x75, 0xf6, 0x75, 0xf6, 0x33, 0xf6, 0x33, 0xf6, 0x75, 0xf6, 0x13, 0xee,
        0x54, 0xee, 0x39, 0xff, 0x5b, 0xff, 0x76, 0xee, 0x0c, 0xac, 0xcb, 0x9b,
        0xb2, 0xd5, 0x0c, 0xac, 0x4d, 0xac, 0x68, 0x5a, 0xee, 0x52, 0x11, 0x84,
        0x66, 0x31, 0xa3, 0x18, 0xa3, 0x18, 0xa3, 0x18, 0x66, 0x31, 0x2e, 0xa4,
        0xac, 0xc4, 0xea, 0xab, 0x84, 0x59, 0x2c, 0xb4, 0x5b, 0xff, 0x9d, 0xff,
        0x7c, 0xff, 0x9d, 0xff, 0x7c, 0xff, 0xb8, 0xf6, 0x35, 0xe6, 0x54, 0xee,
        0x70, 0xdd, 0xcd, 0xcc, 0x50, 0xd5, 0x2b, 0xbc, 0x68, 0xa3, 0x68, 0xa3,
        0x4b, 0xbc, 0x50, 0xd5, 0x50, 0xcd, 0xcf, 0xbc, 0x6a, 0x9b, 0x28, 0x93,
        0x4d, 0xac, 0xf0, 0xbc, 0xb3, 0xd5, 0x15, 0xde, 0x35, 0xde, 0xb4, 0xcd,
        0x0c, 0xac, 0xea, 0xab, 0x6d, 0xb4, 0x2c, 0xb4, 0xca, 0xa3, 0x48, 0x9b,
        0x28, 0x93, 0x48, 0x9b, 0xa9, 0xab, 0x6b, 0xc4, 0xd1, 0xe5, 0x76, 0xee,
        0x1a, 0xf7, 0xf9, 0xee, 0x98, 0xe6, 0x98, 0xe6, 0x76, 0xee, 0x35, 0xde,
        0x35, 0xde, 0x92, 0xd5, 0x51, 0xcd, 0x10, 0xc5, 0x6d, 0xb4, 0x48, 0x9b,
        0xc6, 0x8a, 0xe7, 0x92, 0xe7, 0x92, 0xe7, 0x92, 0x68, 0xa3, 0xa9, 0xab,
        0x2b, 0xbc, 0x8c, 0xc4, 0x0f, 0xcd, 0x50, 0xcd, 0x30, 0xcd, 0x71, 0xd5,
        0x51, 0xcd, 0xec, 0xa3, 0x66, 0x7a, 0x84, 0x59, 0xc4, 0x61, 0x25, 0x72,
        0xa7, 0x82, 0x48, 0x9b, 0xca, 0xa3, 0x2c, 0xb4, 0x91, 0xd5, 0x77, 0xe6,
        0xff, 0xff, 0x00, 0x00, 0xff, 0xff, 0x00, 0x00, 0x00, 0x00, 0x00, 0x00,
        0x00, 0x00, 0x00, 0x00, 0x00, 0x00, 0x00, 0x00, 0x00, 0x00, 0x00, 0x00,
        0x00, 0x00, 0x00, 0x00, 0x00, 0x00, 0x00, 0x00, 0x00, 0x00, 0x00, 0x00,
        0x00, 0x00, 0x00, 0x00, 0x00, 0x00, 0x00, 0x00, 0x00, 0x00, 0x00, 0x00,
        0x00, 0x00, 0x00, 0x00, 0x00, 0x00, 0x00, 0x00, 0x00, 0x00, 0x00, 0x00,
        0x00, 0x00, 0x00, 0x00, 0x00, 0x00, 0x00, 0x00, 0x00, 0x00, 0x00, 0x00,
        0x00, 0x00, 0x00, 0x00, 0x00, 0x00, 0x00, 0x00, 0x00, 0x00, 0x00, 0x00,
        0x00, 0x00, 0x00, 0x00, 0x00, 0x00, 0x00, 0x00, 0x00, 0x00, 0x00, 0x00,
        0x00, 0x00, 0x00, 0x00, 0x00, 0x00, 0x00, 0x00, 0x00, 0x00, 0x00, 0x00,
        0x00, 0x00, 0x00, 0x00, 0x00, 0x00, 0x00, 0x00, 0x00, 0x00, 0x00, 0x00,
        0x00, 0x00, 0x00, 0x00, 0x00, 0x00, 0x00, 0x00, 0x00, 0x00, 0x00, 0x00,
        0x00, 0x00, 0x00, 0x00, 0x00, 0x00, 0x00, 0x00, 0x00, 0x00, 0x00, 0x00,
        0x00, 0x00, 0x00, 0x00, 0x00, 0x00, 0x00, 0x00, 0x00, 0x00, 0x00, 0x00,
        0x00, 0x00, 0x00, 0x00, 0x00, 0x00, 0x00, 0x00, 0x00, 0x00, 0x00, 0x00,
        0x00, 0x00, 0x00, 0x00, 0x00, 0x00, 0x00, 0x00, 0x00, 0x00, 0x00, 0x00,
        0x00, 0x00, 0x00, 0x00, 0x00, 0x00, 0x00, 0x00, 0x00, 0x00, 0x00, 0x00,
        0x00, 0x00, 0x00, 0x00, 0x00, 0x00, 0x00, 0x00, 0x00, 0x00, 0x00, 0x00,
        0x00, 0x00, 0x00, 0x00, 0x00, 0x00, 0x00, 0x00, 0x00, 0x00, 0x00, 0x00,
        0x00, 0x00, 0x00, 0x00, 0x00, 0x00, 0x00, 0x00, 0x00, 0x00, 0x00, 0x00,
        0x00, 0x00, 0x00, 0x00, 0x00, 0x00, 0x00, 0x00, 0x00, 0x00, 0xff, 0xff,
        0x00, 0x00, 0x1b, 0xf7, 0xd8, 0xf6, 0x14, 0xe6, 0x90, 0xe5, 0x0d, 0xd5,
        0x29, 0xc4, 0x68, 0xa3, 0x65, 0x82, 0x65, 0x82, 0xca, 0xa3, 0xee, 0xcc,
        0xd2, 0xe5, 0x55, 0xee, 0x75, 0xf6, 0x75, 0xf6, 0x54, 0xee, 0x33, 0xf6,
        0x33, 0xf6, 0x33, 0xf6, 0x33, 0xf6, 0x13, 0xee, 0x13, 0xee, 0x13, 0xee,
        0x75, 0xf6, 0x5b, 0xff, 0x7c, 0xff, 0x35, 0xe6, 0xea, 0xab, 0x4a, 0x8b,
        0xb2, 0xd5, 0x0c, 0xac, 0x0c, 0xac, 0xc9, 0x7a, 0xa3, 0x18, 0xa3, 0x18,
        0xa3, 0x18, 0xa3, 0x18, 0xa3, 0x18, 0xa3, 0x18, 0x88, 0x6a, 0xae, 0xbc,
        0x8d, 0xbc, 0xca, 0xa3, 0x23, 0x41, 0x4d, 0xac, 0x7c, 0xff, 0x7c, 0xff,
        0x9d, 0xff, 0x9d, 0xff, 0x7c, 0xff, 0xf9, 0xf6, 0x96, 0xee, 0x14, 0xee,
        0x70, 0xdd, 0x2f, 0xd5, 0x2f, 0xd5, 0x4b, 0xbc, 0x4c, 0xbc, 0x2b, 0xbc,
        0xac, 0xc4, 0x50, 0xd5, 0xad, 0xc4, 0x8d, 0xbc, 0x2c, 0xb4, 0x0c, 0xac,
        0xcf, 0xbc, 0x92, 0xd5, 0x15, 0xde, 0x57, 0xde, 0x15, 0xde, 0x8e, 0xb4,
        0x2b, 0xb4, 0xcb, 0x9b, 0x84, 0x59, 0x23, 0x41, 0xe3, 0x30, 0xe3, 0x30,
        0xe3, 0x30, 0x23, 0x41, 0x23, 0x41, 0x84, 0x59, 0xa7, 0x82, 0x2c, 0xb4,
        0x91, 0xd5, 0xd8, 0xf6, 0xf9, 0xee, 0xfa, 0xf6, 0xfa, 0xf6, 0xd9, 0xee,
        0x57, 0xe6, 0x72, 0xcd, 0x30, 0xcd, 0x10, 0xc5, 0x2c, 0xb4, 0x89, 0xa3,
        0x48, 0x9b, 0x28, 0x93, 0xc6, 0x8a, 0x68, 0xa3, 0xea, 0xab, 0x4c, 0xbc,
        0x4c, 0xbc, 0x8c, 0xc4, 0x0f, 0xcd, 0x50, 0xcd, 0x50, 0xcd, 0xd3, 0xdd,
        0x15, 0xe6, 0xb2, 0xd5, 0xec, 0xa3, 0x26, 0x6a, 0xc4, 0x61, 0xc4, 0x61,
        0x25, 0x72, 0xe8, 0x82, 0x6a, 0x9b, 0xca, 0xa3, 0xb2, 0xdd, 0x1b, 0xf7,
        0x00, 0x00, 0xff, 0xff, 0x00, 0x00, 0x00, 0x00, 0x00, 0x00, 0x00, 0x00,
        0x00, 0x00, 0x00, 0x00, 0x00, 0x00, 0x00, 0x00, 0x00, 0x00, 0x00, 0x00,
        0x00, 0x00, 0x00, 0x00, 0x00, 0x00, 0x00, 0x00, 0x00, 0x00, 0x00, 0x00,
        0x00, 0x00, 0x00, 0x00, 0x00, 0x00, 0x00, 0x00, 0x00, 0x00, 0x00, 0x00,
        0x00, 0x00, 0x00, 0x00, 0x00, 0x00, 0x00, 0x00, 0x00, 0x00, 0x00, 0x00,
        0x00, 0x00, 0x00, 0x00, 0x00, 0x00, 0x00, 0x00, 0x00, 0x00, 0x00, 0x00,
        0x00, 0x00, 0x00, 0x00, 0x00, 0x00, 0x00, 0x00, 0x00, 0x00, 0x00, 0x00,
        0x00, 0x00, 0x00, 0x00, 0x00, 0x00, 0x00, 0x00, 0x00, 0x00, 0x00, 0x00,
        0x00, 0x00, 0x00, 0x00, 0x00, 0x00, 0x00, 0x00, 0x00, 0x00, 0x00, 0x00,
        0x00, 0x00, 0x00, 0x00, 0x00, 0x00, 0x00, 0x00, 0x00, 0x00, 0x00, 0x00,
        0x00, 0x00, 0x00, 0x00, 0x00, 0x00, 0x00, 0x00, 0x00, 0x00, 0x00, 0x00,
        0x00, 0x00, 0x00, 0x00, 0x00, 0x00, 0x00, 0x00, 0x00, 0x00, 0x00, 0x00,
        0x00, 0x00, 0x00, 0x00, 0x00, 0x00, 0x00, 0x00, 0x00, 0x00, 0x00, 0x00,
        0x00, 0x00, 0x00, 0x00, 0x00, 0x00, 0x00, 0x00, 0x00, 0x00, 0x00, 0x00,
        0x00, 0x00, 0x00, 0x00, 0x00, 0x00, 0x00, 0x00, 0x00, 0x00, 0x00, 0x00,
        0x00, 0x00, 0x00, 0x00, 0x00, 0x00, 0x00, 0x00, 0x00, 0x00, 0x00, 0x00,
        0x00, 0x00, 0x00, 0x00, 0x00, 0x00, 0x00, 0x00, 0x00, 0x00, 0x00, 0x00,
        0x00, 0x00, 0x00, 0x00, 0x00, 0x00, 0x00, 0x00, 0x00, 0x00, 0x00, 0x00,
        0x00, 0x00, 0x00, 0x00, 0x00, 0x00, 0x00, 0x00, 0x00, 0x00, 0x00, 0x00,
        0x00, 0x00, 0x00, 0x00, 0x00, 0x00, 0x00, 0x00, 0xff, 0xff, 0x00, 0x00,
        0xff, 0xff, 0xfa, 0xee, 0xb7, 0xf6, 0x91, 0xdd, 0x2e, 0xd5, 0x8c, 0xcc,
        0xa9, 0xab, 0xe7, 0x92, 0x65, 0x82, 0x48, 0x9b, 0xad, 0xc4, 0xb2, 0xdd,
        0xf3, 0xe5, 0x96, 0xf6, 0x96, 0xf6, 0x33, 0xf6, 0x13, 0xee, 0x13, 0xee,
        0x13, 0xee, 0x13, 0xee, 0xf2, 0xed, 0xf2, 0xed, 0xd1, 0xed, 0x90, 0xe5,
        0x54, 0xee, 0x7c, 0xff, 0x9d, 0xff, 0x76, 0xee, 0x2c, 0xb4, 0xe8, 0x82,
        0x0f, 0xcd, 0xae, 0xbc, 0xae, 0xbc, 0x2e, 0xa4, 0x66, 0x31, 0xa3, 0x18,
        0xa3, 0x18, 0xa3, 0x18, 0xa3, 0x18, 0x66, 0x31, 0x4d, 0xac, 0x8d, 0xbc,
        0xac, 0xc4, 0x28, 0x93, 0xe3, 0x30, 0x4d, 0xac, 0x5b, 0xff, 0x5b, 0xff,
        0x7c, 0xff, 0x9d, 0xff, 0x7c, 0xff, 0xd8, 0xf6, 0x96, 0xee, 0xf3, 0xed,
        0xf3, 0xed, 0x70, 0xdd, 0xcd, 0xcc, 0x8c, 0xc4, 0x68, 0xa3, 0x4b, 0xbc,
        0xcd, 0xcc, 0xce, 0xc4, 0x8d, 0xbc, 0x8d, 0xbc, 0x0c, 0xac, 0x4d, 0xac,
        0xef, 0xc4, 0xb3, 0xd5, 0x36, 0xe6, 0x98, 0xe6, 0x10, 0xc5, 0xca, 0xa3,
        0x29, 0x83, 0x23, 0x41, 0xe3, 0x30, 0xe3, 0x30, 0x23, 0x41, 0x84, 0x49,
        0x23, 0x41, 0x23, 0x41, 0x23, 0x41, 0x23, 0x41, 0xe3, 0x30, 0x84, 0x49,
        0xc4, 0x61, 0xa9, 0xab, 0xf3, 0xed, 0x1a, 0xf7, 0xb9, 0xee, 0x36, 0xe6,
        0xd4, 0xdd, 0x15, 0xde, 0x92, 0xd5, 0xae, 0xbc, 0x2c, 0xb4, 0x48, 0x9b,
        0xe7, 0x92, 0x48, 0x9b, 0xca, 0xa3, 0x2b, 0xbc, 0x09, 0xb4, 0x2b, 0xbc,
        0x8c, 0xc4, 0xce, 0xc4, 0x50, 0xcd, 0xb2, 0xd5, 0xb2, 0xdd, 0xf3, 0xe5,
        0x34, 0xe6, 0xd3, 0xdd, 0xef, 0xc4, 0x4a, 0x8b, 0xc4, 0x61, 0x84, 0x59,
        0xc4, 0x61, 0xa7, 0x7a, 0xe8, 0x82, 0x2b, 0xb4, 0xd6, 0xcd, 0xff, 0xff,
        0xff, 0xff, 0xff, 0xff, 0x00, 0x00, 0x00, 0x00, 0x00, 0x00, 0x00, 0x00,
        0x00, 0x00, 0x00, 0x00, 0x00, 0x00, 0x00, 0x00, 0x00, 0x00, 0x00, 0x00,
        0x00, 0x00, 0x00, 0x00, 0x00, 0x00, 0x00, 0x00, 0x00, 0x00, 0x00, 0x00,
        0x00, 0x00, 0x00, 0x00, 0x00, 0x00, 0x00, 0x00, 0x00, 0x00, 0x00, 0x00,
        0x00, 0x00, 0x00, 0x00, 0x00, 0x00, 0x00, 0x00, 0x00, 0x00, 0x00, 0x00,
        0x00, 0x00, 0x00, 0x00, 0x00, 0x00, 0x00, 0x00, 0x00, 0x00, 0x00, 0x00,
        0x00, 0x00, 0x00, 0x00, 0x00, 0x00, 0x00, 0x00, 0x00, 0x00, 0x00, 0x00,
        0x00, 0x00, 0x00, 0x00, 0x00, 0x00, 0x00, 0x00, 0x00, 0x00, 0x00, 0x00,
        0x00, 0x00, 0x00, 0x00, 0x00, 0x00, 0x00, 0x00, 0x00, 0x00, 0x00, 0x00,
        0x00, 0x00, 0x00, 0x00, 0x00, 0x00, 0x00, 0x00, 0x00, 0x00, 0x00, 0x00,
        0x00, 0x00, 0x00, 0x00, 0x00, 0x00, 0x00, 0x00, 0x00, 0x00, 0x00, 0x00,
        0x00, 0x00, 0x00, 0x00, 0x00, 0x00, 0x00, 0x00, 0x00, 0x00, 0x00, 0x00,
        0x00, 0x00, 0x00, 0x00, 0x00, 0x00, 0x00, 0x00, 0x00, 0x00, 0x00, 0x00,
        0x00, 0x00, 0x00, 0x00, 0x00, 0x00, 0x00, 0x00, 0x00, 0x00, 0x00, 0x00,
        0x00, 0x00, 0x00, 0x00, 0x00, 0x00, 0x00, 0x00, 0x00, 0x00, 0x00, 0x00,
        0x00, 0x00, 0x00, 0x00, 0x00, 0x00, 0x00, 0x00, 0x00, 0x00, 0x00, 0x00,
        0x00, 0x00, 0x00, 0x00, 0x00, 0x00, 0x00, 0x00, 0x00, 0x00, 0x00, 0x00,
        0x00, 0x00, 0x00, 0x00, 0x00, 0x00, 0x00, 0x00, 0x00, 0x00, 0x00, 0x00,
        0x00, 0x00, 0x00, 0x00, 0x00, 0x00, 0x00, 0x00, 0x00, 0x00, 0x00, 0x00,
        0x00, 0x00, 0x00, 0x00, 0x00, 0x00, 0x00, 0x00, 0xff, 0xff, 0xff, 0xff,
        0xff, 0xff, 0xfa, 0xee, 0x96, 0xf6, 0x4f, 0xd5, 0x4b, 0xbc, 0xa9, 0xab,
        0xc6, 0x8a, 0x25, 0x72, 0x25, 0x72, 0x48, 0x9b, 0xac, 0xc4, 0xd2, 0xe5,
        0x55, 0xee, 0x96, 0xf6, 0x95, 0xf6, 0x33, 0xf6, 0x13, 0xee, 0xd1, 0xed,
        0x4e, 0xe5, 0x4e, 0xe5, 0x8f, 0xe5, 0x4e, 0xe5, 0x4e, 0xe5, 0x4f, 0xdd,
        0x14, 0xee, 0x1a, 0xf7, 0x9d, 0xff, 0x1a, 0xf7, 0x8d, 0xbc, 0xe8, 0x82,
        0x6a, 0x9b, 0xce, 0xc4, 0x53, 0xc5, 0x53, 0xc5, 0x11, 0x84, 0x66, 0x31,
        0xa3, 0x18, 0xa3, 0x18, 0x47, 0x6a, 0x4d, 0xac, 0x8d, 0xbc, 0x4c, 0xbc,
        0xa9, 0xab, 0xc5, 0x51, 0xe3, 0x30, 0x2e, 0xb4, 0x39, 0xff, 0x7c, 0xff,
        0x7c, 0xff, 0x9d, 0xff, 0x5b, 0xff, 0xd8, 0xf6, 0x96, 0xf6, 0xf3, 0xed,
        0xf3, 0xed, 0xee, 0xcc, 0x2e, 0xd5, 0x8c, 0xc4, 0x09, 0xb4, 0xac, 0xc4,
        0xee, 0xcc, 0xac, 0xc4, 0xce, 0xc4, 0xae, 0xbc, 0xcb, 0x9b, 0xcf, 0xbc,
        0x92, 0xd5, 0x35, 0xde, 0x77, 0xe6, 0x57, 0xe6, 0xec, 0xa3, 0x66, 0x7a,
        0x23, 0x41, 0xe3, 0x30, 0xe3, 0x30, 0x84, 0x49, 0xc5, 0x51, 0x23, 0x41,
        0xe3, 0x30, 0xe3, 0x30, 0xc5, 0x51, 0xc5, 0x51, 0x84, 0x49, 0xe3, 0x30,
        0x84, 0x49, 0x84, 0x59, 0x65, 0x82, 0xcd, 0xcc, 0x36, 0xe6, 0x57, 0xde,
        0x10, 0xc5, 0x8d, 0xbc, 0xca, 0xa3, 0x07, 0x9b, 0x68, 0xa3, 0xa9, 0xab,
        0x68, 0xa3, 0xea, 0xab, 0x4c, 0xbc, 0x4c, 0xbc, 0x4b, 0xbc, 0x8c, 0xc4,
        0xac, 0xc4, 0xcd, 0xcc, 0xcd, 0xcc, 0x91, 0xd5, 0xf3, 0xe5, 0xd2, 0xe5,
        0x14, 0xe6, 0x35, 0xe6, 0x36, 0xe6, 0x72, 0xcd, 0xcc, 0x93, 0x47, 0x6a,
        0x06, 0x5a, 0x66, 0x7a, 0xe8, 0x82, 0xef, 0xc4, 0x5c, 0xf7, 0x00, 0x00,
        0xff, 0xff, 0x00, 0x00, 0x00, 0x00, 0x00, 0x00, 0x00, 0x00, 0x00, 0x00,
        0x00, 0x00, 0x00, 0x00, 0x00, 0x00, 0x00, 0x00, 0x00, 0x00, 0x00, 0x00,
        0x00, 0x00, 0x00, 0x00, 0x00, 0x00, 0x00, 0x00, 0x00, 0x00, 0x00, 0x00,
        0x00, 0x00, 0x00, 0x00, 0x00, 0x00, 0x00, 0x00, 0x00, 0x00, 0x00, 0x00,
        0x00, 0x00, 0x00, 0x00, 0x00, 0x00, 0x00, 0x00, 0x00, 0x00, 0x00, 0x00,
        0x00, 0x00, 0x00, 0x00, 0x00, 0x00, 0x00, 0x00, 0x00, 0x00, 0x00, 0x00,
        0x00, 0x00, 0x00, 0x00, 0x00, 0x00, 0x00, 0x00, 0x00, 0x00, 0x00, 0x00,
        0x00, 0x00, 0x00, 0x00, 0x00, 0x00, 0x00, 0x00, 0x00, 0x00, 0x00, 0x00,
        0x00, 0x00, 0x00, 0x00, 0x00, 0x00, 0x00, 0x00, 0x00, 0x00, 0x00, 0x00,
        0x00, 0x00, 0x00, 0x00, 0x00, 0x00, 0x00, 0x00, 0x00, 0x00, 0x00, 0x00,
        0x00, 0x00, 0x00, 0x00, 0x00, 0x00, 0x00, 0x00, 0x00, 0x00, 0x00, 0x00,
        0x00, 0x00, 0x00, 0x00, 0x00, 0x00, 0x00, 0x00, 0x00, 0x00, 0x00, 0x00,
        0x00, 0x00, 0x00, 0x00, 0x00, 0x00, 0x00, 0x00, 0x00, 0x00, 0x00, 0x00,
        0x00, 0x00, 0x00, 0x00, 0x00, 0x00, 0x00, 0x00, 0x00, 0x00, 0x00, 0x00,
        0x00, 0x00, 0x00, 0x00, 0x00, 0x00, 0x00, 0x00, 0x00, 0x00, 0x00, 0x00,
        0x00, 0x00, 0x00, 0x00, 0x00, 0x00, 0x00, 0x00, 0x00, 0x00, 0x00, 0x00,
        0x00, 0x00, 0x00, 0x00, 0x00, 0x00, 0x00, 0x00, 0x00, 0x00, 0x00, 0x00,
        0x00, 0x00, 0x00, 0x00, 0x00, 0x00, 0x00, 0x00, 0x00, 0x00, 0x00, 0x00,
        0x00, 0x00, 0x00, 0x00, 0x00, 0x00, 0x00, 0x00, 0x00, 0x00, 0x00, 0x00,
        0x00, 0x00, 0x00, 0x00, 0x00, 0x00, 0x00, 0x00, 0x00, 0x00, 0xff, 0xff,
        0x00, 0x00, 0x1b, 0xf7, 0x54, 0xee, 0x8c, 0xc4, 0x47, 0xa3, 0xc6, 0x8a,
        0x65, 0x82, 0x25, 0x72, 0xa7, 0x82, 0x4c, 0xbc, 0x2f, 0xd5, 0x91, 0xdd,
        0x54, 0xee, 0x55, 0xee, 0x33, 0xf6, 0x13, 0xee, 0x33, 0xf6, 0x13, 0xee,
        0x8f, 0xe5, 0x4e, 0xe5, 0xec, 0xdc, 0xab, 0xd4, 0x6a, 0xcc, 0xab, 0xd4,
        0x4f, 0xdd, 0x96, 0xee, 0x5b, 0xff, 0x7c, 0xff, 0xd3, 0xdd, 0x48, 0x9b,
        0x29, 0x83, 0xca, 0xa3, 0xad, 0xc4, 0xf0, 0xbc, 0x32, 0xc5, 0xb0, 0xb4,
        0xcc, 0x93, 0x2e, 0xa4, 0xcf, 0xbc, 0xce, 0xc4, 0x4b, 0xbc, 0x68, 0xa3,
        0x06, 0x5a, 0xe3, 0x30, 0x66, 0x31, 0x2e, 0xb4, 0xf9, 0xf6, 0x5b, 0xff,
        0x7c, 0xff, 0x9d, 0xff, 0x39, 0xff, 0xb7, 0xf6, 0x96, 0xf6, 0x14, 0xee,
        0xd1, 0xe5, 0x2e, 0xd5, 0xac, 0xc4, 0x8c, 0xc4, 0x8c, 0xcc, 0x2e, 0xd5,
        0xee, 0xcc, 0x0f, 0xcd, 0xef, 0xc4, 0xca, 0xa3, 0xae, 0xbc, 0xb3, 0xd5,
        0x57, 0xe6, 0x57, 0xde, 0x37, 0xde, 0x72, 0xcd, 0xa7, 0x7a, 0xe3, 0x30,
        0xa3, 0x18, 0xe3, 0x30, 0x84, 0x49, 0xc5, 0x51, 0x66, 0x31, 0xa3, 0x18,
        0xa3, 0x18, 0xa3, 0x18, 0x66, 0x31, 0x47, 0x6a, 0xe8, 0x82, 0x47, 0x6a,
        0xe3, 0x30, 0x84, 0x49, 0x26, 0x6a, 0xc4, 0x61, 0xea, 0xab, 0xb2, 0xd5,
        0x92, 0xd5, 0x10, 0xc5, 0x10, 0xc5, 0xea, 0xab, 0xa9, 0xab, 0xc9, 0xb3,
        0x09, 0xb4, 0x2b, 0xbc, 0x4b, 0xbc, 0x8c, 0xc4, 0xac, 0xc4, 0xac, 0xc4,
        0xac, 0xc4, 0xcd, 0xcc, 0x2e, 0xd5, 0x70, 0xdd, 0xd2, 0xe5, 0xf3, 0xe5,
        0x35, 0xe6, 0x55, 0xee, 0x97, 0xee, 0x35, 0xde, 0x32, 0xc5, 0x2e, 0xa4,
        0x4a, 0x8b, 0x66, 0x7a, 0x48, 0x9b, 0xb2, 0xdd, 0xff, 0xff, 0xff, 0xff,
        0xff, 0xff, 0x00, 0x00, 0x00, 0x00, 0x00, 0x00, 0x00, 0x00, 0x00, 0x00,
        0x00, 0x00, 0x00, 0x00, 0x00, 0x00, 0x00, 0x00, 0x00, 0x00, 0x00, 0x00,
        0x00, 0x00, 0x00, 0x00, 0x00, 0x00, 0x00, 0x00, 0x00, 0x00, 0x00, 0x00,
        0x00, 0x00, 0x00, 0x00, 0x00, 0x00, 0x00, 0x00, 0x00, 0x00, 0x00, 0x00,
        0x00, 0x00, 0x00, 0x00, 0x00, 0x00, 0x00, 0x00, 0x00, 0x00, 0x00, 0x00,
        0x00, 0x00, 0x00, 0x00, 0x00, 0x00, 0x00, 0x00, 0x00, 0x00, 0x00, 0x00,
        0x00, 0x00, 0x00, 0x00, 0x00, 0x00, 0x00, 0x00, 0x00, 0x00, 0x00, 0x00,
        0x00, 0x00, 0x00, 0x00, 0x00, 0x00, 0x00, 0x00, 0x00, 0x00, 0x00, 0x00,
        0x00, 0x00, 0x00, 0x00, 0x00, 0x00, 0x00, 0x00, 0x00, 0x00, 0x00, 0x00,
        0x00, 0x00, 0x00, 0x00, 0x00, 0x00, 0x00, 0x00, 0x00, 0x00, 0x00, 0x00,
        0x00, 0x00, 0x00, 0x00, 0x00, 0x00, 0x00, 0x00, 0x00, 0x00, 0x00, 0x00,
        0x00, 0x00, 0x00, 0x00, 0x00, 0x00, 0x00, 0x00, 0x00, 0x00, 0x00, 0x00,
        0x00, 0x00, 0x00, 0x00, 0x00, 0x00, 0x00, 0x00, 0x00, 0x00, 0x00, 0x00,
        0x00, 0x00, 0x00, 0x00, 0x00, 0x00, 0x00, 0x00, 0x00, 0x00, 0x00, 0x00,
        0x00, 0x00, 0x00, 0x00, 0x00, 0x00, 0x00, 0x00, 0x00, 0x00, 0x00, 0x00,
        0x00, 0x00, 0x00, 0x00, 0x00, 0x00, 0x00, 0x00, 0x00, 0x00, 0x00, 0x00,
        0x00, 0x00, 0x00, 0x00, 0x00, 0x00, 0x00, 0x00, 0x00, 0x00, 0x00, 0x00,
        0x00, 0x00, 0x00, 0x00, 0x00, 0x00, 0x00, 0x00, 0x00, 0x00, 0x00, 0x00,
        0x00, 0x00, 0x00, 0x00, 0x00, 0x00, 0x00, 0x00, 0x00, 0x00, 0x00, 0x00,
        0x00, 0x00, 0x00, 0x00, 0x00, 0x00, 0x00, 0x00, 0x00, 0x00, 0xff, 0xff,
        0x00, 0x00, 0x5c, 0xf7, 0x56, 0xe6, 0xcd, 0xcc, 0xa9, 0xab, 0xc6, 0x8a,
        0x66, 0x7a, 0x66, 0x7a, 0x89, 0xa3, 0x2f, 0xd5, 0xf3, 0xe5, 0x54, 0xee,
        0xf3, 0xed, 0x14, 0xee, 0x13, 0xee, 0xf2, 0xed, 0x13, 0xee, 0xf2, 0xed,
        0xd1, 0xed, 0xd1, 0xed, 0x4e, 0xe5, 0xab, 0xd4, 0x29, 0xc4, 0x29, 0xc4,
        0x8c, 0xcc, 0x91, 0xdd, 0xb8, 0xf6, 0x7c, 0xff, 0xf9, 0xf6, 0x50, 0xcd,
        0xe7, 0x92, 0xa7, 0x7a, 0x89, 0xa3, 0x2b, 0xb4, 0x2c, 0xb4, 0x8d, 0xbc,
        0xce, 0xc4, 0xce, 0xc4, 0xad, 0xc4, 0x4b, 0xbc, 0x48, 0x9b, 0xc5, 0x51,
        0xe3, 0x30, 0x66, 0x31, 0x4b, 0x83, 0xcf, 0xbc, 0xd8, 0xf6, 0x5b, 0xff,
        0x7c, 0xff, 0x7c, 0xff, 0x39, 0xff, 0xb8, 0xf6, 0x96, 0xf6, 0x14, 0xee,
        0xd1, 0xe5, 0x2e, 0xd5, 0x8c, 0xcc, 0xcc, 0xcc, 0xcc, 0xcc, 0x8c, 0xc4,
        0xac, 0xc4, 0x50, 0xcd, 0xce, 0xc4, 0xea, 0xab, 0x92, 0xd5, 0x36, 0xe6,
        0x98, 0xe6, 0x57, 0xde, 0x15, 0xde, 0x4d, 0xac, 0x84, 0x49, 0xa3, 0x18,
        0xe3, 0x30, 0x06, 0x5a, 0x95, 0xbd, 0xb4, 0x8c, 0x66, 0x31, 0xa3, 0x18,
        0xa3, 0x18, 0xa3, 0x18, 0xa3, 0x18, 0x66, 0x31, 0x29, 0x83, 0x6a, 0x9b,
        0xc9, 0x7a, 0xe3, 0x30, 0x84, 0x49, 0x26, 0x6a, 0x84, 0x59, 0xc6, 0x8a,
        0xea, 0xab, 0x68, 0xa3, 0xea, 0xab, 0x2b, 0xb4, 0xc9, 0xb3, 0xea, 0xab,
        0x09, 0xb4, 0x4b, 0xbc, 0xac, 0xc4, 0xcd, 0xcc, 0xee, 0xcc, 0x2f, 0xd5,
        0x2e, 0xd5, 0x50, 0xd5, 0x70, 0xdd, 0xd1, 0xe5, 0x91, 0xdd, 0xd1, 0xe5,
        0x55, 0xee, 0x76, 0xee, 0x96, 0xee, 0x98, 0xe6, 0x15, 0xde, 0x72, 0xcd,
        0xb0, 0xb4, 0x8b, 0x93, 0xae, 0xbc, 0x37, 0xde, 0x00, 0x00, 0xff, 0xff,
        0x00, 0x00, 0x00, 0x00, 0x00, 0x00, 0x00, 0x00, 0x00, 0x00, 0x00, 0x00,
        0x00, 0x00, 0x00, 0x00, 0x00, 0x00, 0x00, 0x00, 0x00, 0x00, 0x00, 0x00,
        0x00, 0x00, 0x00, 0x00, 0x00, 0x00, 0x00, 0x00, 0x00, 0x00, 0x00, 0x00,
        0x00, 0x00, 0x00, 0x00, 0x00, 0x00, 0x00, 0x00, 0x00, 0x00, 0x00, 0x00,
        0x00, 0x00, 0x00, 0x00, 0x00, 0x00, 0x00, 0x00, 0x00, 0x00, 0x00, 0x00,
        0x00, 0x00, 0x00, 0x00, 0x00, 0x00, 0x00, 0x00, 0x00, 0x00, 0x00, 0x00,
        0x00, 0x00, 0x00, 0x00, 0x00, 0x00, 0x00, 0x00, 0x00, 0x00, 0x00, 0x00,
        0x00, 0x00, 0x00, 0x00, 0x00, 0x00, 0x00, 0x00, 0x00, 0x00, 0x00, 0x00,
        0x00, 0x00, 0x00, 0x00, 0x00, 0x00, 0x00, 0x00, 0x00, 0x00, 0x00, 0x00,
        0x00, 0x00, 0x00, 0x00, 0x00, 0x00, 0x00, 0x00, 0x00, 0x00, 0x00, 0x00,
        0x00, 0x00, 0x00, 0x00, 0x00, 0x00, 0x00, 0x00, 0x00, 0x00, 0x00, 0x00,
        0x00, 0x00, 0x00, 0x00, 0x00, 0x00, 0x00, 0x00, 0x00, 0x00, 0x00, 0x00,
        0x00, 0x00, 0x00, 0x00, 0x00, 0x00, 0x00, 0x00, 0x00, 0x00, 0x00, 0x00,
        0x00, 0x00, 0x00, 0x00, 0x00, 0x00, 0x00, 0x00, 0x00, 0x00, 0x00, 0x00,
        0x00, 0x00, 0x00, 0x00, 0x00, 0x00, 0x00, 0x00, 0x00, 0x00, 0x00, 0x00,
        0x00, 0x00, 0x00, 0x00, 0x00, 0x00, 0x00, 0x00, 0x00, 0x00, 0x00, 0x00,
        0x00, 0x00, 0x00, 0x00, 0x00, 0x00, 0x00, 0x00, 0x00, 0x00, 0x00, 0x00,
        0x00, 0x00, 0x00, 0x00, 0x00, 0x00, 0x00, 0x00, 0x00, 0x00, 0x00, 0x00,
        0x00, 0x00, 0x00, 0x00, 0x00, 0x00, 0x00, 0x00, 0x00, 0x00, 0x00, 0x00,
        0x00, 0x00, 0x00, 0x00, 0x00, 0x00, 0x00, 0x00, 0x00, 0x00, 0xff, 0xff,
        0x00, 0x00, 0x5c, 0xf7, 0x76, 0xee, 0xcd, 0xcc, 0x89, 0xa3, 0xc6, 0x8a,
        0xa7, 0x82, 0x48, 0x9b, 0x0f, 0xcd, 0xd2, 0xe5, 0x14, 0xee, 0x76, 0xee,
        0x75, 0xf6, 0x54, 0xee, 0x13, 0xee, 0xd1, 0xed, 0xf2, 0xed, 0xf2, 0xed,
        0xd1, 0xed, 0x8f, 0xe5, 0x8f, 0xe5, 0x4e, 0xe5, 0xec, 0xdc, 0xab, 0xd4,
        0x6a, 0xcc, 0x6a, 0xcc, 0xf3, 0xed, 0x1a, 0xf7, 0x5b, 0xff, 0x5b, 0xff,
        0xd3, 0xdd, 0x28, 0x93, 0x25, 0x72, 0xa7, 0x7a, 0xa7, 0x82, 0x28, 0x93,
        0x89, 0xa3, 0x48, 0x9b, 0xc6, 0x8a, 0xc4, 0x61, 0x23, 0x41, 0xe3, 0x30,
        0x84, 0x49, 0x8b, 0x93, 0x0c, 0xac, 0xad, 0xc4, 0xb8, 0xf6, 0x7c, 0xff,
        0x7c, 0xff, 0x39, 0xff, 0xf8, 0xfe, 0xb7, 0xf6, 0x75, 0xf6, 0x54, 0xee,
        0xf3, 0xed, 0x4f, 0xd5, 0xcc, 0xcc, 0xcc, 0xcc, 0xcc, 0xcc, 0x2f, 0xd5,
        0x0f, 0xcd, 0xad, 0xc4, 0xae, 0xbc, 0xcf, 0xbc, 0xb2, 0xd5, 0x97, 0xee,
        0x98, 0xe6, 0x57, 0xe6, 0xd4, 0xd5, 0x4a, 0x8b, 0xa3, 0x18, 0xa3, 0x18,
        0x23, 0x41, 0x2e, 0xa4, 0xbe, 0xff, 0xbe, 0xff, 0xee, 0x52, 0xa3, 0x18,
        0x66, 0x31, 0xa3, 0x18, 0xa3, 0x18, 0xa3, 0x18, 0x06, 0x5a, 0x29, 0x83,
        0xec, 0xa3, 0x47, 0x6a, 0xa3, 0x18, 0x84, 0x49, 0x26, 0x6a, 0xe8, 0x82,
        0xc6, 0x8a, 0xc6, 0x8a, 0xc6, 0x8a, 0x07, 0x9b, 0x07, 0x9b, 0x47, 0xa3,
        0xc9, 0xb3, 0x4b, 0xbc, 0x8c, 0xcc, 0xcd, 0xcc, 0x2e, 0xd5, 0x2e, 0xd5,
        0x4f, 0xd5, 0x70, 0xdd, 0x70, 0xdd, 0xd1, 0xe5, 0xd1, 0xe5, 0x14, 0xee,
        0x55, 0xee, 0x96, 0xee, 0x97, 0xee, 0x76, 0xee, 0x56, 0xe6, 0x15, 0xde,
        0x93, 0xcd, 0x32, 0xc5, 0x15, 0xde, 0x1b, 0xf7, 0x00, 0x00, 0xff, 0xff,
        0x00, 0x00, 0x00, 0x00, 0x00, 0x00, 0x00, 0x00, 0x00, 0x00, 0x00, 0x00,
        0x00, 0x00, 0x00, 0x00, 0x00, 0x00, 0x00, 0x00, 0x00, 0x00, 0x00, 0x00,
        0x00, 0x00, 0x00, 0x00, 0x00, 0x00, 0x00, 0x00, 0x00, 0x00, 0x00, 0x00,
        0x00, 0x00, 0x00, 0x00, 0x00, 0x00, 0x00, 0x00, 0x00, 0x00, 0x00, 0x00,
        0x00, 0x00, 0x00, 0x00, 0x00, 0x00, 0x00, 0x00, 0x00, 0x00, 0x00, 0x00,
        0x00, 0x00, 0x00, 0x00, 0x00, 0x00, 0x00, 0x00, 0x00, 0x00, 0x00, 0x00,
        0x00, 0x00, 0x00, 0x00, 0x00, 0x00, 0x00, 0x00, 0x00, 0x00, 0x00, 0x00,
        0x00, 0x00, 0x00, 0x00, 0x00, 0x00, 0x00, 0x00, 0x00, 0x00, 0x00, 0x00,
        0x00, 0x00, 0x00, 0x00, 0x00, 0x00, 0x00, 0x00, 0x00, 0x00, 0x00, 0x00,
        0x00, 0x00, 0x00, 0x00, 0x00, 0x00, 0x00, 0x00, 0x00, 0x00, 0x00, 0x00,
        0x00, 0x00, 0x00, 0x00, 0x00, 0x00, 0x00, 0x00, 0x00, 0x00, 0x00, 0x00,
        0x00, 0x00, 0x00, 0x00, 0x00, 0x00, 0x00, 0x00, 0x00, 0x00, 0x00, 0x00,
        0x00, 0x00, 0x00, 0x00, 0x00, 0x00, 0x00, 0x00, 0x00, 0x00, 0x00, 0x00,
        0x00, 0x00, 0x00, 0x00, 0x00, 0x00, 0x00, 0x00, 0x00, 0x00, 0x00, 0x00,
        0x00, 0x00, 0x00, 0x00, 0x00, 0x00, 0x00, 0x00, 0x00, 0x00, 0x00, 0x00,
        0x00, 0x00, 0x00, 0x00, 0x00, 0x00, 0x00, 0x00, 0x00, 0x00, 0x00, 0x00,
        0x00, 0x00, 0x00, 0x00, 0x00, 0x00, 0x00, 0x00, 0x00, 0x00, 0x00, 0x00,
        0x00, 0x00, 0x00, 0x00, 0x00, 0x00, 0x00, 0x00, 0x00, 0x00, 0x00, 0x00,
        0x00, 0x00, 0x00, 0x00, 0x00, 0x00, 0x00, 0x00, 0x00, 0x00, 0x00, 0x00,
        0x00, 0x00, 0x00, 0x00, 0x00, 0x00, 0x00, 0x00, 0x00, 0x00, 0xff, 0xff,
        0x00, 0x00, 0x1b, 0xf7, 0xf3, 0xe5, 0xa9, 0xab, 0x28, 0x93, 0x28, 0x93,
        0x6a, 0x9b, 0xce, 0xc4, 0xf3, 0xe5, 0x55, 0xee, 0x75, 0xf6, 0x95, 0xf6,
        0x95, 0xf6, 0x33, 0xf6, 0x33, 0xf6, 0x13, 0xee, 0xf2, 0xed, 0xf2, 0xed,
        0xd1, 0xed, 0xd1, 0xed, 0xf2, 0xed, 0xd1, 0xed, 0x8f, 0xe5, 0x4f, 0xdd,
        0x4e, 0xe5, 0xab, 0xd4, 0xec, 0xdc, 0x54, 0xee, 0x3a, 0xf7, 0x5b, 0xff,
        0x5b, 0xff, 0x55, 0xee, 0x30, 0xcd, 0x48, 0x9b, 0x66, 0x7a, 0x25, 0x72,
        0xc4, 0x61, 0xc4, 0x61, 0xc4, 0x61, 0x84, 0x59, 0xc4, 0x61, 0xe7, 0x92,
        0x2c, 0xb4, 0xae, 0xbc, 0x2e, 0xb4, 0x10, 0xdd, 0x96, 0xf6, 0x5b, 0xff,
        0xd8, 0xf6, 0xd8, 0xf6, 0xd8, 0xf6, 0x95, 0xf6, 0x33, 0xf6, 0xd1, 0xed,
        0xf2, 0xed, 0xd1, 0xed, 0x0d, 0xd5, 0x0d, 0xd5, 0x0d, 0xd5, 0x2e, 0xd5,
        0x2e, 0xd5, 0x8c, 0xc4, 0xce, 0xc4, 0x91, 0xd5, 0x35, 0xe6, 0x97, 0xee,
        0x98, 0xe6, 0x15, 0xde, 0x32, 0xc5, 0xc5, 0x51, 0xa3, 0x18, 0xe3, 0x30,
        0xc5, 0x51, 0x4a, 0x8b, 0x95, 0xbd, 0xb4, 0x8c, 0x66, 0x31, 0xa3, 0x18,
        0xa3, 0x18, 0xa3, 0x18, 0x66, 0x31, 0xa3, 0x18, 0xc5, 0x51, 0xe8, 0x82,
        0x4a, 0x8b, 0x06, 0x5a, 0xe3, 0x30, 0x84, 0x59, 0x8e, 0xb4, 0x32, 0xc5,
        0x2b, 0xb4, 0x89, 0xa3, 0xc6, 0x8a, 0xe7, 0x92, 0xc6, 0x8a, 0x07, 0x9b,
        0x68, 0xa3, 0xa9, 0xab, 0x09, 0xb4, 0x2b, 0xbc, 0x4b, 0xbc, 0xcd, 0xcc,
        0x4f, 0xd5, 0x70, 0xdd, 0x70, 0xdd, 0xb2, 0xdd, 0xd1, 0xe5, 0xd1, 0xe5,
        0x14, 0xee, 0x55, 0xee, 0x55, 0xee, 0x96, 0xee, 0x76, 0xee, 0x35, 0xde,
        0x15, 0xde, 0x57, 0xe6, 0x77, 0xe6, 0xff, 0xff, 0xff, 0xff, 0x00, 0x00,
        0x00, 0x00, 0x00, 0x00, 0x00, 0x00, 0x00, 0x00, 0x00, 0x00, 0x00, 0x00,
        0x00, 0x00, 0x00, 0x00, 0x00, 0x00, 0x00, 0x00, 0x00, 0x00, 0x00, 0x00,
        0x00, 0x00, 0x00, 0x00, 0x00, 0x00, 0x00, 0x00, 0x00, 0x00, 0x00, 0x00,
        0x00, 0x00, 0x00, 0x00, 0x00, 0x00, 0x00, 0x00, 0x00, 0x00, 0x00, 0x00,
        0x00, 0x00, 0x00, 0x00, 0x00, 0x00, 0x00, 0x00, 0x00, 0x00, 0x00, 0x00,
        0x00, 0x00, 0x00, 0x00, 0x00, 0x00, 0x00, 0x00, 0x00, 0x00, 0x00, 0x00,
        0x00, 0x00, 0x00, 0x00, 0x00, 0x00, 0x00, 0x00, 0x00, 0x00, 0x00, 0x00,
        0x00, 0x00, 0x00, 0x00, 0x00, 0x00, 0x00, 0x00, 0x00, 0x00, 0x00, 0x00,
        0x00, 0x00, 0x00, 0x00, 0x00, 0x00, 0x00, 0x00, 0x00, 0x00, 0x00, 0x00,
        0x00, 0x00, 0x00, 0x00, 0x00, 0x00, 0x00, 0x00, 0x00, 0x00, 0x00, 0x00,
        0x00, 0x00, 0x00, 0x00, 0x00, 0x00, 0x00, 0x00, 0x00, 0x00, 0x00, 0x00,
        0x00, 0x00, 0x00, 0x00, 0x00, 0x00, 0x00, 0x00, 0x00, 0x00, 0x00, 0x00,
        0x00, 0x00, 0x00, 0x00, 0x00, 0x00, 0x00, 0x00, 0x00, 0x00, 0x00, 0x00,
        0x00, 0x00, 0x00, 0x00, 0x00, 0x00, 0x00, 0x00, 0x00, 0x00, 0x00, 0x00,
        0x00, 0x00, 0x00, 0x00, 0x00, 0x00, 0x00, 0x00, 0x00, 0x00, 0x00, 0x00,
        0x00, 0x00, 0x00, 0x00, 0x00, 0x00, 0x00, 0x00, 0x00, 0x00, 0x00, 0x00,
        0x00, 0x00, 0x00, 0x00, 0x00, 0x00, 0x00, 0x00, 0x00, 0x00, 0x00, 0x00,
        0x00, 0x00, 0x00, 0x00, 0x00, 0x00, 0x00, 0x00, 0x00, 0x00, 0x00, 0x00,
        0x00, 0x00, 0x00, 0x00, 0x00, 0x00, 0x00, 0x00, 0x00, 0x00, 0x00, 0x00,
        0x00, 0x00, 0x00, 0x00, 0x00, 0x00, 0x00, 0x00, 0x00, 0x00, 0xff, 0xff,
        0x00, 0x00, 0x5c, 0xf7, 0x57, 0xde, 0xad, 0xc4, 0x2b, 0xb4, 0x2b, 0xb4,
        0xad, 0xc4, 0xd3, 0xdd, 0x14, 0xee, 0xf3, 0xed, 0x54, 0xee, 0xb7, 0xf6,
        0xd8, 0xf6, 0x54, 0xee, 0xf2, 0xed, 0xd1, 0xed, 0x8f, 0xe5, 0x8f, 0xe5,
        0xd1, 0xed, 0x4e, 0xe5, 0x4e, 0xe5, 0x4e, 0xe5, 0x4f, 0xdd, 0x4e, 0xe5,
        0x4f, 0xdd, 0xcc, 0xcc, 0x0d, 0xd5, 0x90, 0xe5, 0xd1, 0xe5, 0xd8, 0xf6,
        0x3a, 0xf7, 0x5b, 0xff, 0x39, 0xff, 0xd8, 0xf6, 0x76, 0xee, 0x91, 0xd5,
        0xef, 0xc4, 0x51, 0xcd, 0x30, 0xcd, 0xaf, 0xcc, 0x2e, 0xd5, 0xcc, 0xcc,
        0x8c, 0xcc, 0x2b, 0xbc, 0x0c, 0xc4, 0x72, 0xdd, 0x54, 0xee, 0xd1, 0xed,
        0x33, 0xf6, 0xb7, 0xf6, 0x33, 0xf6, 0xd1, 0xed, 0x8f, 0xe5, 0xf2, 0xed,
        0xf2, 0xed, 0xf2, 0xed, 0x4e, 0xe5, 0xab, 0xd4, 0x4f, 0xdd, 0x2e, 0xd5,
        0x0d, 0xd5, 0x6b, 0xc4, 0xcd, 0xcc, 0xd3, 0xdd, 0x34, 0xe6, 0x97, 0xee,
        0x77, 0xe6, 0x92, 0xd5, 0x4a, 0x8b, 0xe3, 0x30, 0xa3, 0x18, 0xe3, 0x30,
        0xc5, 0x51, 0xa7, 0x7a, 0x29, 0x83, 0x66, 0x31, 0xa3, 0x18, 0xa3, 0x18,
        0xa3, 0x18, 0xa3, 0x18, 0xa3, 0x18, 0x66, 0x31, 0x06, 0x5a, 0xa7, 0x7a,
        0x29, 0x83, 0x47, 0x6a, 0xe3, 0x30, 0xc4, 0x61, 0x71, 0xd5, 0x76, 0xee,
        0x10, 0xc5, 0xea, 0xab, 0xc9, 0xb3, 0xa9, 0xab, 0x2b, 0xbc, 0xc9, 0xb3,
        0x47, 0xa3, 0x68, 0xa3, 0x68, 0xa3, 0xc9, 0xb3, 0x09, 0xb4, 0x2b, 0xbc,
        0x8c, 0xcc, 0xcd, 0xcc, 0x2e, 0xd5, 0x70, 0xdd, 0x4f, 0xd5, 0x4f, 0xdd,
        0xd1, 0xe5, 0x14, 0xee, 0x55, 0xee, 0x55, 0xee, 0x96, 0xee, 0x77, 0xe6,
        0x15, 0xde, 0x98, 0xe6, 0x1b, 0xf7, 0x00, 0x00, 0xff, 0xff, 0x00, 0x00,
        0x00, 0x00, 0x00, 0x00, 0x00, 0x00, 0x00, 0x00, 0x00, 0x00, 0x00, 0x00,
        0x00, 0x00, 0x00, 0x00, 0x00, 0x00, 0x00, 0x00, 0x00, 0x00, 0x00, 0x00,
        0x00, 0x00, 0x00, 0x00, 0x00, 0x00, 0x00, 0x00, 0x00, 0x00, 0x00, 0x00,
        0x00, 0x00, 0x00, 0x00, 0x00, 0x00, 0x00, 0x00, 0x00, 0x00, 0x00, 0x00,
        0x00, 0x00, 0x00, 0x00, 0x00, 0x00, 0x00, 0x00, 0x00, 0x00, 0x00, 0x00,
        0x00, 0x00, 0x00, 0x00, 0x00, 0x00, 0x00, 0x00, 0x00, 0x00, 0x00, 0x00,
        0x00, 0x00, 0x00, 0x00, 0x00, 0x00, 0x00, 0x00, 0x00, 0x00, 0x00, 0x00,
        0x00, 0x00, 0x00, 0x00, 0x00, 0x00, 0x00, 0x00, 0x00, 0x00, 0x00, 0x00,
        0x00, 0x00, 0x00, 0x00, 0x00, 0x00, 0x00, 0x00, 0x00, 0x00, 0x00, 0x00,
        0x00, 0x00, 0x00, 0x00, 0x00, 0x00, 0x00, 0x00, 0x00, 0x00, 0x00, 0x00,
        0x00, 0x00, 0x00, 0x00, 0x00, 0x00, 0x00, 0x00, 0x00, 0x00, 0x00, 0x00,
        0x00, 0x00, 0x00, 0x00, 0x00, 0x00, 0x00, 0x00, 0x00, 0x00, 0x00, 0x00,
        0x00, 0x00, 0x00, 0x00, 0x00, 0x00, 0x00, 0x00, 0x00, 0x00, 0x00, 0x00,
        0x00, 0x00, 0x00, 0x00, 0x00, 0x00, 0x00, 0x00, 0x00, 0x00, 0x00, 0x00,
        0x00, 0x00, 0x00, 0x00, 0x00, 0x00, 0x00, 0x00, 0x00, 0x00, 0x00, 0x00,
        0x00, 0x00, 0x00, 0x00, 0x00, 0x00, 0x00, 0x00, 0x00, 0x00, 0x00, 0x00,
        0x00, 0x00, 0x00, 0x00, 0x00, 0x00, 0x00, 0x00, 0x00, 0x00, 0x00, 0x00,
        0x00, 0x00, 0x00, 0x00, 0x00, 0x00, 0x00, 0x00, 0x00, 0x00, 0x00, 0x00,
        0x00, 0x00, 0x00, 0x00, 0x00, 0x00, 0x00, 0x00, 0x00, 0x00, 0x00, 0x00,
        0x00, 0x00, 0x00, 0x00, 0x00, 0x00, 0x00, 0x00, 0x00, 0x00, 0xff, 0xff,
        0x00, 0x00, 0xff, 0xff, 0x77, 0xe6, 0x91, 0xd5, 0xce, 0xc4, 0x30, 0xcd,
        0x14, 0xe6, 0x96, 0xee, 0x76, 0xee, 0x55, 0xee, 0x96, 0xf6, 0xd8, 0xf6,
        0x1a, 0xf7, 0xf8, 0xfe, 0x95, 0xf6, 0x13, 0xee, 0xf2, 0xed, 0x8f, 0xe5,
        0x8f, 0xe5, 0x8f, 0xe5, 0x4e, 0xe5, 0x8f, 0xe5, 0xd1, 0xe5, 0x8f, 0xe5,
        0x4f, 0xdd, 0x0d, 0xd5, 0xcc, 0xcc, 0x0d, 0xd5, 0x4f, 0xd5, 0x14, 0xee,
        0xb8, 0xf6, 0x39, 0xff, 0x7c, 0xff, 0x5b, 0xff, 0x5b, 0xff, 0x39, 0xff,
        0x1a, 0xf7, 0x5b, 0xff, 0x1a, 0xf7, 0xd8, 0xf6, 0xb7, 0xf6, 0x14, 0xee,
        0xf2, 0xed, 0xee, 0xcc, 0x0c, 0xc4, 0x8c, 0xcc, 0x6b, 0xc4, 0x29, 0xc4,
        0x13, 0xee, 0x13, 0xee, 0xd1, 0xed, 0x8f, 0xe5, 0x8f, 0xe5, 0xd1, 0xed,
        0xd1, 0xed, 0x8f, 0xe5, 0xec, 0xdc, 0xab, 0xd4, 0x4f, 0xdd, 0x4f, 0xdd,
        0x0d, 0xd5, 0x29, 0xc4, 0x09, 0xb4, 0x91, 0xd5, 0x14, 0xe6, 0x97, 0xee,
        0x57, 0xe6, 0x2c, 0xb4, 0x26, 0x6a, 0xa3, 0x18, 0xa3, 0x18, 0xa3, 0x18,
        0xc5, 0x51, 0xa7, 0x7a, 0x29, 0x83, 0xc5, 0x51, 0xa3, 0x18, 0xa3, 0x18,
        0xa3, 0x18, 0xa3, 0x18, 0xa3, 0x18, 0x66, 0x31, 0x06, 0x5a, 0xc9, 0x7a,
        0xe8, 0x82, 0xc5, 0x51, 0xe3, 0x30, 0xa7, 0x82, 0xb2, 0xd5, 0xd8, 0xee,
        0xf4, 0xdd, 0x8c, 0xc4, 0x0f, 0xcd, 0x4b, 0xbc, 0x4b, 0xbc, 0xc9, 0xb3,
        0xc9, 0xb3, 0xc9, 0xb3, 0x47, 0xa3, 0xe7, 0x92, 0xa9, 0xab, 0xa9, 0xab,
        0xc9, 0xb3, 0x4b, 0xbc, 0xcd, 0xcc, 0xee, 0xcc, 0xee, 0xcc, 0x0d, 0xd5,
        0x4f, 0xd5, 0xd1, 0xe5, 0x35, 0xe6, 0x76, 0xee, 0xb8, 0xee, 0xd9, 0xee,
        0x57, 0xe6, 0x98, 0xe6, 0x1b, 0xf7, 0xff, 0xff, 0xff, 0xff, 0x00, 0x00,
        0x00, 0x00, 0x00, 0x00, 0x00, 0x00, 0x00, 0x00, 0x00, 0x00, 0x00, 0x00,
        0x00, 0x00, 0x00, 0x00, 0x00, 0x00, 0x00, 0x00, 0x00, 0x00, 0x00, 0x00,
        0x00, 0x00, 0x00, 0x00, 0x00, 0x00, 0x00, 0x00, 0x00, 0x00, 0x00, 0x00,
        0x00, 0x00, 0x00, 0x00, 0x00, 0x00, 0x00, 0x00, 0x00, 0x00, 0x00, 0x00,
        0x00, 0x00, 0x00, 0x00, 0x00, 0x00, 0x00, 0x00, 0x00, 0x00, 0x00, 0x00,
        0x00, 0x00, 0x00, 0x00, 0x00, 0x00, 0x00, 0x00, 0x00, 0x00, 0x00, 0x00,
        0x00, 0x00, 0x00, 0x00, 0x00, 0x00, 0x00, 0x00, 0x00, 0x00, 0x00, 0x00,
        0x00, 0x00, 0x00, 0x00, 0x00, 0x00, 0x00, 0x00, 0x00, 0x00, 0x00, 0x00,
        0x00, 0x00, 0x00, 0x00, 0x00, 0x00, 0x00, 0x00, 0x00, 0x00, 0x00, 0x00,
        0x00, 0x00, 0x00, 0x00, 0x00, 0x00, 0x00, 0x00, 0x00, 0x00, 0x00, 0x00,
        0x00, 0x00, 0x00, 0x00, 0x00, 0x00, 0x00, 0x00, 0x00, 0x00, 0x00, 0x00,
        0x00, 0x00, 0x00, 0x00, 0x00, 0x00, 0x00, 0x00, 0x00, 0x00, 0x00, 0x00,
        0x00, 0x00, 0x00, 0x00, 0x00, 0x00, 0x00, 0x00, 0x00, 0x00, 0x00, 0x00,
        0x00, 0x00, 0x00, 0x00, 0x00, 0x00, 0x00, 0x00, 0x00, 0x00, 0x00, 0x00,
        0x00, 0x00, 0x00, 0x00, 0x00, 0x00, 0x00, 0x00, 0x00, 0x00, 0x00, 0x00,
        0x00, 0x00, 0x00, 0x00, 0x00, 0x00, 0x00, 0x00, 0x00, 0x00, 0x00, 0x00,
        0x00, 0x00, 0x00, 0x00, 0x00, 0x00, 0x00, 0x00, 0x00, 0x00, 0x00, 0x00,
        0x00, 0x00, 0x00, 0x00, 0x00, 0x00, 0x00, 0x00, 0x00, 0x00, 0x00, 0x00,
        0x00, 0x00, 0x00, 0x00, 0x00, 0x00, 0x00, 0x00, 0x00, 0x00, 0x00, 0x00,
        0x00, 0x00, 0x00, 0x00, 0x00, 0x00, 0x00, 0x00, 0x00, 0x00, 0xff, 0xff,
        0x00, 0x00, 0x1b, 0xf7, 0x34, 0xe6, 0xea, 0xab, 0xc9, 0xb3, 0x50, 0xcd,
        0x14, 0xde, 0xb8, 0xee, 0xf9, 0xf6, 0xd8, 0xf6, 0xb7, 0xf6, 0xf8, 0xfe,
        0x1a, 0xf7, 0x1a, 0xf7, 0xf8, 0xfe, 0x96, 0xf6, 0x90, 0xe5, 0x4f, 0xdd,
        0x4e, 0xe5, 0xec, 0xdc, 0x4e, 0xe5, 0x4e, 0xe5, 0x4f, 0xdd, 0x4e, 0xe5,
        0x4e, 0xe5, 0x90, 0xe5, 0x4f, 0xdd, 0x2e, 0xd5, 0x4f, 0xdd, 0xd2, 0xe5,
        0xf3, 0xed, 0x75, 0xf6, 0x39, 0xff, 0x5b, 0xff, 0x5b, 0xff, 0x5b, 0xff,
        0x5b, 0xff, 0x5b, 0xff, 0x7c, 0xff, 0x5b, 0xff, 0x39, 0xff, 0xd8, 0xf6,
        0xb7, 0xf6, 0x4e, 0xe5, 0x87, 0xb3, 0x47, 0xa3, 0x87, 0xb3, 0xec, 0xdc,
        0x8f, 0xe5, 0x4e, 0xe5, 0x4e, 0xe5, 0x4e, 0xe5, 0x4e, 0xe5, 0x8f, 0xe5,
        0x90, 0xe5, 0x8f, 0xe5, 0x6a, 0xcc, 0xcc, 0xcc, 0x4f, 0xdd, 0x0d, 0xd5,
        0x8c, 0xcc, 0x29, 0xc4, 0x09, 0xb4, 0xcd, 0xcc, 0xf3, 0xe5, 0x96, 0xee,
        0x92, 0xd5, 0x6a, 0x9b, 0x84, 0x59, 0xa3, 0x18, 0xa3, 0x18, 0xa3, 0x18,
        0xc5, 0x51, 0xa7, 0x7a, 0xc9, 0x7a, 0xc9, 0x7a, 0x66, 0x31, 0xa3, 0x18,
        0xa3, 0x18, 0xa3, 0x18, 0x66, 0x31, 0xc5, 0x51, 0xc9, 0x7a, 0xcc, 0x93,
        0x88, 0x6a, 0xe3, 0x30, 0x84, 0x49, 0x2c, 0xb4, 0x35, 0xe6, 0xd8, 0xee,
        0x97, 0xee, 0xce, 0xc4, 0xad, 0xc4, 0x0f, 0xcd, 0x0f, 0xcd, 0x0f, 0xcd,
        0xce, 0xc4, 0xad, 0xc4, 0x89, 0xa3, 0xc6, 0x8a, 0x65, 0x82, 0xe7, 0x92,
        0x48, 0x9b, 0xa9, 0xab, 0x2b, 0xbc, 0xee, 0xcc, 0x2f, 0xd5, 0xee, 0xcc,
        0xee, 0xcc, 0x70, 0xdd, 0xf3, 0xe5, 0x35, 0xe6, 0x97, 0xee, 0xb9, 0xee,
        0x98, 0xe6, 0x98, 0xe6, 0x1b, 0xf7, 0x00, 0x00, 0xff, 0xff, 0x00, 0x00,
        0x00, 0x00, 0x00, 0x00, 0x00, 0x00, 0x00, 0x00, 0x00, 0x00, 0x00, 0x00,
        0x00, 0x00, 0x00, 0x00, 0x00, 0x00, 0x00, 0x00, 0x00, 0x00, 0x00, 0x00,
        0x00, 0x00, 0x00, 0x00, 0x00, 0x00, 0x00, 0x00, 0x00, 0x00, 0x00, 0x00,
        0x00, 0x00, 0x00, 0x00, 0x00, 0x00, 0x00, 0x00, 0x00, 0x00, 0x00, 0x00,
        0x00, 0x00, 0x00, 0x00, 0x00, 0x00, 0x00, 0x00, 0x00, 0x00, 0x00, 0x00,
        0x00, 0x00, 0x00, 0x00, 0x00, 0x00, 0x00, 0x00, 0x00, 0x00, 0x00, 0x00,
        0x00, 0x00, 0x00, 0x00, 0x00, 0x00, 0x00, 0x00, 0x00, 0x00, 0x00, 0x00,
        0x00, 0x00, 0x00, 0x00, 0x00, 0x00, 0x00, 0x00, 0x00, 0x00, 0x00, 0x00,
        0x00, 0x00, 0x00, 0x00, 0x00, 0x00, 0x00, 0x00, 0x00, 0x00, 0x00, 0x00,
        0x00, 0x00, 0x00, 0x00, 0x00, 0x00, 0x00, 0x00, 0x00, 0x00, 0x00, 0x00,
        0x00, 0x00, 0x00, 0x00, 0x00, 0x00, 0x00, 0x00, 0x00, 0x00, 0x00, 0x00,
        0x00, 0x00, 0x00, 0x00, 0x00, 0x00, 0x00, 0x00, 0x00, 0x00, 0x00, 0x00,
        0x00, 0x00, 0x00, 0x00, 0x00, 0x00, 0x00, 0x00, 0x00, 0x00, 0x00, 0x00,
        0x00, 0x00, 0x00, 0x00, 0x00, 0x00, 0x00, 0x00, 0x00, 0x00, 0x00, 0x00,
        0x00, 0x00, 0x00, 0x00, 0x00, 0x00, 0x00, 0x00, 0x00, 0x00, 0x00, 0x00,
        0x00, 0x00, 0x00, 0x00, 0x00, 0x00, 0x00, 0x00, 0x00, 0x00, 0x00, 0x00,
        0x00, 0x00, 0x00, 0x00, 0x00, 0x00, 0x00, 0x00, 0x00, 0x00, 0x00, 0x00,
        0x00, 0x00, 0x00, 0x00, 0x00, 0x00, 0x00, 0x00, 0x00, 0x00, 0x00, 0x00,
        0x00, 0x00, 0x00, 0x00, 0x00, 0x00, 0x00, 0x00, 0x00, 0x00, 0x00, 0x00,
        0x00, 0x00, 0x00, 0x00, 0x00, 0x00, 0x00, 0x00, 0x00, 0x00, 0xff, 0xff,
        0x00, 0x00, 0xbf, 0xff, 0x77, 0xe6, 0x30, 0xcd, 0x71, 0xd5, 0x56, 0xe6,
        0xb8, 0xee, 0xf9, 0xf6, 0x1a, 0xf7, 0x1a, 0xf7, 0xf8, 0xfe, 0x39, 0xff,
        0x5b, 0xff, 0x39, 0xff, 0xf8, 0xfe, 0x96, 0xf6, 0xd1, 0xe5, 0xec, 0xdc,
        0xec, 0xdc, 0xec, 0xdc, 0x4e, 0xe5, 0xec, 0xdc, 0x4e, 0xe5, 0x0d, 0xd5,
        0x4e, 0xe5, 0x90, 0xe5, 0x90, 0xe5, 0x70, 0xdd, 0x91, 0xdd, 0x91, 0xdd,
        0xf3, 0xed, 0x54, 0xee, 0x54, 0xee, 0xd8, 0xf6, 0xd8, 0xf6, 0x39, 0xff,
        0x5b, 0xff, 0x7c, 0xff, 0x5b, 0xff, 0x7c, 0xff, 0x5b, 0xff, 0x39, 0xff,
        0x33, 0xf6, 0xab, 0xd4, 0x66, 0xa2, 0x47, 0xa3, 0xab, 0xd4, 0x4e, 0xe5,
        0xec, 0xdc, 0xab, 0xd4, 0xec, 0xdc, 0xec, 0xdc, 0x4e, 0xe5, 0xec, 0xdc,
        0x4e, 0xe5, 0xec, 0xdc, 0xab, 0xd4, 0xcc, 0xcc, 0x0d, 0xd5, 0x8c, 0xcc,
        0x6b, 0xc4, 0x87, 0xb3, 0xc9, 0xb3, 0x09, 0xb4, 0xac, 0xc4, 0x91, 0xdd,
        0x0c, 0xac, 0xa7, 0x82, 0x84, 0x49, 0xe3, 0x30, 0x23, 0x41, 0xa3, 0x18,
        0xe3, 0x30, 0x06, 0x5a, 0xa7, 0x7a, 0x29, 0x83, 0x29, 0x83, 0x68, 0x5a,
        0x06, 0x5a, 0x88, 0x6a, 0xc9, 0x7a, 0x4b, 0x83, 0x6f, 0xac, 0x4b, 0x83,
        0xe3, 0x30, 0x23, 0x41, 0x89, 0xa3, 0xf4, 0xdd, 0xb8, 0xee, 0x97, 0xee,
        0x56, 0xe6, 0x50, 0xcd, 0x2f, 0xd5, 0x91, 0xd5, 0x91, 0xd5, 0x50, 0xcd,
        0x0f, 0xcd, 0xad, 0xc4, 0x2b, 0xb4, 0x89, 0xa3, 0xa7, 0x82, 0xa7, 0x82,
        0xc6, 0x8a, 0x07, 0x9b, 0xa9, 0xab, 0x4c, 0xbc, 0xad, 0xc4, 0x2f, 0xd5,
        0x50, 0xd5, 0x50, 0xd5, 0xb2, 0xdd, 0x34, 0xe6, 0x98, 0xe6, 0xfa, 0xf6,
        0xb9, 0xee, 0xb9, 0xee, 0x1b, 0xf7, 0x00, 0x00, 0xff, 0xff, 0x00, 0x00,
        0x00, 0x00, 0x00, 0x00, 0x00, 0x00, 0x00, 0x00, 0x00, 0x00, 0x00, 0x00,
        0x00, 0x00, 0x00, 0x00, 0x00, 0x00, 0x00, 0x00, 0x00, 0x00, 0x00, 0x00,
        0x00, 0x00, 0x00, 0x00, 0x00, 0x00, 0x00, 0x00, 0x00, 0x00, 0x00, 0x00,
        0x00, 0x00, 0x00, 0x00, 0x00, 0x00, 0x00, 0x00, 0x00, 0x00, 0x00, 0x00,
        0x00, 0x00, 0x00, 0x00, 0x00, 0x00, 0x00, 0x00, 0x00, 0x00, 0x00, 0x00,
        0x00, 0x00, 0x00, 0x00, 0x00, 0x00, 0x00, 0x00, 0x00, 0x00, 0x00, 0x00,
        0x00, 0x00, 0x00, 0x00, 0x00, 0x00, 0x00, 0x00, 0x00, 0x00, 0x00, 0x00,
        0x00, 0x00, 0x00, 0x00, 0x00, 0x00, 0x00, 0x00, 0x00, 0x00, 0x00, 0x00,
        0x00, 0x00, 0x00, 0x00, 0x00, 0x00, 0x00, 0x00, 0x00, 0x00, 0x00, 0x00,
        0x00, 0x00, 0x00, 0x00, 0x00, 0x00, 0x00, 0x00, 0x00, 0x00, 0x00, 0x00,
        0x00, 0x00, 0x00, 0x00, 0x00, 0x00, 0x00, 0x00, 0x00, 0x00, 0x00, 0x00,
        0x00, 0x00, 0x00, 0x00, 0x00, 0x00, 0x00, 0x00, 0x00, 0x00, 0x00, 0x00,
        0x00, 0x00, 0x00, 0x00, 0x00, 0x00, 0x00, 0x00, 0x00, 0x00, 0x00, 0x00,
        0x00, 0x00, 0x00, 0x00, 0x00, 0x00, 0x00, 0x00, 0x00, 0x00, 0x00, 0x00,
        0x00, 0x00, 0x00, 0x00, 0x00, 0x00, 0x00, 0x00, 0x00, 0x00, 0x00, 0x00,
        0x00, 0x00, 0x00, 0x00, 0x00, 0x00, 0x00, 0x00, 0x00, 0x00, 0x00, 0x00,
        0x00, 0x00, 0x00, 0x00, 0x00, 0x00, 0x00, 0x00, 0x00, 0x00, 0x00, 0x00,
        0x00, 0x00, 0x00, 0x00, 0x00, 0x00, 0x00, 0x00, 0x00, 0x00, 0x00, 0x00,
        0x00, 0x00, 0x00, 0x00, 0x00, 0x00, 0x00, 0x00, 0x00, 0x00, 0x00, 0x00,
        0x00, 0x00, 0x00, 0x00, 0x00, 0x00, 0x00, 0x00, 0x00, 0x00, 0x00, 0x00,
        0xff, 0xff, 0x00, 0x00, 0x1b, 0xf7, 0x76, 0xee, 0xb8, 0xee, 0xf9, 0xf6,
        0xf9, 0xf6, 0xf9, 0xf6, 0x3a, 0xf7, 0x1a, 0xf7, 0x39, 0xff, 0x5b, 0xff,
        0x5b, 0xff, 0x5b, 0xff, 0x39, 0xff, 0xf9, 0xf6, 0xb7, 0xf6, 0xd1, 0xe5,
        0x6b, 0xc4, 0x29, 0xc4, 0x6a, 0xcc, 0x6a, 0xcc, 0xab, 0xd4, 0x6a, 0xcc,
        0x8c, 0xcc, 0xcc, 0xcc, 0x2e, 0xd5, 0x4f, 0xd5, 0x4f, 0xd5, 0x4f, 0xdd,
        0xd1, 0xe5, 0x14, 0xee, 0xf3, 0xed, 0xf3, 0xed, 0x14, 0xee, 0xf2, 0xed,
        0x75, 0xf6, 0xd8, 0xf6, 0xf8, 0xfe, 0x5b, 0xff, 0x39, 0xff, 0xb7, 0xf6,
        0x4e, 0xe5, 0x87, 0xb3, 0x47, 0xa3, 0x29, 0xc4, 0xc9, 0xbb, 0x6a, 0xcc,
        0xab, 0xd4, 0x6a, 0xcc, 0xab, 0xd4, 0xab, 0xd4, 0xab, 0xd4, 0xec, 0xdc,
        0xab, 0xd4, 0x6a, 0xcc, 0x6a, 0xcc, 0x6a, 0xcc, 0x6a, 0xcc, 0x29, 0xc4,
        0xc9, 0xbb, 0x09, 0xb4, 0x09, 0xb4, 0x8c, 0xcc, 0xa9, 0xab, 0x68, 0xa3,
        0xa7, 0x82, 0x66, 0x7a, 0x23, 0x41, 0x23, 0x41, 0xc4, 0x61, 0x26, 0x6a,
        0xe3, 0x30, 0x23, 0x41, 0x06, 0x5a, 0x66, 0x7a, 0xe8, 0x82, 0x4a, 0x8b,
        0xcc, 0x93, 0xcc, 0x93, 0xec, 0xa3, 0x8b, 0x93, 0x47, 0x6a, 0xe3, 0x30,
        0x23, 0x41, 0x48, 0x9b, 0x70, 0xd5, 0x97, 0xee, 0x76, 0xee, 0xd4, 0xdd,
        0x91, 0xd5, 0xd3, 0xdd, 0x50, 0xd5, 0x91, 0xdd, 0xd2, 0xe5, 0x14, 0xe6,
        0xd3, 0xdd, 0x50, 0xcd, 0xad, 0xc4, 0xca, 0xa3, 0x28, 0x93, 0xc6, 0x8a,
        0xa7, 0x82, 0xc6, 0x8a, 0x28, 0x93, 0xa9, 0xab, 0x2b, 0xbc, 0x8c, 0xc4,
        0xcd, 0xcc, 0x2f, 0xd5, 0xb2, 0xdd, 0x34, 0xe6, 0x76, 0xee, 0xb9, 0xee,
        0x98, 0xe6, 0x98, 0xe6, 0x1b, 0xf7, 0x00, 0x00, 0xff, 0xff, 0x00, 0x00,
        0x00, 0x00, 0x00, 0x00, 0x00, 0x00, 0x00, 0x00, 0x00, 0x00, 0x00, 0x00,
        0x00, 0x00, 0x00, 0x00, 0x00, 0x00, 0x00, 0x00, 0x00, 0x00, 0x00, 0x00,
        0x00, 0x00, 0x00, 0x00, 0x00, 0x00, 0x00, 0x00, 0x00, 0x00, 0x00, 0x00,
        0x00, 0x00, 0x00, 0x00, 0x00, 0x00, 0x00, 0x00, 0x00, 0x00, 0x00, 0x00,
        0x00, 0x00, 0x00, 0x00, 0x00, 0x00, 0x00, 0x00, 0x00, 0x00, 0x00, 0x00,
        0x00, 0x00, 0x00, 0x00, 0x00, 0x00, 0x00, 0x00, 0x00, 0x00, 0x00, 0x00,
        0x00, 0x00, 0x00, 0x00, 0x00, 0x00, 0x00, 0x00, 0x00, 0x00, 0x00, 0x00,
        0x00, 0x00, 0x00, 0x00, 0x00, 0x00, 0x00, 0x00, 0x00, 0x00, 0x00, 0x00,
        0x00, 0x00, 0x00, 0x00, 0x00, 0x00, 0x00, 0x00, 0x00, 0x00, 0x00, 0x00,
        0x00, 0x00, 0x00, 0x00, 0x00, 0x00, 0x00, 0x00, 0x00, 0x00, 0x00, 0x00,
        0x00, 0x00, 0x00, 0x00, 0x00, 0x00, 0x00, 0x00, 0x00, 0x00, 0x00, 0x00,
        0x00, 0x00, 0x00, 0x00, 0x00, 0x00, 0x00, 0x00, 0x00, 0x00, 0x00, 0x00,
        0x00, 0x00, 0x00, 0x00, 0x00, 0x00, 0x00, 0x00, 0x00, 0x00, 0x00, 0x00,
        0x00, 0x00, 0x00, 0x00, 0x00, 0x00, 0x00, 0x00, 0x00, 0x00, 0x00, 0x00,
        0x00, 0x00, 0x00, 0x00, 0x00, 0x00, 0x00, 0x00, 0x00, 0x00, 0x00, 0x00,
        0x00, 0x00, 0x00, 0x00, 0x00, 0x00, 0x00, 0x00, 0x00, 0x00, 0x00, 0x00,
        0x00, 0x00, 0x00, 0x00, 0x00, 0x00, 0x00, 0x00, 0x00, 0x00, 0x00, 0x00,
        0x00, 0x00, 0x00, 0x00, 0x00, 0x00, 0x00, 0x00, 0x00, 0x00, 0x00, 0x00,
        0x00, 0x00, 0x00, 0x00, 0x00, 0x00, 0x00, 0x00, 0x00, 0x00, 0x00, 0x00,
        0x00, 0x00, 0x00, 0x00, 0x00, 0x00, 0x00, 0x00, 0x00, 0x00, 0x00, 0x00,
        0x00, 0x00, 0xff, 0xff, 0xff, 0xff, 0x1b, 0xf7, 0xd9, 0xee, 0x1a, 0xf7,
        0xf9, 0xf6, 0xf9, 0xf6, 0x1a, 0xf7, 0xd8, 0xf6, 0xf8, 0xfe, 0x1a, 0xf7,
        0x3a, 0xf7, 0x5b, 0xff, 0x5b, 0xff, 0x3a, 0xf7, 0x1a, 0xf7, 0xd8, 0xf6,
        0x14, 0xe6, 0xac, 0xc4, 0xc9, 0xbb, 0xc9, 0xbb, 0x87, 0xb3, 0x6b, 0xc4,
        0x0d, 0xd5, 0x0d, 0xd5, 0x4f, 0xdd, 0xcc, 0xcc, 0x6b, 0xc4, 0x2e, 0xd5,
        0x4f, 0xdd, 0x4f, 0xd5, 0x0d, 0xd5, 0x70, 0xdd, 0x4f, 0xd5, 0x2e, 0xd5,
        0x14, 0xee, 0x55, 0xee, 0xd8, 0xf6, 0xd8, 0xf6, 0x75, 0xf6, 0x4e, 0xe5,
        0x29, 0xc4, 0x87, 0xb3, 0x29, 0xc4, 0xc6, 0x8a, 0x47, 0xa3, 0x29, 0xc4,
        0x6a, 0xcc, 0xab, 0xd4, 0xab, 0xd4, 0x6a, 0xcc, 0xab, 0xd4, 0xec, 0xdc,
        0xec, 0xdc, 0x6a, 0xcc, 0x6a, 0xcc, 0x6a, 0xcc, 0x6a, 0xcc, 0x87, 0xb3,
        0x87, 0xb3, 0xc9, 0xb3, 0x87, 0xb3, 0xc9, 0xb3, 0xc9, 0xb3, 0x65, 0x82,
        0x84, 0x59, 0xc4, 0x61, 0x84, 0x59, 0xc4, 0x61, 0x65, 0x82, 0xca, 0xa3,
        0x89, 0xa3, 0x26, 0x6a, 0x23, 0x41, 0x23, 0x41, 0xc4, 0x61, 0xc4, 0x61,
        0x66, 0x7a, 0x66, 0x7a, 0x26, 0x6a, 0x23, 0x41, 0x23, 0x41, 0x26, 0x6a,
        0xca, 0xa3, 0x50, 0xd5, 0x35, 0xe6, 0x56, 0xe6, 0x76, 0xee, 0xd4, 0xdd,
        0x30, 0xcd, 0xee, 0xcc, 0x4f, 0xd5, 0x50, 0xd5, 0x0d, 0xd5, 0x70, 0xdd,
        0x70, 0xd5, 0x2f, 0xd5, 0xce, 0xc4, 0xca, 0xa3, 0x48, 0x9b, 0x28, 0x93,
        0xe8, 0x82, 0xe8, 0x82, 0xa7, 0x82, 0xe7, 0x92, 0xea, 0xab, 0x4c, 0xbc,
        0x8c, 0xc4, 0x0f, 0xcd, 0xb2, 0xdd, 0x35, 0xe6, 0x98, 0xe6, 0x98, 0xe6,
        0x77, 0xe6, 0xfa, 0xee, 0x7d, 0xf7, 0x00, 0x00, 0xff, 0xff, 0x00, 0x00,
        0x00, 0x00, 0x00, 0x00, 0x00, 0x00, 0x00, 0x00, 0x00, 0x00, 0x00, 0x00,
        0x00, 0x00, 0x00, 0x00, 0x00, 0x00, 0x00, 0x00, 0x00, 0x00, 0x00, 0x00,
        0x00, 0x00, 0x00, 0x00, 0x00, 0x00, 0x00, 0x00, 0x00, 0x00, 0x00, 0x00,
        0x00, 0x00, 0x00, 0x00, 0x00, 0x00, 0x00, 0x00, 0x00, 0x00, 0x00, 0x00,
        0x00, 0x00, 0x00, 0x00, 0x00, 0x00, 0x00, 0x00, 0x00, 0x00, 0x00, 0x00,
        0x00, 0x00, 0x00, 0x00, 0x00, 0x00, 0x00, 0x00, 0x00, 0x00, 0x00, 0x00,
        0x00, 0x00, 0x00, 0x00, 0x00, 0x00, 0x00, 0x00, 0x00, 0x00, 0x00, 0x00,
        0x00, 0x00, 0x00, 0x00, 0x00, 0x00, 0x00, 0x00, 0x00, 0x00, 0x00, 0x00,
        0x00, 0x00, 0x00, 0x00, 0x00, 0x00, 0x00, 0x00, 0x00, 0x00, 0x00, 0x00,
        0x00, 0x00, 0x00, 0x00, 0x00, 0x00, 0x00, 0x00, 0x00, 0x00, 0x00, 0x00,
        0x00, 0x00, 0x00, 0x00, 0x00, 0x00, 0x00, 0x00, 0x00, 0x00, 0x00, 0x00,
        0x00, 0x00, 0x00, 0x00, 0x00, 0x00, 0x00, 0x00, 0x00, 0x00, 0x00, 0x00,
        0x00, 0x00, 0x00, 0x00, 0x00, 0x00, 0x00, 0x00, 0x00, 0x00, 0x00, 0x00,
        0x00, 0x00, 0x00, 0x00, 0x00, 0x00, 0x00, 0x00, 0x00, 0x00, 0x00, 0x00,
        0x00, 0x00, 0x00, 0x00, 0x00, 0x00, 0x00, 0x00, 0x00, 0x00, 0x00, 0x00,
        0x00, 0x00, 0x00, 0x00, 0x00, 0x00, 0x00, 0x00, 0x00, 0x00, 0x00, 0x00,
        0x00, 0x00, 0x00, 0x00, 0x00, 0x00, 0x00, 0x00, 0x00, 0x00, 0x00, 0x00,
        0x00, 0x00, 0x00, 0x00, 0x00, 0x00, 0x00, 0x00, 0x00, 0x00, 0x00, 0x00,
        0x00, 0x00, 0x00, 0x00, 0x00, 0x00, 0x00, 0x00, 0x00, 0x00, 0x00, 0x00,
        0x00, 0x00, 0x00, 0x00, 0x00, 0x00, 0x00, 0x00, 0x00, 0x00, 0x00, 0x00,
        0x00, 0x00, 0xff, 0xff, 0x00, 0x00, 0x5c, 0xf7, 0xd8, 0xee, 0xf9, 0xf6,
        0xd8, 0xf6, 0xd8, 0xf6, 0xb7, 0xf6, 0x96, 0xf6, 0xb7, 0xf6, 0xd8, 0xf6,
        0xf9, 0xf6, 0x1a, 0xf7, 0xf9, 0xf6, 0xf9, 0xf6, 0xf9, 0xf6, 0xb8, 0xf6,
        0xb8, 0xf6, 0x96, 0xee, 0x70, 0xdd, 0xcc, 0xcc, 0x6b, 0xc4, 0xc9, 0xbb,
        0x29, 0xc4, 0xcc, 0xcc, 0x0d, 0xd5, 0xcc, 0xcc, 0xcc, 0xcc, 0xee, 0xcc,
        0xcd, 0xcc, 0x0d, 0xd5, 0x6b, 0xc4, 0x8c, 0xcc, 0x91, 0xdd, 0x35, 0xe6,
        0x96, 0xee, 0x96, 0xf6, 0xb7, 0xf6, 0x13, 0xee, 0x8f, 0xe5, 0xab, 0xd4,
        0x6a, 0xcc, 0xec, 0xdc, 0x6a, 0xcc, 0x87, 0xb3, 0x87, 0xb3, 0x29, 0xc4,
        0xab, 0xd4, 0x6a, 0xcc, 0x29, 0xc4, 0x6a, 0xcc, 0xab, 0xd4, 0xec, 0xdc,
        0xab, 0xd4, 0x6a, 0xcc, 0x6a, 0xcc, 0x6a, 0xcc, 0x6a, 0xcc, 0x87, 0xb3,
        0x07, 0x9b, 0x07, 0x9b, 0xc6, 0x8a, 0x47, 0xa3, 0x47, 0xa3, 0x07, 0x9b,
        0x84, 0x59, 0x84, 0x59, 0xa7, 0x82, 0xea, 0xab, 0xce, 0xc4, 0x14, 0xde,
        0x14, 0xde, 0xb2, 0xd5, 0xec, 0xa3, 0x26, 0x6a, 0xc4, 0x61, 0xc4, 0x61,
        0xc4, 0x61, 0x26, 0x6a, 0x26, 0x6a, 0xe8, 0x82, 0x6a, 0x9b, 0x0c, 0xc4,
        0x50, 0xcd, 0x76, 0xee, 0xd8, 0xee, 0xb9, 0xee, 0x57, 0xde, 0x50, 0xcd,
        0x0f, 0xcd, 0xb2, 0xdd, 0x70, 0xdd, 0x4f, 0xd5, 0x2e, 0xd5, 0x4f, 0xd5,
        0x50, 0xd5, 0x0f, 0xcd, 0x8d, 0xbc, 0x8d, 0xbc, 0x6a, 0x9b, 0xa7, 0x82,
        0x66, 0x7a, 0xa7, 0x7a, 0xa7, 0x82, 0xa7, 0x82, 0xc6, 0x8a, 0xca, 0xa3,
        0x8c, 0xc4, 0x2f, 0xd5, 0x91, 0xdd, 0x35, 0xe6, 0xd9, 0xee, 0xd9, 0xee,
        0x57, 0xde, 0xfa, 0xee, 0x5c, 0xf7, 0xff, 0xff, 0x00, 0x00, 0x00, 0x00,
        0x00, 0x00, 0x00, 0x00, 0x00, 0x00, 0x00, 0x00, 0x00, 0x00, 0x00, 0x00,
        0x00, 0x00, 0x00, 0x00, 0x00, 0x00, 0x00, 0x00, 0x00, 0x00, 0x00, 0x00,
        0x00, 0x00, 0x00, 0x00, 0x00, 0x00, 0x00, 0x00, 0x00, 0x00, 0x00, 0x00,
        0x00, 0x00, 0x00, 0x00, 0x00, 0x00, 0x00, 0x00, 0x00, 0x00, 0x00, 0x00,
        0x00, 0x00, 0x00, 0x00, 0x00, 0x00, 0x00, 0x00, 0x00, 0x00, 0x00, 0x00,
        0x00, 0x00, 0x00, 0x00, 0x00, 0x00, 0x00, 0x00, 0x00, 0x00, 0x00, 0x00,
        0x00, 0x00, 0x00, 0x00, 0x00, 0x00, 0x00, 0x00, 0x00, 0x00, 0x00, 0x00,
        0x00, 0x00, 0x00, 0x00, 0x00, 0x00, 0x00, 0x00, 0x00, 0x00, 0x00, 0x00,
        0x00, 0x00, 0x00, 0x00, 0x00, 0x00, 0x00, 0x00, 0x00, 0x00, 0x00, 0x00,
        0x00, 0x00, 0x00, 0x00, 0x00, 0x00, 0x00, 0x00, 0x00, 0x00, 0x00, 0x00,
        0x00, 0x00, 0x00, 0x00, 0x00, 0x00, 0x00, 0x00, 0x00, 0x00, 0x00, 0x00,
        0x00, 0x00, 0x00, 0x00, 0x00, 0x00, 0x00, 0x00, 0x00, 0x00, 0x00, 0x00,
        0x00, 0x00, 0x00, 0x00, 0x00, 0x00, 0x00, 0x00, 0x00, 0x00, 0x00, 0x00,
        0x00, 0x00, 0x00, 0x00, 0x00, 0x00, 0x00, 0x00, 0x00, 0x00, 0x00, 0x00,
        0x00, 0x00, 0x00, 0x00, 0x00, 0x00, 0x00, 0x00, 0x00, 0x00, 0x00, 0x00,
        0x00, 0x00, 0x00, 0x00, 0x00, 0x00, 0x00, 0x00, 0x00, 0x00, 0x00, 0x00,
        0x00, 0x00, 0x00, 0x00, 0x00, 0x00, 0x00, 0x00, 0x00, 0x00, 0x00, 0x00,
        0x00, 0x00, 0x00, 0x00, 0x00, 0x00, 0x00, 0x00, 0x00, 0x00, 0x00, 0x00,
        0x00, 0x00, 0x00, 0x00, 0x00, 0x00, 0x00, 0x00, 0x00, 0x00, 0x00, 0x00,
        0x00, 0x00, 0x00, 0x00, 0x00, 0x00, 0x00, 0x00, 0x00, 0x00, 0x00, 0x00,
        0x00, 0x00, 0xff, 0xff, 0x00, 0x00, 0x7d, 0xf7, 0x36, 0xe6, 0x14, 0xee,
        0x55, 0xee, 0x55, 0xee, 0x33, 0xf6, 0x14, 0xee, 0x14, 0xee, 0x96, 0xf6,
        0xd8, 0xf6, 0xd8, 0xf6, 0xd8, 0xf6, 0xf9, 0xf6, 0xd8, 0xf6, 0xd8, 0xf6,
        0x96, 0xf6, 0x14, 0xee, 0xf3, 0xe5, 0x91, 0xd5, 0xcd, 0xcc, 0x29, 0xc4,
        0xc9, 0xbb, 0x87, 0xb3, 0x29, 0xc4, 0xcc, 0xcc, 0x0d, 0xd5, 0x8c, 0xcc,
        0x0d, 0xd5, 0x70, 0xdd, 0x70, 0xdd, 0x91, 0xdd, 0x14, 0xee, 0x14, 0xee,
        0x55, 0xee, 0x33, 0xf6, 0x33, 0xf6, 0x54, 0xee, 0xf2, 0xed, 0xd1, 0xed,
        0x8f, 0xe5, 0x4e, 0xe5, 0xab, 0xd4, 0x6a, 0xcc, 0x87, 0xb3, 0xab, 0xd4,
        0x6a, 0xcc, 0xc9, 0xbb, 0x29, 0xc4, 0x6a, 0xcc, 0xab, 0xd4, 0xab, 0xd4,
        0x6a, 0xcc, 0x29, 0xc4, 0x6a, 0xcc, 0x6a, 0xcc, 0x29, 0xc4, 0x87, 0xb3,
        0x07, 0x9b, 0xc6, 0x8a, 0x65, 0x82, 0x65, 0x82, 0x25, 0x72, 0x07, 0x9b,
        0x66, 0x7a, 0xc4, 0x61, 0x65, 0x82, 0xce, 0xc4, 0x97, 0xee, 0xd9, 0xee,
        0xf9, 0xee, 0xf9, 0xee, 0x97, 0xee, 0x15, 0xe6, 0x71, 0xd5, 0xae, 0xbc,
        0x6d, 0xb4, 0xef, 0xc4, 0x30, 0xcd, 0x0f, 0xcd, 0x14, 0xde, 0x35, 0xe6,
        0xd8, 0xee, 0xd8, 0xee, 0x76, 0xee, 0x35, 0xde, 0x51, 0xcd, 0x4c, 0xbc,
        0x8d, 0xbc, 0x09, 0xb4, 0xa9, 0xab, 0x09, 0xb4, 0x6b, 0xc4, 0xcd, 0xcc,
        0xcd, 0xcc, 0xce, 0xc4, 0x6d, 0xb4, 0xca, 0xa3, 0xcb, 0x9b, 0xa7, 0x82,
        0x26, 0x6a, 0x26, 0x6a, 0x66, 0x7a, 0xa7, 0x82, 0xe8, 0x82, 0x68, 0xa3,
        0x4c, 0xbc, 0x0f, 0xcd, 0xd2, 0xe5, 0x55, 0xee, 0xd9, 0xee, 0xfa, 0xee,
        0xb9, 0xee, 0x1b, 0xf7, 0xff, 0xff, 0xff, 0xff, 0x00, 0x00, 0x00, 0x00,
        0x00, 0x00, 0x00, 0x00, 0x00, 0x00, 0x00, 0x00, 0x00, 0x00, 0x00, 0x00,
        0x00, 0x00, 0x00, 0x00, 0x00, 0x00, 0x00, 0x00, 0x00, 0x00, 0x00, 0x00,
        0x00, 0x00, 0x00, 0x00, 0x00, 0x00, 0x00, 0x00, 0x00, 0x00, 0x00, 0x00,
        0x00, 0x00, 0x00, 0x00, 0x00, 0x00, 0x00, 0x00, 0x00, 0x00, 0x00, 0x00,
        0x00, 0x00, 0x00, 0x00, 0x00, 0x00, 0x00, 0x00, 0x00, 0x00, 0x00, 0x00,
        0x00, 0x00, 0x00, 0x00, 0x00, 0x00, 0x00, 0x00, 0x00, 0x00, 0x00, 0x00,
        0x00, 0x00, 0x00, 0x00, 0x00, 0x00, 0x00, 0x00, 0x00, 0x00, 0x00, 0x00,
        0x00, 0x00, 0x00, 0x00, 0x00, 0x00, 0x00, 0x00, 0x00, 0x00, 0x00, 0x00,
        0x00, 0x00, 0x00, 0x00, 0x00, 0x00, 0x00, 0x00, 0x00, 0x00, 0x00, 0x00,
        0x00, 0x00, 0x00, 0x00, 0x00, 0x00, 0x00, 0x00, 0x00, 0x00, 0x00, 0x00,
        0x00, 0x00, 0x00, 0x00, 0x00, 0x00, 0x00, 0x00, 0x00, 0x00, 0x00, 0x00,
        0x00, 0x00, 0x00, 0x00, 0x00, 0x00, 0x00, 0x00, 0x00, 0x00, 0x00, 0x00,
        0x00, 0x00, 0x00, 0x00, 0x00, 0x00, 0x00, 0x00, 0x00, 0x00, 0x00, 0x00,
        0x00, 0x00, 0x00, 0x00, 0x00, 0x00, 0x00, 0x00, 0x00, 0x00, 0x00, 0x00,
        0x00, 0x00, 0x00, 0x00, 0x00, 0x00, 0x00, 0x00, 0x00, 0x00, 0x00, 0x00,
        0x00, 0x00, 0x00, 0x00, 0x00, 0x00, 0x00, 0x00, 0x00, 0x00, 0x00, 0x00,
        0x00, 0x00, 0x00, 0x00, 0x00, 0x00, 0x00, 0x00, 0x00, 0x00, 0x00, 0x00,
        0x00, 0x00, 0x00, 0x00, 0x00, 0x00, 0x00, 0x00, 0x00, 0x00, 0x00, 0x00,
        0x00, 0x00, 0x00, 0x00, 0x00, 0x00, 0x00, 0x00, 0x00, 0x00, 0x00, 0x00,
        0x00, 0x00, 0x00, 0x00, 0x00, 0x00, 0x00, 0x00, 0x00, 0x00, 0x00, 0x00,
        0x00, 0x00, 0xff, 0xff, 0x00, 0x00, 0x7d, 0xf7, 0xf4, 0xdd, 0x50, 0xd5,
        0xd2, 0xe5, 0xd2, 0xe5, 0x2e, 0xd5, 0x0d, 0xd5, 0x4f, 0xdd, 0x90, 0xe5,
        0x4f, 0xdd, 0x70, 0xdd, 0x91, 0xdd, 0xd1, 0xe5, 0xf3, 0xed, 0xf3, 0xed,
        0xd2, 0xe5, 0x4f, 0xdd, 0xcc, 0xcc, 0xcc, 0xcc, 0xcd, 0xcc, 0x0f, 0xcd,
        0xee, 0xcc, 0xee, 0xcc, 0xee, 0xcc, 0xcc, 0xcc, 0xd1, 0xe5, 0x90, 0xe5,
        0xd1, 0xe5, 0x14, 0xee, 0xd1, 0xe5, 0x35, 0xe6, 0x76, 0xee, 0x95, 0xf6,
        0x95, 0xf6, 0x96, 0xf6, 0x96, 0xf6, 0x33, 0xf6, 0x13, 0xee, 0x13, 0xee,
        0xf2, 0xed, 0x8f, 0xe5, 0xab, 0xd4, 0x6a, 0xcc, 0x29, 0xc4, 0xab, 0xd4,
        0xc9, 0xbb, 0xc9, 0xbb, 0xc9, 0xbb, 0x29, 0xc4, 0x6a, 0xcc, 0x6a, 0xcc,
        0x29, 0xc4, 0xc9, 0xbb, 0x6b, 0xc4, 0x29, 0xc4, 0x29, 0xc4, 0x87, 0xb3,
        0xc6, 0x8a, 0xc6, 0x8a, 0x65, 0x82, 0x25, 0x72, 0xc4, 0x61, 0xc4, 0x61,
        0x65, 0x82, 0x84, 0x59, 0x66, 0x7a, 0xad, 0xc4, 0x14, 0xe6, 0xd9, 0xee,
        0x1a, 0xf7, 0xd9, 0xee, 0xb8, 0xee, 0xf9, 0xee, 0xf9, 0xee, 0xb8, 0xf6,
        0xb7, 0xf6, 0xb8, 0xee, 0xb8, 0xee, 0x35, 0xe6, 0xd8, 0xee, 0x98, 0xe6,
        0x76, 0xee, 0x36, 0xe6, 0x92, 0xd5, 0x2c, 0xb4, 0xca, 0xa3, 0xc9, 0xb3,
        0xa9, 0xab, 0xc9, 0xb3, 0x4b, 0xbc, 0x6b, 0xc4, 0x8c, 0xcc, 0x8c, 0xcc,
        0xac, 0xc4, 0xce, 0xc4, 0xce, 0xc4, 0x6d, 0xb4, 0x28, 0x93, 0xa7, 0x7a,
        0x26, 0x6a, 0xc4, 0x61, 0x26, 0x6a, 0x26, 0x6a, 0xe8, 0x82, 0x48, 0x9b,
        0xea, 0xab, 0x8c, 0xc4, 0x0f, 0xcd, 0x14, 0xe6, 0xd8, 0xee, 0xfa, 0xf6,
        0xd9, 0xee, 0x5c, 0xf7, 0xff, 0xff, 0xff, 0xff, 0x00, 0x00, 0x00, 0x00,
        0x00, 0x00, 0x00, 0x00, 0x00, 0x00, 0x00, 0x00, 0x00, 0x00, 0x00, 0x00,
        0x00, 0x00, 0x00, 0x00, 0x00, 0x00, 0x00, 0x00, 0x00, 0x00, 0x00, 0x00,
        0x00, 0x00, 0x00, 0x00, 0x00, 0x00, 0x00, 0x00, 0x00, 0x00, 0x00, 0x00,
        0x00, 0x00, 0x00, 0x00, 0x00, 0x00, 0x00, 0x00, 0x00, 0x00, 0x00, 0x00,
        0x00, 0x00, 0x00, 0x00, 0x00, 0x00, 0x00, 0x00, 0x00, 0x00, 0x00, 0x00,
        0x00, 0x00, 0x00, 0x00, 0x00, 0x00, 0x00, 0x00, 0x00, 0x00, 0x00, 0x00,
        0x00, 0x00, 0x00, 0x00, 0x00, 0x00, 0x00, 0x00, 0x00, 0x00, 0x00, 0x00,
        0x00, 0x00, 0x00, 0x00, 0x00, 0x00, 0x00, 0x00, 0x00, 0x00, 0x00, 0x00,
        0x00, 0x00, 0x00, 0x00, 0x00, 0x00, 0x00, 0x00, 0x00, 0x00, 0x00, 0x00,
        0x00, 0x00, 0x00, 0x00, 0x00, 0x00, 0x00, 0x00, 0x00, 0x00, 0x00, 0x00,
        0x00, 0x00, 0x00, 0x00, 0x00, 0x00, 0x00, 0x00, 0x00, 0x00, 0x00, 0x00,
        0x00, 0x00, 0x00, 0x00, 0x00, 0x00, 0x00, 0x00, 0x00, 0x00, 0x00, 0x00,
        0x00, 0x00, 0x00, 0x00, 0x00, 0x00, 0x00, 0x00, 0x00, 0x00, 0x00, 0x00,
        0x00, 0x00, 0x00, 0x00, 0x00, 0x00, 0x00, 0x00, 0x00, 0x00, 0x00, 0x00,
        0x00, 0x00, 0x00, 0x00, 0x00, 0x00, 0x00, 0x00, 0x00, 0x00, 0x00, 0x00,
        0x00, 0x00, 0x00, 0x00, 0x00, 0x00, 0x00, 0x00, 0x00, 0x00, 0x00, 0x00,
        0x00, 0x00, 0x00, 0x00, 0x00, 0x00, 0x00, 0x00, 0x00, 0x00, 0x00, 0x00,
        0x00, 0x00, 0x00, 0x00, 0x00, 0x00, 0x00, 0x00, 0x00, 0x00, 0x00, 0x00,
        0x00, 0x00, 0x00, 0x00, 0x00, 0x00, 0x00, 0x00, 0x00, 0x00, 0x00, 0x00,
        0x00, 0x00, 0x00, 0x00, 0x00, 0x00, 0x00, 0x00, 0x00, 0x00, 0x00, 0x00,
        0x00, 0x00, 0xff, 0xff, 0x00, 0x00, 0x7d, 0xf7, 0xf4, 0xdd, 0xee, 0xcc,
        0xce, 0xc4, 0xee, 0xcc, 0xcd, 0xcc, 0xcc, 0xcc, 0x8c, 0xcc, 0x29, 0xc4,
        0x29, 0xc4, 0xc9, 0xbb, 0x29, 0xc4, 0x8c, 0xcc, 0x2e, 0xd5, 0x4f, 0xdd,
        0x4f, 0xd5, 0x0d, 0xd5, 0x0d, 0xd5, 0xec, 0xdc, 0x8c, 0xcc, 0xcc, 0xcc,
        0x4e, 0xe5, 0xd1, 0xe5, 0xf3, 0xed, 0x14, 0xee, 0x34, 0xe6, 0x54, 0xee,
        0x96, 0xee, 0x95, 0xf6, 0x96, 0xf6, 0x95, 0xf6, 0x95, 0xf6, 0x96, 0xf6,
        0x54, 0xee, 0x95, 0xf6, 0xb7, 0xf6, 0x95, 0xf6, 0x95, 0xf6, 0x33, 0xf6,
        0xf2, 0xed, 0x8f, 0xe5, 0xab, 0xd4, 0x6a, 0xcc, 0xab, 0xd4, 0xc9, 0xbb,
        0xc9, 0xbb, 0xea, 0xab, 0xc6, 0x8a, 0xc6, 0x8a, 0x47, 0xa3, 0x87, 0xb3,
        0x87, 0xb3, 0xc9, 0xbb, 0x6b, 0xc4, 0x29, 0xc4, 0x29, 0xc4, 0xc9, 0xbb,
        0x07, 0x9b, 0x65, 0x82, 0x25, 0x72, 0xc4, 0x61, 0xc4, 0x61, 0x84, 0x59,
        0x66, 0x7a, 0xc4, 0x61, 0x25, 0x72, 0x2b, 0xb4, 0xd3, 0xdd, 0xb8, 0xf6,
        0x1a, 0xf7, 0x1a, 0xf7, 0xd8, 0xf6, 0xd9, 0xee, 0x97, 0xee, 0x98, 0xe6,
        0x77, 0xe6, 0x77, 0xe6, 0x77, 0xe6, 0x15, 0xde, 0x36, 0xe6, 0x92, 0xd5,
        0xef, 0xc4, 0x8d, 0xbc, 0x48, 0x9b, 0xc6, 0x8a, 0x89, 0xa3, 0xa9, 0xab,
        0xc9, 0xb3, 0x2b, 0xbc, 0x6b, 0xc4, 0x4b, 0xbc, 0x6b, 0xc4, 0x6b, 0xc4,
        0x8c, 0xcc, 0x8c, 0xc4, 0x2b, 0xb4, 0x6d, 0xb4, 0x2b, 0xb4, 0xcb, 0x9b,
        0x29, 0x83, 0x47, 0x6a, 0xc5, 0x51, 0xc5, 0x51, 0x26, 0x6a, 0xe8, 0x82,
        0xc9, 0xb3, 0x8c, 0xc4, 0xcd, 0xcc, 0x91, 0xdd, 0xd8, 0xee, 0xfa, 0xf6,
        0xfa, 0xee, 0xbf, 0xff, 0x00, 0x00, 0x1f, 0xfc, 0x00, 0x00, 0x00, 0x00,
        0x00, 0x00, 0x00, 0x00, 0x00, 0x00, 0x00, 0x00, 0x00, 0x00, 0x00, 0x00,
        0x00, 0x00, 0x00, 0x00, 0x00, 0x00, 0x00, 0x00, 0x00, 0x00, 0x00, 0x00,
        0x00, 0x00, 0x00, 0x00, 0x00, 0x00, 0x00, 0x00, 0x00, 0x00, 0x00, 0x00,
        0x00, 0x00, 0x00, 0x00, 0x00, 0x00, 0x00, 0x00, 0x00, 0x00, 0x00, 0x00,
        0x00, 0x00, 0x00, 0x00, 0x00, 0x00, 0x00, 0x00, 0x00, 0x00, 0x00, 0x00,
        0x00, 0x00, 0x00, 0x00, 0x00, 0x00, 0x00, 0x00, 0x00, 0x00, 0x00, 0x00,
        0x00, 0x00, 0x00, 0x00, 0x00, 0x00, 0x00, 0x00, 0x00, 0x00, 0x00, 0x00,
        0x00, 0x00, 0x00, 0x00, 0x00, 0x00, 0x00, 0x00, 0x00, 0x00, 0x00, 0x00,
        0x00, 0x00, 0x00, 0x00, 0x00, 0x00, 0x00, 0x00, 0x00, 0x00, 0x00, 0x00,
        0x00, 0x00, 0x00, 0x00, 0x00, 0x00, 0x00, 0x00, 0x00, 0x00, 0x00, 0x00,
        0x00, 0x00, 0x00, 0x00, 0x00, 0x00, 0x00, 0x00, 0x00, 0x00, 0x00, 0x00,
        0x00, 0x00, 0x00, 0x00, 0x00, 0x00, 0x00, 0x00, 0x00, 0x00, 0x00, 0x00,
        0x00, 0x00, 0x00, 0x00, 0x00, 0x00, 0x00, 0x00, 0x00, 0x00, 0x00, 0x00,
        0x00, 0x00, 0x00, 0x00, 0x00, 0x00, 0x00, 0x00, 0x00, 0x00, 0x00, 0x00,
        0x00, 0x00, 0x00, 0x00, 0x00, 0x00, 0x00, 0x00, 0x00, 0x00, 0x00, 0x00,
        0x00, 0x00, 0x00, 0x00, 0x00, 0x00, 0x00, 0x00, 0x00, 0x00, 0x00, 0x00,
        0x00, 0x00, 0x00, 0x00, 0x00, 0x00, 0x00, 0x00, 0x00, 0x00, 0x00, 0x00,
        0x00, 0x00, 0x00, 0x00, 0x00, 0x00, 0x00, 0x00, 0x00, 0x00, 0x00, 0x00,
        0x00, 0x00, 0x00, 0x00, 0x00, 0x00, 0x00, 0x00, 0x00, 0x00, 0x00, 0x00,
        0x00, 0x00, 0x00, 0x00, 0x00, 0x00, 0x00, 0x00, 0x00, 0x00, 0x00, 0x00,
        0x00, 0x00, 0xff, 0xff, 0x00, 0x00, 0x5c, 0xf7, 0x15, 0xde, 0x50, 0xd5,
        0xce, 0xc4, 0x0f, 0xcd, 0x2f, 0xd5, 0xcd, 0xcc, 0x8c, 0xc4, 0x09, 0xb4,
        0x4b, 0xbc, 0x2b, 0xbc, 0x4b, 0xbc, 0x29, 0xc4, 0xc9, 0xbb, 0x6b, 0xc4,
        0xcc, 0xcc, 0x8c, 0xcc, 0x0d, 0xd5, 0x90, 0xe5, 0x4f, 0xdd, 0x4f, 0xdd,
        0x8f, 0xe5, 0xd1, 0xed, 0xf2, 0xed, 0x54, 0xee, 0xd8, 0xf6, 0xb7, 0xf6,
        0x55, 0xee, 0x54, 0xee, 0x14, 0xee, 0xf2, 0xed, 0x8f, 0xe5, 0x8f, 0xe5,
        0x33, 0xf6, 0x95, 0xf6, 0xb7, 0xf6, 0xb7, 0xf6, 0x95, 0xf6, 0x33, 0xf6,
        0xf2, 0xed, 0x13, 0xee, 0xec, 0xdc, 0x07, 0x9b, 0xa9, 0xab, 0xa9, 0xab,
        0x07, 0x9b, 0x89, 0xa3, 0x07, 0x9b, 0x06, 0x8a, 0x06, 0x8a, 0x06, 0x8a,
        0x06, 0x8a, 0x07, 0x9b, 0x68, 0xa3, 0x09, 0xb4, 0x68, 0xa3, 0x68, 0xa3,
        0x07, 0x9b, 0x65, 0x82, 0xc4, 0x61, 0xc4, 0x61, 0x25, 0x72, 0xc4, 0x61,
        0x66, 0x7a, 0x25, 0x72, 0x66, 0x7a, 0x68, 0xa3, 0x91, 0xd5, 0xb8, 0xf6,
        0x77, 0xe6, 0x56, 0xe6, 0x97, 0xee, 0x76, 0xee, 0x15, 0xe6, 0x56, 0xe6,
        0x77, 0xe6, 0xf4, 0xdd, 0xd3, 0xdd, 0x51, 0xcd, 0x8d, 0xbc, 0x6d, 0xb4,
        0xea, 0xab, 0x47, 0xa3, 0x48, 0x9b, 0x89, 0xa3, 0x68, 0xa3, 0x68, 0xa3,
        0xc9, 0xb3, 0x2b, 0xbc, 0x4b, 0xbc, 0x09, 0xb4, 0x09, 0xb4, 0x4b, 0xbc,
        0xc9, 0xb3, 0xc9, 0xb3, 0x2b, 0xb4, 0xca, 0xa3, 0x0c, 0xac, 0xcb, 0x9b,
        0xa7, 0x7a, 0xc9, 0x7a, 0x88, 0x6a, 0x06, 0x5a, 0x26, 0x6a, 0xa7, 0x82,
        0x89, 0xa3, 0x4c, 0xbc, 0xce, 0xc4, 0x50, 0xd5, 0x35, 0xe6, 0xfa, 0xf6,
        0xfa, 0xee, 0xff, 0xff, 0x00, 0x00, 0xff, 0xff, 0x00, 0x00, 0x00, 0x00,
        0x00, 0x00, 0x00, 0x00, 0x00, 0x00, 0x00, 0x00, 0x00, 0x00, 0x00, 0x00,
        0x00, 0x00, 0x00, 0x00, 0x00, 0x00, 0x00, 0x00, 0x00, 0x00, 0x00, 0x00,
        0x00, 0x00, 0x00, 0x00, 0x00, 0x00, 0x00, 0x00, 0x00, 0x00, 0x00, 0x00,
        0x00, 0x00, 0x00, 0x00, 0x00, 0x00, 0x00, 0x00, 0x00, 0x00, 0x00, 0x00,
        0x00, 0x00, 0x00, 0x00, 0x00, 0x00, 0x00, 0x00, 0x00, 0x00, 0x00, 0x00,
        0x00, 0x00, 0x00, 0x00, 0x00, 0x00, 0x00, 0x00, 0x00, 0x00, 0x00, 0x00,
        0x00, 0x00, 0x00, 0x00, 0x00, 0x00, 0x00, 0x00, 0x00, 0x00, 0x00, 0x00,
        0x00, 0x00, 0x00, 0x00, 0x00, 0x00, 0x00, 0x00, 0x00, 0x00, 0x00, 0x00,
        0x00, 0x00, 0x00, 0x00, 0x00, 0x00, 0x00, 0x00, 0x00, 0x00, 0x00, 0x00,
        0x00, 0x00, 0x00, 0x00, 0x00, 0x00, 0x00, 0x00, 0x00, 0x00, 0x00, 0x00,
        0x00, 0x00, 0x00, 0x00, 0x00, 0x00, 0x00, 0x00, 0x00, 0x00, 0x00, 0x00,
        0x00, 0x00, 0x00, 0x00, 0x00, 0x00, 0x00, 0x00, 0x00, 0x00, 0x00, 0x00,
        0x00, 0x00, 0x00, 0x00, 0x00, 0x00, 0x00, 0x00, 0x00, 0x00, 0x00, 0x00,
        0x00, 0x00, 0x00, 0x00, 0x00, 0x00, 0x00, 0x00, 0x00, 0x00, 0x00, 0x00,
        0x00, 0x00, 0x00, 0x00, 0x00, 0x00, 0x00, 0x00, 0x00, 0x00, 0x00, 0x00,
        0x00, 0x00, 0x00, 0x00, 0x00, 0x00, 0x00, 0x00, 0x00, 0x00, 0x00, 0x00,
        0x00, 0x00, 0x00, 0x00, 0x00, 0x00, 0x00, 0x00, 0x00, 0x00, 0x00, 0x00,
        0x00, 0x00, 0x00, 0x00, 0x00, 0x00, 0x00, 0x00, 0x00, 0x00, 0x00, 0x00,
        0x00, 0x00, 0x00, 0x00, 0x00, 0x00, 0x00, 0x00, 0x00, 0x00, 0x00, 0x00,
        0x00, 0x00, 0x00, 0x00, 0x00, 0x00, 0x00, 0x00, 0x00, 0x00, 0x00, 0x00,
        0x00, 0x00, 0xff, 0xff, 0x00, 0x00, 0xff, 0xff, 0x77, 0xe6, 0x14, 0xde,
        0x70, 0xd5, 0x8c, 0xc4, 0x2b, 0xbc, 0x8c, 0xc4, 0xcd, 0xcc, 0xce, 0xc4,
        0x2f, 0xd5, 0x2f, 0xd5, 0x70, 0xd5, 0x91, 0xd5, 0x50, 0xcd, 0x0f, 0xcd,
        0xee, 0xcc, 0x91, 0xdd, 0x55, 0xee, 0xb8, 0xf6, 0xb7, 0xf6, 0xb7, 0xf6,
        0x76, 0xee, 0x76, 0xee, 0xd8, 0xf6, 0xf8, 0xfe, 0x1a, 0xf7, 0xf8, 0xfe,
        0xd8, 0xf6, 0xb7, 0xf6, 0x33, 0xf6, 0xec, 0xdc, 0x29, 0xc4, 0xab, 0xd4,
        0x6a, 0xcc, 0x8f, 0xe5, 0x33, 0xf6, 0x75, 0xf6, 0x75, 0xf6, 0x75, 0xf6,
        0x95, 0xf6, 0xd8, 0xf6, 0x70, 0xdd, 0x06, 0x8a, 0x25, 0x72, 0x06, 0x8a,
        0x68, 0xa3, 0xc9, 0xbb, 0xe8, 0xb2, 0x66, 0xa2, 0x66, 0xa2, 0x66, 0xa2,
        0x66, 0xa2, 0x66, 0xa2, 0x06, 0x8a, 0x06, 0x8a, 0x25, 0x72, 0x66, 0x7a,
        0xc6, 0x8a, 0xa7, 0x82, 0x25, 0x72, 0x25, 0x72, 0x25, 0x72, 0x25, 0x72,
        0x25, 0x72, 0x65, 0x82, 0xa7, 0x82, 0x89, 0xa3, 0x0f, 0xcd, 0x15, 0xe6,
        0x14, 0xde, 0xd3, 0xdd, 0xd3, 0xdd, 0xd3, 0xdd, 0x30, 0xcd, 0x30, 0xcd,
        0xf4, 0xdd, 0x30, 0xcd, 0x8d, 0xbc, 0xce, 0xc4, 0x6d, 0xb4, 0x2c, 0xb4,
        0x6d, 0xb4, 0x8d, 0xbc, 0x48, 0x9b, 0x89, 0xa3, 0xa9, 0xab, 0xc9, 0xb3,
        0xc9, 0xb3, 0xa9, 0xab, 0xc9, 0xb3, 0x4b, 0xbc, 0x09, 0xb4, 0xc9, 0xb3,
        0x2b, 0xbc, 0x2b, 0xbc, 0xea, 0xab, 0xca, 0xa3, 0x0c, 0xac, 0x0c, 0xac,
        0x29, 0x83, 0x06, 0x5a, 0xc5, 0x51, 0xc5, 0x51, 0xc5, 0x51, 0xa7, 0x7a,
        0xca, 0xa3, 0xce, 0xc4, 0x50, 0xcd, 0x91, 0xd5, 0x55, 0xee, 0xfa, 0xf6,
        0x1b, 0xf7, 0x7d, 0xf7, 0x00, 0x00, 0xff, 0xff, 0x00, 0x00, 0x00, 0x00,
        0x00, 0x00, 0x00, 0x00, 0x00, 0x00, 0x00, 0x00, 0x00, 0x00, 0x00, 0x00,
        0x00, 0x00, 0x00, 0x00, 0x00, 0x00, 0x00, 0x00, 0x00, 0x00, 0x00, 0x00,
        0x00, 0x00, 0x00, 0x00, 0x00, 0x00, 0x00, 0x00, 0x00, 0x00, 0x00, 0x00,
        0x00, 0x00, 0x00, 0x00, 0x00, 0x00, 0x00, 0x00, 0x00, 0x00, 0x00, 0x00,
        0x00, 0x00, 0x00, 0x00, 0x00, 0x00, 0x00, 0x00, 0x00, 0x00, 0x00, 0x00,
        0x00, 0x00, 0x00, 0x00, 0x00, 0x00, 0x00, 0x00, 0x00, 0x00, 0x00, 0x00,
        0x00, 0x00, 0x00, 0x00, 0x00, 0x00, 0x00, 0x00, 0x00, 0x00, 0x00, 0x00,
        0x00, 0x00, 0x00, 0x00, 0x00, 0x00, 0x00, 0x00, 0x00, 0x00, 0x00, 0x00,
        0x00, 0x00, 0x00, 0x00, 0x00, 0x00, 0x00, 0x00, 0x00, 0x00, 0x00, 0x00,
        0x00, 0x00, 0x00, 0x00, 0x00, 0x00, 0x00, 0x00, 0x00, 0x00, 0x00, 0x00,
        0x00, 0x00, 0x00, 0x00, 0x00, 0x00, 0x00, 0x00, 0x00, 0x00, 0x00, 0x00,
        0x00, 0x00, 0x00, 0x00, 0x00, 0x00, 0x00, 0x00, 0x00, 0x00, 0x00, 0x00,
        0x00, 0x00, 0x00, 0x00, 0x00, 0x00, 0x00, 0x00, 0x00, 0x00, 0x00, 0x00,
        0x00, 0x00, 0x00, 0x00, 0x00, 0x00, 0x00, 0x00, 0x00, 0x00, 0x00, 0x00,
        0x00, 0x00, 0x00, 0x00, 0x00, 0x00, 0x00, 0x00, 0x00, 0x00, 0x00, 0x00,
        0x00, 0x00, 0x00, 0x00, 0x00, 0x00, 0x00, 0x00, 0x00, 0x00, 0x00, 0x00,
        0x00, 0x00, 0x00, 0x00, 0x00, 0x00, 0x00, 0x00, 0x00, 0x00, 0x00, 0x00,
        0x00, 0x00, 0x00, 0x00, 0x00, 0x00, 0x00, 0x00, 0x00, 0x00, 0x00, 0x00,
        0x00, 0x00, 0x00, 0x00, 0x00, 0x00, 0x00, 0x00, 0x00, 0x00, 0x00, 0x00,
        0x00, 0x00, 0x00, 0x00, 0x00, 0x00, 0x00, 0x00, 0x00, 0x00, 0x00, 0x00,
        0x00, 0x00, 0x00, 0x00, 0xff, 0xff, 0x00, 0x00, 0xff, 0xff, 0x1b, 0xf7,
        0x55, 0xee, 0x50, 0xcd, 0xac, 0xc4, 0xac, 0xc4, 0x8c, 0xcc, 0x8c, 0xcc,
        0x0d, 0xd5, 0x70, 0xdd, 0xd2, 0xe5, 0xd1, 0xe5, 0x91, 0xdd, 0xb2, 0xdd,
        0xd2, 0xe5, 0x14, 0xe6, 0x96, 0xee, 0xf9, 0xf6, 0x3a, 0xf7, 0x3a, 0xf7,
        0x1a, 0xf7, 0xf9, 0xf6, 0x1a, 0xf7, 0x3a, 0xf7, 0x5b, 0xff, 0x39, 0xff,
        0x39, 0xff, 0xf8, 0xfe, 0xb7, 0xf6, 0x33, 0xf6, 0xd1, 0xe5, 0x2e, 0xd5,
        0x09, 0xb4, 0xcc, 0xcc, 0xab, 0xd4, 0xab, 0xd4, 0x13, 0xee, 0xb7, 0xf6,
        0x39, 0xff, 0x5b, 0xff, 0x54, 0xee, 0xaf, 0xcc, 0x07, 0x9b, 0x84, 0x59,
        0x84, 0x59, 0x84, 0x59, 0xc6, 0x8a, 0xe8, 0xb2, 0x66, 0xa2, 0x66, 0xa2,
        0xe8, 0xb2, 0xe8, 0xb2, 0x66, 0xa2, 0x06, 0x8a, 0x25, 0x72, 0x84, 0x59,
        0x66, 0x7a, 0xa7, 0x82, 0x25, 0x72, 0x65, 0x82, 0x25, 0x72, 0x25, 0x72,
        0x65, 0x82, 0x07, 0x9b, 0x48, 0x9b, 0x68, 0xa3, 0xce, 0xc4, 0x50, 0xd5,
        0x15, 0xe6, 0x15, 0xde, 0x30, 0xcd, 0x71, 0xd5, 0xb2, 0xd5, 0x30, 0xcd,
        0x30, 0xcd, 0xef, 0xc4, 0xce, 0xc4, 0x51, 0xcd, 0xea, 0xab, 0xe7, 0x92,
        0xc6, 0x8a, 0x28, 0x93, 0xc6, 0x8a, 0x28, 0x93, 0x89, 0xa3, 0x07, 0x9b,
        0x68, 0xa3, 0x09, 0xb4, 0x2b, 0xbc, 0x2b, 0xbc, 0x09, 0xb4, 0xc9, 0xb3,
        0x4b, 0xbc, 0x4b, 0xbc, 0x2b, 0xb4, 0x2b, 0xb4, 0xca, 0xa3, 0xec, 0xa3,
        0x0c, 0xac, 0x4a, 0x8b, 0x88, 0x6a, 0x47, 0x6a, 0x47, 0x6a, 0x66, 0x7a,
        0xe7, 0x92, 0xea, 0xab, 0xce, 0xc4, 0xd3, 0xdd, 0x56, 0xe6, 0xfa, 0xf6,
        0x1b, 0xf7, 0xbf, 0xff, 0x00, 0x00, 0x00, 0x00, 0x00, 0x00, 0x00, 0x00,
        0x00, 0x00, 0x00, 0x00, 0x00, 0x00, 0x00, 0x00, 0x00, 0x00, 0x00, 0x00,
        0x00, 0x00, 0x00, 0x00, 0x00, 0x00, 0x00, 0x00, 0x00, 0x00, 0x00, 0x00,
        0x00, 0x00, 0x00, 0x00, 0x00, 0x00, 0x00, 0x00, 0x00, 0x00, 0x00, 0x00,
        0x00, 0x00, 0x00, 0x00, 0x00, 0x00, 0x00, 0x00, 0x00, 0x00, 0x00, 0x00,
        0x00, 0x00, 0x00, 0x00, 0x00, 0x00, 0x00, 0x00, 0x00, 0x00, 0x00, 0x00,
        0x00, 0x00, 0x00, 0x00, 0x00, 0x00, 0x00, 0x00, 0x00, 0x00, 0x00, 0x00,
        0x00, 0x00, 0x00, 0x00, 0x00, 0x00, 0x00, 0x00, 0x00, 0x00, 0x00, 0x00,
        0x00, 0x00, 0x00, 0x00, 0x00, 0x00, 0x00, 0x00, 0x00, 0x00, 0x00, 0x00,
        0x00, 0x00, 0x00, 0x00, 0x00, 0x00, 0x00, 0x00, 0x00, 0x00, 0x00, 0x00,
        0x00, 0x00, 0x00, 0x00, 0x00, 0x00, 0x00, 0x00, 0x00, 0x00, 0x00, 0x00,
        0x00, 0x00, 0x00, 0x00, 0x00, 0x00, 0x00, 0x00, 0x00, 0x00, 0x00, 0x00,
        0x00, 0x00, 0x00, 0x00, 0x00, 0x00, 0x00, 0x00, 0x00, 0x00, 0x00, 0x00,
        0x00, 0x00, 0x00, 0x00, 0x00, 0x00, 0x00, 0x00, 0x00, 0x00, 0x00, 0x00,
        0x00, 0x00, 0x00, 0x00, 0x00, 0x00, 0x00, 0x00, 0x00, 0x00, 0x00, 0x00,
        0x00, 0x00, 0x00, 0x00, 0x00, 0x00, 0x00, 0x00, 0x00, 0x00, 0x00, 0x00,
        0x00, 0x00, 0x00, 0x00, 0x00, 0x00, 0x00, 0x00, 0x00, 0x00, 0x00, 0x00,
        0x00, 0x00, 0x00, 0x00, 0x00, 0x00, 0x00, 0x00, 0x00, 0x00, 0x00, 0x00,
        0x00, 0x00, 0x00, 0x00, 0x00, 0x00, 0x00, 0x00, 0x00, 0x00, 0x00, 0x00,
        0x00, 0x00, 0x00, 0x00, 0x00, 0x00, 0x00, 0x00, 0x00, 0x00, 0x00, 0x00,
        0x00, 0x00, 0x00, 0x00, 0x00, 0x00, 0x00, 0x00, 0x00, 0x00, 0x00, 0x00,
        0x00, 0x00, 0x00, 0x00, 0x00, 0x00, 0xff, 0xff, 0x00, 0x00, 0xbf, 0xff,
        0xd9, 0xee, 0x96, 0xf6, 0x70, 0xdd, 0xee, 0xcc, 0x0d, 0xd5, 0x2e, 0xd5,
        0x4f, 0xd5, 0x90, 0xe5, 0xd1, 0xe5, 0x14, 0xee, 0x55, 0xee, 0x35, 0xe6,
        0x35, 0xe6, 0x55, 0xee, 0x76, 0xee, 0xd8, 0xf6, 0x5b, 0xff, 0x5b, 0xff,
        0x5b, 0xff, 0x5b, 0xff, 0x5b, 0xff, 0x7c, 0xff, 0x5b, 0xff, 0x5b, 0xff,
        0x39, 0xff, 0x5b, 0xff, 0x39, 0xff, 0x39, 0xff, 0x39, 0xff, 0xd8, 0xf6,
        0x96, 0xf6, 0x54, 0xee, 0xf2, 0xed, 0xf2, 0xed, 0xb7, 0xf6, 0xf8, 0xfe,
        0x5b, 0xff, 0x9d, 0xff, 0x7c, 0xff, 0x96, 0xee, 0xaf, 0xcc, 0xc9, 0xb3,
        0x25, 0x72, 0x23, 0x41, 0x23, 0x41, 0x66, 0xa2, 0xe8, 0xb2, 0x66, 0xa2,
        0xe8, 0xb2, 0xe8, 0xb2, 0xe8, 0xb2, 0x06, 0x8a, 0x25, 0x72, 0x25, 0x72,
        0x84, 0x59, 0x84, 0x59, 0x23, 0x41, 0xc4, 0x61, 0x65, 0x82, 0x65, 0x82,
        0x07, 0x9b, 0xc9, 0xb3, 0xea, 0xab, 0x2b, 0xbc, 0x2b, 0xbc, 0xad, 0xc4,
        0xb2, 0xd5, 0x50, 0xcd, 0xef, 0xc4, 0x2b, 0xb4, 0xad, 0xc4, 0xad, 0xc4,
        0x8d, 0xbc, 0x6d, 0xb4, 0x2c, 0xb4, 0x48, 0x9b, 0x89, 0xa3, 0x28, 0x93,
        0xa7, 0x82, 0x28, 0x93, 0x28, 0x93, 0xa7, 0x82, 0x07, 0x9b, 0xa9, 0xab,
        0x09, 0xb4, 0x09, 0xb4, 0xc9, 0xb3, 0x68, 0xa3, 0xc9, 0xb3, 0x8c, 0xc4,
        0x4b, 0xbc, 0x4c, 0xbc, 0x2b, 0xb4, 0x2b, 0xb4, 0x0c, 0xac, 0x0c, 0xac,
        0xcb, 0x9b, 0x29, 0x83, 0xa7, 0x7a, 0x26, 0x6a, 0x06, 0x5a, 0x66, 0x7a,
        0x28, 0x93, 0xca, 0xa3, 0x8c, 0xc4, 0x50, 0xcd, 0x35, 0xe6, 0xd8, 0xf6,
        0x1b, 0xf7, 0xbf, 0xff, 0xff, 0xff, 0x00, 0x00, 0x00, 0x00, 0x00, 0x00,
        0x00, 0x00, 0x00, 0x00, 0x00, 0x00, 0x00, 0x00, 0x00, 0x00, 0x00, 0x00,
        0x00, 0x00, 0x00, 0x00, 0x00, 0x00, 0x00, 0x00, 0x00, 0x00, 0x00, 0x00,
        0x00, 0x00, 0x00, 0x00, 0x00, 0x00, 0x00, 0x00, 0x00, 0x00, 0x00, 0x00,
        0x00, 0x00, 0x00, 0x00, 0x00, 0x00, 0x00, 0x00, 0x00, 0x00, 0x00, 0x00,
        0x00, 0x00, 0x00, 0x00, 0x00, 0x00, 0x00, 0x00, 0x00, 0x00, 0x00, 0x00,
        0x00, 0x00, 0x00, 0x00, 0x00, 0x00, 0x00, 0x00, 0x00, 0x00, 0x00, 0x00,
        0x00, 0x00, 0x00, 0x00, 0x00, 0x00, 0x00, 0x00, 0x00, 0x00, 0x00, 0x00,
        0x00, 0x00, 0x00, 0x00, 0x00, 0x00, 0x00, 0x00, 0x00, 0x00, 0x00, 0x00,
        0x00, 0x00, 0x00, 0x00, 0x00, 0x00, 0x00, 0x00, 0x00, 0x00, 0x00, 0x00,
        0x00, 0x00, 0x00, 0x00, 0x00, 0x00, 0x00, 0x00, 0x00, 0x00, 0x00, 0x00,
        0x00, 0x00, 0x00, 0x00, 0x00, 0x00, 0x00, 0x00, 0x00, 0x00, 0x00, 0x00,
        0x00, 0x00, 0x00, 0x00, 0x00, 0x00, 0x00, 0x00, 0x00, 0x00, 0x00, 0x00,
        0x00, 0x00, 0x00, 0x00, 0x00, 0x00, 0x00, 0x00, 0x00, 0x00, 0x00, 0x00,
        0x00, 0x00, 0x00, 0x00, 0x00, 0x00, 0x00, 0x00, 0x00, 0x00, 0x00, 0x00,
        0x00, 0x00, 0x00, 0x00, 0x00, 0x00, 0x00, 0x00, 0x00, 0x00, 0x00, 0x00,
        0x00, 0x00, 0x00, 0x00, 0x00, 0x00, 0x00, 0x00, 0x00, 0x00, 0x00, 0x00,
        0x00, 0x00, 0x00, 0x00, 0x00, 0x00, 0x00, 0x00, 0x00, 0x00, 0x00, 0x00,
        0x00, 0x00, 0x00, 0x00, 0x00, 0x00, 0x00, 0x00, 0x00, 0x00, 0x00, 0x00,
        0x00, 0x00, 0x00, 0x00, 0x00, 0x00, 0x00, 0x00, 0x00, 0x00, 0x00, 0x00,
        0x00, 0x00, 0x00, 0x00, 0x00, 0x00, 0x00, 0x00, 0x00, 0x00, 0x00, 0x00,
        0x00, 0x00, 0x00, 0x00, 0x00, 0x00, 0x00, 0x00, 0xff, 0xff, 0x00, 0x00,
        0x7d, 0xf7, 0xfa, 0xee, 0x76, 0xee, 0xb2, 0xdd, 0x70, 0xdd, 0x90, 0xe5,
        0xd1, 0xe5, 0xf3, 0xed, 0x14, 0xee, 0x55, 0xee, 0x54, 0xee, 0x14, 0xee,
        0x96, 0xee, 0xd8, 0xf6, 0xf9, 0xf6, 0xf9, 0xf6, 0x1a, 0xf7, 0x5b, 0xff,
        0x5b, 0xff, 0x5b, 0xff, 0x7c, 0xff, 0x7c, 0xff, 0x7c, 0xff, 0x7c, 0xff,
        0x5b, 0xff, 0x5b, 0xff, 0x5b, 0xff, 0x39, 0xff, 0x39, 0xff, 0xf8, 0xfe,
        0xd8, 0xf6, 0xf8, 0xfe, 0xf8, 0xfe, 0xf8, 0xfe, 0x39, 0xff, 0x7c, 0xff,
        0x9d, 0xff, 0x9d, 0xff, 0x5c, 0xf7, 0xf9, 0xf6, 0x35, 0xe6, 0x72, 0xdd,
        0x0c, 0xc4, 0x66, 0xa2, 0x06, 0x8a, 0xe8, 0xb2, 0xe8, 0xb2, 0x66, 0xa2,
        0xe8, 0xb2, 0xe8, 0xb2, 0x84, 0x59, 0xa3, 0x18, 0xa3, 0x18, 0xe3, 0x30,
        0xe3, 0x30, 0xa3, 0x18, 0xa3, 0x18, 0xc4, 0x61, 0xe7, 0x92, 0x65, 0x82,
        0xe7, 0x92, 0xa9, 0xab, 0xac, 0xc4, 0xee, 0xcc, 0x50, 0xcd, 0x30, 0xcd,
        0x0f, 0xcd, 0x0f, 0xcd, 0x4c, 0xbc, 0x6d, 0xb4, 0x4c, 0xbc, 0x07, 0x9b,
        0x48, 0x9b, 0xe7, 0x92, 0x65, 0x82, 0x25, 0x72, 0xa7, 0x82, 0x66, 0x7a,
        0x66, 0x7a, 0x28, 0x93, 0x89, 0xa3, 0x48, 0x9b, 0x48, 0x9b, 0xa9, 0xab,
        0xa9, 0xab, 0x68, 0xa3, 0xa9, 0xab, 0xa9, 0xab, 0xc9, 0xb3, 0x2b, 0xbc,
        0x8c, 0xc4, 0xad, 0xc4, 0x8d, 0xbc, 0x6d, 0xb4, 0x8d, 0xbc, 0x0c, 0xac,
        0x0c, 0xac, 0xcc, 0x93, 0x29, 0x83, 0x47, 0x6a, 0x84, 0x59, 0xc4, 0x61,
        0xa7, 0x82, 0x48, 0x9b, 0xad, 0xc4, 0x71, 0xd5, 0x35, 0xe6, 0xb9, 0xee,
        0x1b, 0xf7, 0xff, 0xff, 0xff, 0xff, 0x00, 0x00, 0x00, 0x00, 0x00, 0x00,
        0x00, 0x00, 0x00, 0x00, 0x00, 0x00, 0x00, 0x00, 0x00, 0x00, 0x00, 0x00,
        0x00, 0x00, 0x00, 0x00, 0x00, 0x00, 0x00, 0x00, 0x00, 0x00, 0x00, 0x00,
        0x00, 0x00, 0x00, 0x00, 0x00, 0x00, 0x00, 0x00, 0x00, 0x00, 0x00, 0x00,
        0x00, 0x00, 0x00, 0x00, 0x00, 0x00, 0x00, 0x00, 0x00, 0x00, 0x00, 0x00,
        0x00, 0x00, 0x00, 0x00, 0x00, 0x00, 0x00, 0x00, 0x00, 0x00, 0x00, 0x00,
        0x00, 0x00, 0x00, 0x00, 0x00, 0x00, 0x00, 0x00, 0x00, 0x00, 0x00, 0x00,
        0x00, 0x00, 0x00, 0x00, 0x00, 0x00, 0x00, 0x00, 0x00, 0x00, 0x00, 0x00,
        0x00, 0x00, 0x00, 0x00, 0x00, 0x00, 0x00, 0x00, 0x00, 0x00, 0x00, 0x00,
        0x00, 0x00, 0x00, 0x00, 0x00, 0x00, 0x00, 0x00, 0x00, 0x00, 0x00, 0x00,
        0x00, 0x00, 0x00, 0x00, 0x00, 0x00, 0x00, 0x00, 0x00, 0x00, 0x00, 0x00,
        0x00, 0x00, 0x00, 0x00, 0x00, 0x00, 0x00, 0x00, 0x00, 0x00, 0x00, 0x00,
        0x00, 0x00, 0x00, 0x00, 0x00, 0x00, 0x00, 0x00, 0x00, 0x00, 0x00, 0x00,
        0x00, 0x00, 0x00, 0x00, 0x00, 0x00, 0x00, 0x00, 0x00, 0x00, 0x00, 0x00,
        0x00, 0x00, 0x00, 0x00, 0x00, 0x00, 0x00, 0x00, 0x00, 0x00, 0x00, 0x00,
        0x00, 0x00, 0x00, 0x00, 0x00, 0x00, 0x00, 0x00, 0x00, 0x00, 0x00, 0x00,
        0x00, 0x00, 0x00, 0x00, 0x00, 0x00, 0x00, 0x00, 0x00, 0x00, 0x00, 0x00,
        0x00, 0x00, 0x00, 0x00, 0x00, 0x00, 0x00, 0x00, 0x00, 0x00, 0x00, 0x00,
        0x00, 0x00, 0x00, 0x00, 0x00, 0x00, 0x00, 0x00, 0x00, 0x00, 0x00, 0x00,
        0x00, 0x00, 0x00, 0x00, 0x00, 0x00, 0x00, 0x00, 0x00, 0x00, 0x00, 0x00,
        0x00, 0x00, 0x00, 0x00, 0x00, 0x00, 0x00, 0x00, 0x00, 0x00, 0x00, 0x00,
        0x00, 0x00, 0x00, 0x00, 0x00, 0x00, 0x00, 0x00, 0x00, 0x00, 0xff, 0xff,
        0x00, 0x00, 0x7d, 0xf7, 0xfa, 0xee, 0xd8, 0xee, 0x76, 0xee, 0x55, 0xee,
        0x55, 0xee, 0x76, 0xee, 0x96, 0xee, 0x97, 0xee, 0xd8, 0xf6, 0xf9, 0xf6,
        0x1a, 0xf7, 0x1a, 0xf7, 0x3a, 0xf7, 0x3a, 0xf7, 0x5b, 0xff, 0x9d, 0xff,
        0x9d, 0xff, 0x9d, 0xff, 0x7c, 0xff, 0x7c, 0xff, 0x7c, 0xff, 0x5b, 0xff,
        0x39, 0xff, 0xf8, 0xfe, 0xd8, 0xf6, 0x55, 0xee, 0xf3, 0xe5, 0x54, 0xee,
        0x54, 0xee, 0xd1, 0xe5, 0x95, 0xf6, 0x75, 0xf6, 0xf8, 0xfe, 0x5b, 0xff,
        0x9d, 0xff, 0x9d, 0xff, 0x9d, 0xff, 0x7c, 0xff, 0x1a, 0xf7, 0xd9, 0xee,
        0x57, 0xe6, 0x0c, 0xc4, 0x66, 0xa2, 0x0c, 0xc4, 0xe8, 0xb2, 0x66, 0xa2,
        0xc9, 0xbb, 0x06, 0x8a, 0xc3, 0x18, 0xe3, 0x30, 0xe3, 0x30, 0x23, 0x41,
        0x84, 0x59, 0x26, 0x6a, 0xe8, 0x82, 0x2b, 0xb4, 0xea, 0xab, 0xc6, 0x8a,
        0x07, 0x9b, 0xc9, 0xb3, 0xc9, 0xb3, 0x4b, 0xbc, 0x50, 0xcd, 0x50, 0xcd,
        0x30, 0xcd, 0xce, 0xc4, 0xad, 0xc4, 0x71, 0xd5, 0xef, 0xc4, 0x89, 0xa3,
        0xc6, 0x8a, 0xa7, 0x82, 0x28, 0x93, 0x66, 0x7a, 0x25, 0x72, 0xc4, 0x61,
        0x65, 0x82, 0x48, 0x9b, 0xe7, 0x92, 0x07, 0x9b, 0x07, 0x9b, 0xe7, 0x92,
        0xe7, 0x92, 0x68, 0xa3, 0xea, 0xab, 0xc9, 0xb3, 0xea, 0xab, 0xea, 0xab,
        0xea, 0xab, 0x4c, 0xbc, 0x8d, 0xbc, 0x8d, 0xbc, 0x6d, 0xb4, 0x0c, 0xac,
        0xcb, 0x9b, 0xec, 0xa3, 0x8b, 0x93, 0xc9, 0x7a, 0x88, 0x6a, 0x26, 0x6a,
        0x25, 0x72, 0xe7, 0x92, 0x8c, 0xc4, 0x71, 0xd5, 0x97, 0xee, 0xfa, 0xee,
        0xff, 0xff, 0x00, 0x00, 0x00, 0x00, 0x00, 0x00, 0x00, 0x00, 0x00, 0x00,
        0x00, 0x00, 0x00, 0x00, 0x00, 0x00, 0x00, 0x00, 0x00, 0x00, 0x00, 0x00,
        0x00, 0x00, 0x00, 0x00, 0x00, 0x00, 0x00, 0x00, 0x00, 0x00, 0x00, 0x00,
        0x00, 0x00, 0x00, 0x00, 0x00, 0x00, 0x00, 0x00, 0x00, 0x00, 0x00, 0x00,
        0x00, 0x00, 0x00, 0x00, 0x00, 0x00, 0x00, 0x00, 0x00, 0x00, 0x00, 0x00,
        0x00, 0x00, 0x00, 0x00, 0x00, 0x00, 0x00, 0x00, 0x00, 0x00, 0x00, 0x00,
        0x00, 0x00, 0x00, 0x00, 0x00, 0x00, 0x00, 0x00, 0x00, 0x00, 0x00, 0x00,
        0x00, 0x00, 0x00, 0x00, 0x00, 0x00, 0x00, 0x00, 0x00, 0x00, 0x00, 0x00,
        0x00, 0x00, 0x00, 0x00, 0x00, 0x00, 0x00, 0x00, 0x00, 0x00, 0x00, 0x00,
        0x00, 0x00, 0x00, 0x00, 0x00, 0x00, 0x00, 0x00, 0x00, 0x00, 0x00, 0x00,
        0x00, 0x00, 0x00, 0x00, 0x00, 0x00, 0x00, 0x00, 0x00, 0x00, 0x00, 0x00,
        0x00, 0x00, 0x00, 0x00, 0x00, 0x00, 0x00, 0x00, 0x00, 0x00, 0x00, 0x00,
        0x00, 0x00, 0x00, 0x00, 0x00, 0x00, 0x00, 0x00, 0x00, 0x00, 0x00, 0x00,
        0x00, 0x00, 0x00, 0x00, 0x00, 0x00, 0x00, 0x00, 0x00, 0x00, 0x00, 0x00,
        0x00, 0x00, 0x00, 0x00, 0x00, 0x00, 0x00, 0x00, 0x00, 0x00, 0x00, 0x00,
        0x00, 0x00, 0x00, 0x00, 0x00, 0x00, 0x00, 0x00, 0x00, 0x00, 0x00, 0x00,
        0x00, 0x00, 0x00, 0x00, 0x00, 0x00, 0x00, 0x00, 0x00, 0x00, 0x00, 0x00,
        0x00, 0x00, 0x00, 0x00, 0x00, 0x00, 0x00, 0x00, 0x00, 0x00, 0x00, 0x00,
        0x00, 0x00, 0x00, 0x00, 0x00, 0x00, 0x00, 0x00, 0x00, 0x00, 0x00, 0x00,
        0x00, 0x00, 0x00, 0x00, 0x00, 0x00, 0x00, 0x00, 0x00, 0x00, 0x00, 0x00,
        0x00, 0x00, 0x00, 0x00, 0x00, 0x00, 0x00, 0x00, 0x00, 0x00, 0x00, 0x00,
        0x00, 0x00, 0x00, 0x00, 0x00, 0x00, 0x00, 0x00, 0x00, 0x00, 0xff, 0xff,
        0xff, 0xff, 0xbf, 0xff, 0x5b, 0xf7, 0x5b, 0xff, 0x3a, 0xf7, 0x1a, 0xf7,
        0xf9, 0xf6, 0xf9, 0xf6, 0xd8, 0xee, 0xf9, 0xf6, 0x1a, 0xf7, 0x3a, 0xf7,
        0x3a, 0xf7, 0x3a, 0xf7, 0x5b, 0xff, 0x5c, 0xf7, 0x5c, 0xf7, 0x5c, 0xf7,
        0x5c, 0xf7, 0x7c, 0xff, 0x9d, 0xff, 0x5c, 0xf7, 0x3a, 0xf7, 0x1a, 0xf7,
        0xb8, 0xf6, 0x96, 0xf6, 0x55, 0xee, 0x14, 0xee, 0xb2, 0xdd, 0x14, 0xee,
        0xf3, 0xed, 0x70, 0xdd, 0xb7, 0xf6, 0xd8, 0xf6, 0xf8, 0xfe, 0x5b, 0xff,
        0x9d, 0xff, 0xbe, 0xff, 0x9d, 0xf7, 0x7c, 0xff, 0x7c, 0xff, 0x5b, 0xf7,
        0x1a, 0xf7, 0x10, 0xc5, 0x66, 0xa2, 0xe8, 0xb2, 0x06, 0x8a, 0x06, 0x8a,
        0xe8, 0xb2, 0x25, 0x72, 0xe3, 0x30, 0x66, 0x7a, 0x2e, 0xa4, 0xb0, 0xb4,
        0x93, 0xcd, 0x15, 0xde, 0xf4, 0xdd, 0x30, 0xcd, 0x2c, 0xb4, 0x48, 0x9b,
        0xca, 0xa3, 0xc9, 0xb3, 0x68, 0xa3, 0xc9, 0xb3, 0x2b, 0xbc, 0x4b, 0xbc,
        0x0f, 0xcd, 0x71, 0xd5, 0x30, 0xcd, 0xef, 0xc4, 0xce, 0xc4, 0x8d, 0xbc,
        0xca, 0xa3, 0xe7, 0x92, 0x28, 0x93, 0xa7, 0x82, 0xc4, 0x61, 0x25, 0x72,
        0x66, 0x7a, 0x65, 0x82, 0xa7, 0x82, 0xe7, 0x92, 0x07, 0x9b, 0xe7, 0x92,
        0xe7, 0x92, 0xe7, 0x92, 0x68, 0xa3, 0xc9, 0xb3, 0xc9, 0xb3, 0x4c, 0xbc,
        0xad, 0xc4, 0xae, 0xbc, 0xcf, 0xbc, 0xcf, 0xbc, 0xae, 0xbc, 0x6d, 0xb4,
        0x0c, 0xac, 0xec, 0xa3, 0x29, 0x83, 0x06, 0x5a, 0x06, 0x5a, 0xc9, 0x7a,
        0x4a, 0x8b, 0x89, 0xa3, 0x8c, 0xc4, 0xb2, 0xdd, 0x57, 0xde, 0x5c, 0xf7,
        0x00, 0x00, 0xff, 0xff, 0x00, 0x00, 0x00, 0x00, 0x00, 0x00, 0x00, 0x00,
        0x00, 0x00, 0x00, 0x00, 0x00, 0x00, 0x00, 0x00, 0x00, 0x00, 0x00, 0x00,
        0x00, 0x00, 0x00, 0x00, 0x00, 0x00, 0x00, 0x00, 0x00, 0x00, 0x00, 0x00,
        0x00, 0x00, 0x00, 0x00, 0x00, 0x00, 0x00, 0x00, 0x00, 0x00, 0x00, 0x00,
        0x00, 0x00, 0x00, 0x00, 0x00, 0x00, 0x00, 0x00, 0x00, 0x00, 0x00, 0x00,
        0x00, 0x00, 0x00, 0x00, 0x00, 0x00, 0x00, 0x00, 0x00, 0x00, 0x00, 0x00,
        0x00, 0x00, 0x00, 0x00, 0x00, 0x00, 0x00, 0x00, 0x00, 0x00, 0x00, 0x00,
        0x00, 0x00, 0x00, 0x00, 0x00, 0x00, 0x00, 0x00, 0x00, 0x00, 0x00, 0x00,
        0x00, 0x00, 0x00, 0x00, 0x00, 0x00, 0x00, 0x00, 0x00, 0x00, 0x00, 0x00,
        0x00, 0x00, 0x00, 0x00, 0x00, 0x00, 0x00, 0x00, 0x00, 0x00, 0x00, 0x00,
        0x00, 0x00, 0x00, 0x00, 0x00, 0x00, 0x00, 0x00, 0x00, 0x00, 0x00, 0x00,
        0x00, 0x00, 0x00, 0x00, 0x00, 0x00, 0x00, 0x00, 0x00, 0x00, 0x00, 0x00,
        0x00, 0x00, 0x00, 0x00, 0x00, 0x00, 0x00, 0x00, 0x00, 0x00, 0x00, 0x00,
        0x00, 0x00, 0x00, 0x00, 0x00, 0x00, 0x00, 0x00, 0x00, 0x00, 0x00, 0x00,
        0x00, 0x00, 0x00, 0x00, 0x00, 0x00, 0x00, 0x00, 0x00, 0x00, 0x00, 0x00,
        0x00, 0x00, 0x00, 0x00, 0x00, 0x00, 0x00, 0x00, 0x00, 0x00, 0x00, 0x00,
        0x00, 0x00, 0x00, 0x00, 0x00, 0x00, 0x00, 0x00, 0x00, 0x00, 0x00, 0x00,
        0x00, 0x00, 0x00, 0x00, 0x00, 0x00, 0x00, 0x00, 0x00, 0x00, 0x00, 0x00,
        0x00, 0x00, 0x00, 0x00, 0x00, 0x00, 0x00, 0x00, 0x00, 0x00, 0x00, 0x00,
        0x00, 0x00, 0x00, 0x00, 0x00, 0x00, 0x00, 0x00, 0x00, 0x00, 0x00, 0x00,
        0x00, 0x00, 0x00, 0x00, 0x00, 0x00, 0x00, 0x00, 0x00, 0x00, 0x00, 0x00,
        0x00, 0x00, 0x00, 0x00, 0x00, 0x00, 0x00, 0x00, 0x00, 0x00, 0xff, 0xff,
        0x00, 0x00, 0xff, 0xff, 0xfa, 0xee, 0x7c, 0xff, 0x1a, 0xf7, 0x1a, 0xf7,
        0xf9, 0xf6, 0xd8, 0xf6, 0x1a, 0xf7, 0x1a, 0xf7, 0xd8, 0xf6, 0xf9, 0xf6,
        0x3a, 0xf7, 0x5b, 0xff, 0x5c, 0xf7, 0x5b, 0xff, 0x5b, 0xff, 0x3a, 0xf7,
        0x5b, 0xff, 0x5c, 0xf7, 0x9d, 0xff, 0x9d, 0xff, 0x9d, 0xff, 0x9d, 0xff,
        0x7c, 0xff, 0x7c, 0xff, 0x7c, 0xff, 0x5b, 0xff, 0x7c, 0xff, 0x5b, 0xff,
        0x39, 0xff, 0x5b, 0xff, 0x7c, 0xff, 0x9d, 0xff, 0x9d, 0xff, 0xbe, 0xff,
        0xbe, 0xff, 0xbe, 0xff, 0xbe, 0xff, 0x7c, 0xff, 0x7c, 0xff, 0x7c, 0xff,
        0x1a, 0xf7, 0x98, 0xe6, 0x2e, 0xb4, 0x06, 0x8a, 0x25, 0x72, 0x06, 0x8a,
        0x06, 0x8a, 0x84, 0x59, 0xe8, 0x82, 0x37, 0xde, 0x1a, 0xf7, 0xf9, 0xee,
        0xf9, 0xee, 0xd9, 0xe6, 0x37, 0xde, 0x10, 0xc5, 0x8d, 0xbc, 0x6d, 0xb4,
        0x89, 0xa3, 0x66, 0x7a, 0xc6, 0x8a, 0x68, 0xa3, 0x89, 0xa3, 0x68, 0xa3,
        0xc9, 0xb3, 0x8c, 0xc4, 0x4c, 0xbc, 0x4c, 0xbc, 0x51, 0xcd, 0x6d, 0xb4,
        0x2b, 0xb4, 0x89, 0xa3, 0x28, 0x93, 0x28, 0x93, 0xe7, 0x92, 0xc6, 0x8a,
        0xe7, 0x92, 0xc6, 0x8a, 0xc6, 0x8a, 0xe7, 0x92, 0x07, 0x9b, 0x48, 0x9b,
        0x48, 0x9b, 0x89, 0xa3, 0x89, 0xa3, 0x2c, 0xb4, 0xcf, 0xbc, 0xef, 0xc4,
        0x51, 0xcd, 0x51, 0xcd, 0x10, 0xc5, 0xcf, 0xbc, 0xcf, 0xbc, 0x8d, 0xbc,
        0x4d, 0xac, 0xec, 0xa3, 0x8b, 0x93, 0x29, 0x83, 0xc5, 0x51, 0x84, 0x59,
        0x66, 0x7a, 0xea, 0xab, 0x71, 0xd5, 0x76, 0xee, 0xfa, 0xee, 0xff, 0xff,
        0xff, 0xff, 0xff, 0xff, 0x00, 0x00, 0x00, 0x00, 0x00, 0x00, 0x00, 0x00,
        0x00, 0x00, 0x00, 0x00, 0x00, 0x00, 0x00, 0x00, 0x00, 0x00, 0x00, 0x00,
        0x00, 0x00, 0x00, 0x00, 0x00, 0x00, 0x00, 0x00, 0x00, 0x00, 0x00, 0x00,
        0x00, 0x00, 0x00, 0x00, 0x00, 0x00, 0x00, 0x00, 0x00, 0x00, 0x00, 0x00,
        0x00, 0x00, 0x00, 0x00, 0x00, 0x00, 0x00, 0x00, 0x00, 0x00, 0x00, 0x00,
        0x00, 0x00, 0x00, 0x00, 0x00, 0x00, 0x00, 0x00, 0x00, 0x00, 0x00, 0x00,
        0x00, 0x00, 0x00, 0x00, 0x00, 0x00, 0x00, 0x00, 0x00, 0x00, 0x00, 0x00,
        0x00, 0x00, 0x00, 0x00, 0x00, 0x00, 0x00, 0x00, 0x00, 0x00, 0x00, 0x00,
        0x00, 0x00, 0x00, 0x00, 0x00, 0x00, 0x00, 0x00, 0x00, 0x00, 0x00, 0x00,
        0x00, 0x00, 0x00, 0x00, 0x00, 0x00, 0x00, 0x00, 0x00, 0x00, 0x00, 0x00,
        0x00, 0x00, 0x00, 0x00, 0x00, 0x00, 0x00, 0x00, 0x00, 0x00, 0x00, 0x00,
        0x00, 0x00, 0x00, 0x00, 0x00, 0x00, 0x00, 0x00, 0x00, 0x00, 0x00, 0x00,
        0x00, 0x00, 0x00, 0x00, 0x00, 0x00, 0x00, 0x00, 0x00, 0x00, 0x00, 0x00,
        0x00, 0x00, 0x00, 0x00, 0x00, 0x00, 0x00, 0x00, 0x00, 0x00, 0x00, 0x00,
        0x00, 0x00, 0x00, 0x00, 0x00, 0x00, 0x00, 0x00, 0x00, 0x00, 0x00, 0x00,
        0x00, 0x00, 0x00, 0x00, 0x00, 0x00, 0x00, 0x00, 0x00, 0x00, 0x00, 0x00,
        0x00, 0x00, 0x00, 0x00, 0x00, 0x00, 0x00, 0x00, 0x00, 0x00, 0x00, 0x00,
        0x00, 0x00, 0x00, 0x00, 0x00, 0x00, 0x00, 0x00, 0x00, 0x00, 0x00, 0x00,
        0x00, 0x00, 0x00, 0x00, 0x00, 0x00, 0x00, 0x00, 0x00, 0x00, 0x00, 0x00,
        0x00, 0x00, 0x00, 0x00, 0x00, 0x00, 0x00, 0x00, 0x00, 0x00, 0x00, 0x00,
        0x00, 0x00, 0x00, 0x00, 0x00, 0x00, 0x00, 0x00, 0x00, 0x00, 0x00, 0x00,
        0x00, 0x00, 0x00, 0x00, 0x00, 0x00, 0x00, 0x00, 0x00, 0x00, 0x00, 0x00,
        0x00, 0x00, 0x00, 0x00, 0x1b, 0xf7, 0x7c, 0xff, 0x3a, 0xf7, 0x5b, 0xff,
        0x5b, 0xff, 0x1a, 0xf7, 0xf9, 0xf6, 0xd8, 0xf6, 0xb7, 0xf6, 0xb7, 0xf6,
        0xb8, 0xf6, 0x55, 0xee, 0x76, 0xee, 0xf9, 0xf6, 0x1a, 0xf7, 0x3a, 0xf7,
        0x5b, 0xff, 0x5c, 0xf7, 0x7d, 0xf7, 0x9d, 0xff, 0x9d, 0xff, 0x9d, 0xff,
        0x7c, 0xff, 0x7c, 0xff, 0x5b, 0xff, 0x7c, 0xff, 0x7c, 0xff, 0x5b, 0xff,
        0x7c, 0xff, 0x9d, 0xff, 0x9d, 0xff, 0x9d, 0xff, 0x9d, 0xff, 0xbe, 0xff,
        0xbe, 0xff, 0xbe, 0xff, 0x9d, 0xf7, 0x7d, 0xf7, 0x3c, 0xef, 0x1a, 0xf7,
        0xd9, 0xe6, 0x99, 0xe6, 0x16, 0xd6, 0x6a, 0x9b, 0xc4, 0x61, 0x06, 0x8a,
        0x6a, 0x9b, 0x93, 0xcd, 0xfa, 0xee, 0x5c, 0xf7, 0xfa, 0xee, 0xd9, 0xe6,
        0x78, 0xde, 0x57, 0xde, 0x37, 0xde, 0xb4, 0xcd, 0xd4, 0xd5, 0x92, 0xd5,
        0x30, 0xcd, 0xca, 0xa3, 0xca, 0xa3, 0xca, 0xa3, 0xc4, 0x61, 0xc6, 0x8a,
        0x07, 0x9b, 0x65, 0x82, 0xc9, 0xb3, 0x8d, 0xbc, 0xef, 0xc4, 0xcf, 0xbc,
        0x8d, 0xbc, 0x2c, 0xb4, 0x2b, 0xb4, 0x2b, 0xb4, 0xea, 0xab, 0x89, 0xa3,
        0x89, 0xa3, 0xea, 0xab, 0x2b, 0xb4, 0x89, 0xa3, 0x89, 0xa3, 0xea, 0xab,
        0x2c, 0xb4, 0xef, 0xc4, 0x72, 0xcd, 0xb3, 0xd5, 0xd4, 0xd5, 0xd4, 0xd5,
        0x92, 0xd5, 0x72, 0xcd, 0x51, 0xcd, 0xef, 0xc4, 0xae, 0xbc, 0xae, 0xbc,
        0xae, 0xbc, 0x0c, 0xac, 0x4a, 0x8b, 0xc9, 0x7a, 0x88, 0x6a, 0x88, 0x6a,
        0xe8, 0x82, 0x2b, 0xb4, 0x91, 0xd5, 0x77, 0xe6, 0x1b, 0xf7, 0x00, 0x00,
        0xff, 0xff, 0x00, 0x00, 0x00, 0x00, 0x00, 0x00, 0x00, 0x00, 0x00, 0x00,
        0x00, 0x00, 0x00, 0x00, 0x00, 0x00, 0x00, 0x00, 0x00, 0x00, 0x00, 0x00,
        0x00, 0x00, 0x00, 0x00, 0x00, 0x00, 0x00, 0x00, 0x00, 0x00, 0x00, 0x00,
        0x00, 0x00, 0x00, 0x00, 0x00, 0x00, 0x00, 0x00, 0x00, 0x00, 0x00, 0x00,
        0x00, 0x00, 0x00, 0x00, 0x00, 0x00, 0x00, 0x00, 0x00, 0x00, 0x00, 0x00,
        0x00, 0x00, 0x00, 0x00, 0x00, 0x00, 0x00, 0x00, 0x00, 0x00, 0x00, 0x00,
        0x00, 0x00, 0x00, 0x00, 0x00, 0x00, 0x00, 0x00, 0x00, 0x00, 0x00, 0x00,
        0x00, 0x00, 0x00, 0x00, 0x00, 0x00, 0x00, 0x00, 0x00, 0x00, 0x00, 0x00,
        0x00, 0x00, 0x00, 0x00, 0x00, 0x00, 0x00, 0x00, 0x00, 0x00, 0x00, 0x00,
        0x00, 0x00, 0x00, 0x00, 0x00, 0x00, 0x00, 0x00, 0x00, 0x00, 0x00, 0x00,
        0x00, 0x00, 0x00, 0x00, 0x00, 0x00, 0x00, 0x00, 0x00, 0x00, 0x00, 0x00,
        0x00, 0x00, 0x00, 0x00, 0x00, 0x00, 0x00, 0x00, 0x00, 0x00, 0x00, 0x00,
        0x00, 0x00, 0x00, 0x00, 0x00, 0x00, 0x00, 0x00, 0x00, 0x00, 0x00, 0x00,
        0x00, 0x00, 0x00, 0x00, 0x00, 0x00, 0x00, 0x00, 0x00, 0x00, 0x00, 0x00,
        0x00, 0x00, 0x00, 0x00, 0x00, 0x00, 0x00, 0x00, 0x00, 0x00, 0x00, 0x00,
        0x00, 0x00, 0x00, 0x00, 0x00, 0x00, 0x00, 0x00, 0x00, 0x00, 0x00, 0x00,
        0x00, 0x00, 0x00, 0x00, 0x00, 0x00, 0x00, 0x00, 0x00, 0x00, 0x00, 0x00,
        0x00, 0x00, 0x00, 0x00, 0x00, 0x00, 0x00, 0x00, 0x00, 0x00, 0x00, 0x00,
        0x00, 0x00, 0x00, 0x00, 0x00, 0x00, 0x00, 0x00, 0x00, 0x00, 0x00, 0x00,
        0x00, 0x00, 0x00, 0x00, 0x00, 0x00, 0x00, 0x00, 0x00, 0x00, 0x00, 0x00,
        0x00, 0x00, 0x00, 0x00, 0x00, 0x00, 0x00, 0x00, 0x00, 0x00, 0x00, 0x00,
        0x00, 0x00, 0x00, 0x00, 0x00, 0x00, 0x00, 0x00, 0x00, 0x00, 0x00, 0x00,
        0x00, 0x00, 0xff, 0xff, 0xff, 0xff, 0xfa, 0xee, 0x7c, 0xff, 0x7c, 0xff,
        0xfa, 0xf6, 0xf9, 0xf6, 0xd8, 0xf6, 0xb7, 0xf6, 0x96, 0xee, 0x76, 0xee,
        0x35, 0xe6, 0xf3, 0xe5, 0x35, 0xe6, 0x76, 0xee, 0x97, 0xee, 0xd9, 0xee,
        0xf9, 0xee, 0x5c, 0xf7, 0x9d, 0xf7, 0x9d, 0xf7, 0x9d, 0xff, 0x9d, 0xff,
        0x7c, 0xff, 0x5b, 0xff, 0x5b, 0xff, 0x39, 0xff, 0x5b, 0xff, 0x3a, 0xf7,
        0x5b, 0xff, 0xf9, 0xf6, 0xd9, 0xee, 0x1b, 0xf7, 0x1b, 0xf7, 0x9d, 0xf7,
        0x5c, 0xf7, 0x5c, 0xf7, 0x7d, 0xf7, 0x1b, 0xf7, 0xfa, 0xee, 0xb8, 0xe6,
        0x57, 0xde, 0xf5, 0xd5, 0x32, 0xc5, 0xec, 0xa3, 0xc4, 0x61, 0x48, 0x9b,
        0x15, 0xde, 0x3c, 0xef, 0x3c, 0xef, 0xfa, 0xee, 0xfa, 0xee, 0xd9, 0xe6,
        0x99, 0xe6, 0x78, 0xde, 0x78, 0xde, 0x37, 0xde, 0x93, 0xcd, 0xb3, 0xd5,
        0xf4, 0xdd, 0x34, 0xe6, 0x35, 0xe6, 0x14, 0xe6, 0x30, 0xcd, 0x30, 0xcd,
        0xef, 0xc4, 0x6a, 0x9b, 0x89, 0xa3, 0x2b, 0xb4, 0x8d, 0xbc, 0x71, 0xd5,
        0x92, 0xd5, 0x51, 0xcd, 0x10, 0xc5, 0x10, 0xc5, 0x4d, 0xac, 0x48, 0x9b,
        0xc6, 0x8a, 0x07, 0x9b, 0xea, 0xab, 0xad, 0xc4, 0xce, 0xc4, 0xef, 0xc4,
        0x10, 0xc5, 0x92, 0xd5, 0xb3, 0xd5, 0xb3, 0xd5, 0x92, 0xd5, 0x92, 0xd5,
        0x72, 0xcd, 0x92, 0xd5, 0x92, 0xd5, 0x72, 0xcd, 0x51, 0xcd, 0x32, 0xc5,
        0xcf, 0xbc, 0x4d, 0xac, 0x6a, 0x9b, 0xe8, 0x82, 0xa7, 0x7a, 0xe8, 0x82,
        0xe8, 0x82, 0x8d, 0xbc, 0x15, 0xe6, 0x1b, 0xf7, 0xff, 0xff, 0xff, 0xff,
        0xff, 0xff, 0x00, 0x00, 0x00, 0x00, 0x00, 0x00, 0x00, 0x00, 0x00, 0x00,
        0x00, 0x00, 0x00, 0x00, 0x00, 0x00, 0x00, 0x00, 0x00, 0x00, 0x00, 0x00,
        0x00, 0x00, 0x00, 0x00, 0x00, 0x00, 0x00, 0x00, 0x00, 0x00, 0x00, 0x00,
        0x00, 0x00, 0x00, 0x00, 0x00, 0x00, 0x00, 0x00, 0x00, 0x00, 0x00, 0x00,
        0x00, 0x00, 0x00, 0x00, 0x00, 0x00, 0x00, 0x00, 0x00, 0x00, 0x00, 0x00,
        0x00, 0x00, 0x00, 0x00, 0x00, 0x00, 0x00, 0x00, 0x00, 0x00, 0x00, 0x00,
        0x00, 0x00, 0x00, 0x00, 0x00, 0x00, 0x00, 0x00, 0x00, 0x00, 0x00, 0x00,
        0x00, 0x00, 0x00, 0x00, 0x00, 0x00, 0x00, 0x00, 0x00, 0x00, 0x00, 0x00,
        0x00, 0x00, 0x00, 0x00, 0x00, 0x00, 0x00, 0x00, 0x00, 0x00, 0x00, 0x00,
        0x00, 0x00, 0x00, 0x00, 0x00, 0x00, 0x00, 0x00, 0x00, 0x00, 0x00, 0x00,
        0x00, 0x00, 0x00, 0x00, 0x00, 0x00, 0x00, 0x00, 0x00, 0x00, 0x00, 0x00,
        0x00, 0x00, 0x00, 0x00, 0x00, 0x00, 0x00, 0x00, 0x00, 0x00, 0x00, 0x00,
        0x00, 0x00, 0x00, 0x00, 0x00, 0x00, 0x00, 0x00, 0x00, 0x00, 0x00, 0x00,
        0x00, 0x00, 0x00, 0x00, 0x00, 0x00, 0x00, 0x00, 0x00, 0x00, 0x00, 0x00,
        0x00, 0x00, 0x00, 0x00, 0x00, 0x00, 0x00, 0x00, 0x00, 0x00, 0x00, 0x00,
        0x00, 0x00, 0x00, 0x00, 0x00, 0x00, 0x00, 0x00, 0x00, 0x00, 0x00, 0x00,
        0x00, 0x00, 0x00, 0x00, 0x00, 0x00, 0x00, 0x00, 0x00, 0x00, 0x00, 0x00,
        0x00, 0x00, 0x00, 0x00, 0x00, 0x00, 0x00, 0x00, 0x00, 0x00, 0x00, 0x00,
        0x00, 0x00, 0x00, 0x00, 0x00, 0x00, 0x00, 0x00, 0x00, 0x00, 0x00, 0x00,
        0x00, 0x00, 0x00, 0x00, 0x00, 0x00, 0x00, 0x00, 0x00, 0x00, 0x00, 0x00,
        0x00, 0x00, 0x00, 0x00, 0x00, 0x00, 0x00, 0x00, 0x00, 0x00, 0x00, 0x00,
        0x00, 0x00, 0x00, 0x00, 0x00, 0x00, 0x00, 0x00, 0x00, 0x00, 0x00, 0x00,
        0x00, 0x00, 0x00, 0x00, 0x00, 0x00, 0xff, 0xff, 0x5c, 0xf7, 0x1b, 0xf7,
        0xfa, 0xee, 0xfa, 0xf6, 0xf9, 0xf6, 0xf8, 0xfe, 0x96, 0xf6, 0xb7, 0xf6,
        0xb7, 0xf6, 0x97, 0xee, 0x97, 0xee, 0xb8, 0xf6, 0x97, 0xee, 0x1a, 0xf7,
        0x1b, 0xf7, 0x1b, 0xf7, 0x5c, 0xf7, 0x5c, 0xf7, 0x7d, 0xf7, 0x9d, 0xf7,
        0x9d, 0xff, 0x7c, 0xff, 0x7c, 0xff, 0x5b, 0xff, 0x5b, 0xff, 0x39, 0xff,
        0x3a, 0xf7, 0x97, 0xee, 0x1a, 0xf7, 0x5c, 0xf7, 0x5c, 0xf7, 0x7d, 0xf7,
        0x5c, 0xf7, 0x7d, 0xf7, 0x7d, 0xf7, 0xfa, 0xee, 0xd9, 0xe6, 0x98, 0xe6,
        0x57, 0xde, 0xf5, 0xd5, 0xf0, 0xbc, 0x2e, 0xb4, 0x06, 0x8a, 0xb0, 0xb4,
        0xf5, 0xd5, 0x37, 0xde, 0x37, 0xde, 0x78, 0xde, 0x99, 0xe6, 0xfa, 0xee,
        0xfa, 0xee, 0xfa, 0xee, 0xfa, 0xee, 0x78, 0xde, 0xf0, 0xbc, 0xef, 0xc4,
        0x2b, 0xb4, 0x4c, 0xbc, 0x91, 0xd5, 0xd3, 0xdd, 0x35, 0xe6, 0x35, 0xe6,
        0x56, 0xe6, 0x15, 0xe6, 0x71, 0xd5, 0x6d, 0xb4, 0xa9, 0xab, 0x4c, 0xbc,
        0xce, 0xc4, 0x92, 0xd5, 0x71, 0xd5, 0x71, 0xd5, 0xb3, 0xd5, 0x10, 0xc5,
        0x4d, 0xac, 0x6a, 0x9b, 0xca, 0xa3, 0xad, 0xc4, 0x30, 0xcd, 0x71, 0xd5,
        0x51, 0xcd, 0x30, 0xcd, 0x51, 0xcd, 0x72, 0xcd, 0x72, 0xcd, 0x72, 0xcd,
        0x10, 0xc5, 0xef, 0xc4, 0x72, 0xcd, 0xb3, 0xd5, 0xf5, 0xd5, 0xd4, 0xd5,
        0x72, 0xcd, 0xae, 0xbc, 0xec, 0xa3, 0x4a, 0x8b, 0x6a, 0x9b, 0xcb, 0x9b,
        0x0c, 0xac, 0x10, 0xc5, 0x77, 0xe6, 0xff, 0xff, 0x00, 0x00, 0xff, 0xff,
        0x00, 0x00, 0x00, 0x00, 0x00, 0x00, 0x00, 0x00, 0x00, 0x00, 0x00, 0x00,
        0x00, 0x00, 0x00, 0x00, 0x00, 0x00, 0x00, 0x00, 0x00, 0x00, 0x00, 0x00,
        0x00, 0x00, 0x00, 0x00, 0x00, 0x00, 0x00, 0x00, 0x00, 0x00, 0x00, 0x00,
        0x00, 0x00, 0x00, 0x00, 0x00, 0x00, 0x00, 0x00, 0x00, 0x00, 0x00, 0x00,
        0x00, 0x00, 0x00, 0x00, 0x00, 0x00, 0x00, 0x00, 0x00, 0x00, 0x00, 0x00,
        0x00, 0x00, 0x00, 0x00, 0x00, 0x00, 0x00, 0x00, 0x00, 0x00, 0x00, 0x00,
        0x00, 0x00, 0x00, 0x00, 0x00, 0x00, 0x00, 0x00, 0x00, 0x00, 0x00, 0x00,
        0x00, 0x00, 0x00, 0x00, 0x00, 0x00, 0x00, 0x00, 0x00, 0x00, 0x00, 0x00,
        0x00, 0x00, 0x00, 0x00, 0x00, 0x00, 0x00, 0x00, 0x00, 0x00, 0x00, 0x00,
        0x00, 0x00, 0x00, 0x00, 0x00, 0x00, 0x00, 0x00, 0x00, 0x00, 0x00, 0x00,
        0x00, 0x00, 0x00, 0x00, 0x00, 0x00, 0x00, 0x00, 0x00, 0x00, 0x00, 0x00,
        0x00, 0x00, 0x00, 0x00, 0x00, 0x00, 0x00, 0x00, 0x00, 0x00, 0x00, 0x00,
        0x00, 0x00, 0x00, 0x00, 0x00, 0x00, 0x00, 0x00, 0x00, 0x00, 0x00, 0x00,
        0x00, 0x00, 0x00, 0x00, 0x00, 0x00, 0x00, 0x00, 0x00, 0x00, 0x00, 0x00,
        0x00, 0x00, 0x00, 0x00, 0x00, 0x00, 0x00, 0x00, 0x00, 0x00, 0x00, 0x00,
        0x00, 0x00, 0x00, 0x00, 0x00, 0x00, 0x00, 0x00, 0x00, 0x00, 0x00, 0x00,
        0x00, 0x00, 0x00, 0x00, 0x00, 0x00, 0x00, 0x00, 0x00, 0x00, 0x00, 0x00,
        0x00, 0x00, 0x00, 0x00, 0x00, 0x00, 0x00, 0x00, 0x00, 0x00, 0x00, 0x00,
        0x00, 0x00, 0x00, 0x00, 0x00, 0x00, 0x00, 0x00, 0x00, 0x00, 0x00, 0x00,
        0x00, 0x00, 0x00, 0x00, 0x00, 0x00, 0x00, 0x00, 0x00, 0x00, 0x00, 0x00,
        0x00, 0x00, 0x00, 0x00, 0x00, 0x00, 0x00, 0x00, 0x00, 0x00, 0x00, 0x00,
        0x00, 0x00, 0x00, 0x00, 0x00, 0x00, 0x00, 0x00, 0x00, 0x00, 0x00, 0x00,
        0x00, 0x00, 0x00, 0x00, 0xff, 0xff, 0xff, 0xff, 0xff, 0xff, 0x7d, 0xf7,
        0x1b, 0xf7, 0xfa, 0xf6, 0xf9, 0xf6, 0xf9, 0xf6, 0xd8, 0xf6, 0xf9, 0xf6,
        0xf9, 0xf6, 0xf9, 0xf6, 0x3a, 0xf7, 0xf9, 0xf6, 0xd8, 0xf6, 0xb7, 0xf6,
        0xb8, 0xf6, 0x1a, 0xf7, 0x5c, 0xf7, 0x9d, 0xf7, 0x9d, 0xf7, 0x9d, 0xf7,
        0x9d, 0xf7, 0xbe, 0xff, 0x9d, 0xff, 0x7c, 0xff, 0x9d, 0xff, 0x9d, 0xff,
        0x7c, 0xff, 0x9d, 0xff, 0xbe, 0xff, 0x9d, 0xf7, 0x9d, 0xf7, 0x7d, 0xf7,
        0x7d, 0xf7, 0x3c, 0xef, 0xfa, 0xee, 0xd9, 0xe6, 0xd9, 0xe6, 0x78, 0xde,
        0x37, 0xde, 0xb4, 0xcd, 0xf0, 0xbc, 0xe8, 0x82, 0xc4, 0x61, 0x32, 0xc5,
        0x57, 0xde, 0x37, 0xde, 0x57, 0xde, 0x57, 0xde, 0x57, 0xde, 0x99, 0xe6,
        0x78, 0xde, 0xd9, 0xe6, 0xd9, 0xe6, 0xd9, 0xe6, 0x78, 0xde, 0x16, 0xd6,
        0x51, 0xcd, 0x50, 0xcd, 0x2c, 0xb4, 0x89, 0xa3, 0xce, 0xc4, 0xb2, 0xd5,
        0xb2, 0xd5, 0xd4, 0xdd, 0xf4, 0xdd, 0xd4, 0xdd, 0x71, 0xd5, 0x30, 0xcd,
        0x51, 0xcd, 0xb3, 0xd5, 0xd4, 0xdd, 0x92, 0xd5, 0x72, 0xcd, 0x72, 0xcd,
        0x51, 0xcd, 0xcf, 0xbc, 0x4d, 0xac, 0x2c, 0xb4, 0x2c, 0xb4, 0xae, 0xbc,
        0xce, 0xc4, 0xef, 0xc4, 0xae, 0xbc, 0xae, 0xbc, 0x10, 0xc5, 0x51, 0xcd,
        0x10, 0xc5, 0xef, 0xc4, 0xef, 0xc4, 0x51, 0xcd, 0x93, 0xcd, 0xb4, 0xcd,
        0x32, 0xc5, 0x32, 0xc5, 0xf0, 0xbc, 0xec, 0xa3, 0x48, 0x9b, 0x89, 0xa3,
        0x8d, 0xbc, 0xf4, 0xdd, 0x1b, 0xf7, 0xff, 0xff, 0xff, 0xff, 0xff, 0xff,
        0x00, 0x00, 0x00, 0x00, 0x00, 0x00, 0x00, 0x00, 0x00, 0x00, 0x00, 0x00,
        0x00, 0x00, 0x00, 0x00, 0x00, 0x00, 0x00, 0x00, 0x00, 0x00, 0x00, 0x00,
        0x00, 0x00, 0x00, 0x00, 0x00, 0x00, 0x00, 0x00, 0x00, 0x00, 0x00, 0x00,
        0x00, 0x00, 0x00, 0x00, 0x00, 0x00, 0x00, 0x00, 0x00, 0x00, 0x00, 0x00,
        0x00, 0x00, 0x00, 0x00, 0x00, 0x00, 0x00, 0x00, 0x00, 0x00, 0x00, 0x00,
        0x00, 0x00, 0x00, 0x00, 0x00, 0x00, 0x00, 0x00, 0x00, 0x00, 0x00, 0x00,
        0x00, 0x00, 0x00, 0x00, 0x00, 0x00, 0x00, 0x00, 0x00, 0x00, 0x00, 0x00,
        0x00, 0x00, 0x00, 0x00, 0x00, 0x00, 0x00, 0x00, 0x00, 0x00, 0x00, 0x00,
        0x00, 0x00, 0x00, 0x00, 0x00, 0x00, 0x00, 0x00, 0x00, 0x00, 0x00, 0x00,
        0x00, 0x00, 0x00, 0x00, 0x00, 0x00, 0x00, 0x00, 0x00, 0x00, 0x00, 0x00,
        0x00, 0x00, 0x00, 0x00, 0x00, 0x00, 0x00, 0x00, 0x00, 0x00, 0x00, 0x00,
        0x00, 0x00, 0x00, 0x00, 0x00, 0x00, 0x00, 0x00, 0x00, 0x00, 0x00, 0x00,
        0x00, 0x00, 0x00, 0x00, 0x00, 0x00, 0x00, 0x00, 0x00, 0x00, 0x00, 0x00,
        0x00, 0x00, 0x00, 0x00, 0x00, 0x00, 0x00, 0x00, 0x00, 0x00, 0x00, 0x00,
        0x00, 0x00, 0x00, 0x00, 0x00, 0x00, 0x00, 0x00, 0x00, 0x00, 0x00, 0x00,
        0x00, 0x00, 0x00, 0x00, 0x00, 0x00, 0x00, 0x00, 0x00, 0x00, 0x00, 0x00,
        0x00, 0x00, 0x00, 0x00, 0x00, 0x00, 0x00, 0x00, 0x00, 0x00, 0x00, 0x00,
        0x00, 0x00, 0x00, 0x00, 0x00, 0x00, 0x00, 0x00, 0x00, 0x00, 0x00, 0x00,
        0x00, 0x00, 0x00, 0x00, 0x00, 0x00, 0x00, 0x00, 0x00, 0x00, 0x00, 0x00,
        0x00, 0x00, 0x00, 0x00, 0x00, 0x00, 0x00, 0x00, 0x00, 0x00, 0x00, 0x00,
        0x00, 0x00, 0x00, 0x00, 0x00, 0x00, 0x00, 0x00, 0x00, 0x00, 0x00, 0x00,
        0x00, 0x00, 0x00, 0x00, 0x00, 0x00, 0x00, 0x00, 0x00, 0x00, 0x00, 0x00,
        0x00, 0x00, 0x00, 0x00, 0xff, 0xff, 0xff, 0xff, 0xff, 0xff, 0xbf, 0xff,
        0x1b, 0xf7, 0x5b, 0xf7, 0xf9, 0xf6, 0xd8, 0xf6, 0x1a, 0xf7, 0x3a, 0xf7,
        0x5b, 0xff, 0x5b, 0xff, 0xd8, 0xf6, 0x96, 0xee, 0x55, 0xee, 0x55, 0xee,
        0x1a, 0xf7, 0x5c, 0xf7, 0x5c, 0xf7, 0x5c, 0xf7, 0x7d, 0xf7, 0x7d, 0xf7,
        0xbe, 0xff, 0xbe, 0xff, 0x9d, 0xff, 0x9d, 0xff, 0x9d, 0xff, 0x7c, 0xff,
        0x9d, 0xf7, 0x9d, 0xff, 0x7d, 0xf7, 0x5c, 0xf7, 0x3c, 0xef, 0xfa, 0xee,
        0x3c, 0xef, 0x3c, 0xef, 0xfa, 0xee, 0xfa, 0xee, 0x78, 0xde, 0xf5, 0xd5,
        0x93, 0xcd, 0x2e, 0xa4, 0x66, 0x7a, 0x84, 0x59, 0x23, 0x41, 0xe8, 0x82,
        0xf5, 0xd5, 0x78, 0xde, 0x57, 0xde, 0xd9, 0xe6, 0x99, 0xe6, 0x78, 0xde,
        0x78, 0xde, 0xd9, 0xe6, 0x78, 0xde, 0xd9, 0xe6, 0xd9, 0xe6, 0xd9, 0xe6,
        0x77, 0xe6, 0x77, 0xe6, 0x71, 0xd5, 0xcf, 0xbc, 0xae, 0xbc, 0x4c, 0xbc,
        0x2b, 0xb4, 0x8d, 0xbc, 0x30, 0xcd, 0x51, 0xcd, 0x71, 0xd5, 0xb2, 0xd5,
        0xd4, 0xdd, 0x15, 0xe6, 0x35, 0xde, 0xf4, 0xdd, 0x15, 0xde, 0x15, 0xde,
        0xd4, 0xd5, 0x72, 0xcd, 0x6d, 0xb4, 0x48, 0x9b, 0x66, 0x7a, 0x26, 0x6a,
        0xe8, 0x82, 0x6a, 0x9b, 0x6a, 0x9b, 0x6a, 0x9b, 0xec, 0xa3, 0xec, 0xa3,
        0x0c, 0xac, 0xcf, 0xbc, 0xae, 0xbc, 0xef, 0xc4, 0x72, 0xcd, 0x10, 0xc5,
        0x10, 0xc5, 0xf0, 0xbc, 0xf0, 0xbc, 0xae, 0xbc, 0x2c, 0xb4, 0xce, 0xc4,
        0xf4, 0xdd, 0xb9, 0xee, 0x1b, 0xf7, 0xff, 0xff, 0xff, 0xff, 0x00, 0x00,
        0x00, 0x00, 0x00, 0x00, 0x00, 0x00, 0x00, 0x00, 0x00, 0x00, 0x00, 0x00,
        0x00, 0x00, 0x00, 0x00, 0x00, 0x00, 0x00, 0x00, 0x00, 0x00, 0x00, 0x00,
        0x00, 0x00, 0x00, 0x00, 0x00, 0x00, 0x00, 0x00, 0x00, 0x00, 0x00, 0x00,
        0x00, 0x00, 0x00, 0x00, 0x00, 0x00, 0x00, 0x00, 0x00, 0x00, 0x00, 0x00,
        0x00, 0x00, 0x00, 0x00, 0x00, 0x00, 0x00, 0x00, 0x00, 0x00, 0x00, 0x00,
        0x00, 0x00, 0x00, 0x00, 0x00, 0x00, 0x00, 0x00, 0x00, 0x00, 0x00, 0x00,
        0x00, 0x00, 0x00, 0x00, 0x00, 0x00, 0x00, 0x00, 0x00, 0x00, 0x00, 0x00,
        0x00, 0x00, 0x00, 0x00, 0x00, 0x00, 0x00, 0x00, 0x00, 0x00, 0x00, 0x00,
        0x00, 0x00, 0x00, 0x00, 0x00, 0x00, 0x00, 0x00, 0x00, 0x00, 0x00, 0x00,
        0x00, 0x00, 0x00, 0x00, 0x00, 0x00, 0x00, 0x00, 0x00, 0x00, 0x00, 0x00,
        0x00, 0x00, 0x00, 0x00, 0x00, 0x00, 0x00, 0x00, 0x00, 0x00, 0x00, 0x00,
        0x00, 0x00, 0x00, 0x00, 0x00, 0x00, 0x00, 0x00, 0x00, 0x00, 0x00, 0x00,
        0x00, 0x00, 0x00, 0x00, 0x00, 0x00, 0x00, 0x00, 0x00, 0x00, 0x00, 0x00,
        0x00, 0x00, 0x00, 0x00, 0x00, 0x00, 0x00, 0x00, 0x00, 0x00, 0x00, 0x00,
        0x00, 0x00, 0x00, 0x00, 0x00, 0x00, 0x00, 0x00, 0x00, 0x00, 0x00, 0x00,
        0x00, 0x00, 0x00, 0x00, 0x00, 0x00, 0x00, 0x00, 0x00, 0x00, 0x00, 0x00,
        0x00, 0x00, 0x00, 0x00, 0x00, 0x00, 0x00, 0x00, 0x00, 0x00, 0x00, 0x00,
        0x00, 0x00, 0x00, 0x00, 0x00, 0x00, 0x00, 0x00, 0x00, 0x00, 0x00, 0x00,
        0x00, 0x00, 0x00, 0x00, 0x00, 0x00, 0x00, 0x00, 0x00, 0x00, 0x00, 0x00,
        0x00, 0x00, 0x00, 0x00, 0x00, 0x00, 0x00, 0x00, 0x00, 0x00, 0x00, 0x00,
        0x00, 0x00, 0x00, 0x00, 0x00, 0x00, 0x00, 0x00, 0x00, 0x00, 0x00, 0x00,
        0x00, 0x00, 0x00, 0x00, 0x00, 0x00, 0x00, 0x00, 0x00, 0x00, 0x00, 0x00,
        0x00, 0x00, 0x00, 0x00, 0xff, 0xff, 0xbf, 0xff, 0x5c, 0xf7, 0x5c, 0xf7,
        0x1b, 0xf7, 0x1a, 0xf7, 0x1a, 0xf7, 0x3a, 0xf7, 0x3a, 0xf7, 0x1a, 0xf7,
        0x3a, 0xf7, 0xb7, 0xf6, 0x55, 0xee, 0x96, 0xee, 0x97, 0xee, 0xd8, 0xf6,
        0x3a, 0xf7, 0x1a, 0xf7, 0x1b, 0xf7, 0x5c, 0xf7, 0x7d, 0xf7, 0x9d, 0xf7,
        0xbe, 0xff, 0x9d, 0xf7, 0x9d, 0xf7, 0x9d, 0xf7, 0x9d, 0xff, 0x7c, 0xff,
        0x7c, 0xff, 0x9d, 0xf7, 0x5c, 0xf7, 0x5c, 0xf7, 0x3c, 0xef, 0x3c, 0xef,
        0x3c, 0xef, 0x3c, 0xef, 0xd9, 0xe6, 0x38, 0xd6, 0x53, 0xc5, 0x2e, 0xb4,
        0x4a, 0x8b, 0xe8, 0x82, 0xa7, 0x82, 0xa7, 0x82, 0x06, 0x8a, 0x06, 0x8a,
        0xec, 0xa3, 0xf5, 0xd5, 0xd9, 0xe6, 0x78, 0xde, 0x78, 0xde, 0x99, 0xe6,
        0xfa, 0xee, 0xd9, 0xe6, 0x38, 0xd6, 0x57, 0xde, 0x78, 0xde, 0x16, 0xd6,
        0x37, 0xde, 0x77, 0xe6, 0xf4, 0xdd, 0xd4, 0xdd, 0xd4, 0xdd, 0x71, 0xd5,
        0x71, 0xd5, 0x51, 0xcd, 0xce, 0xc4, 0x51, 0xcd, 0xb3, 0xd5, 0xf4, 0xdd,
        0x15, 0xde, 0x15, 0xde, 0x36, 0xe6, 0x77, 0xe6, 0x77, 0xe6, 0x77, 0xe6,
        0x36, 0xe6, 0xd4, 0xd5, 0x72, 0xcd, 0x8d, 0xbc, 0x48, 0x9b, 0x66, 0x7a,
        0x25, 0x72, 0xc4, 0x61, 0x25, 0x72, 0x66, 0x7a, 0x66, 0x7a, 0x66, 0x7a,
        0x66, 0x7a, 0xe8, 0x82, 0xcb, 0x9b, 0xec, 0xa3, 0x8e, 0xb4, 0x8e, 0xb4,
        0x8e, 0xb4, 0x8e, 0xb4, 0x8e, 0xb4, 0xcf, 0xbc, 0x10, 0xc5, 0x36, 0xe6,
        0x1a, 0xf7, 0xfa, 0xee, 0x1b, 0xf7, 0xff, 0xff, 0xff, 0xff, 0xff, 0xff,
        0x00, 0x00, 0x00, 0x00, 0x00, 0x00, 0x00, 0x00, 0x00, 0x00, 0x00, 0x00,
        0x00, 0x00, 0x00, 0x00, 0x00, 0x00, 0x00, 0x00, 0x00, 0x00, 0x00, 0x00,
        0x00, 0x00, 0x00, 0x00, 0x00, 0x00, 0x00, 0x00, 0x00, 0x00, 0x00, 0x00,
        0x00, 0x00, 0x00, 0x00, 0x00, 0x00, 0x00, 0x00, 0x00, 0x00, 0x00, 0x00,
        0x00, 0x00, 0x00, 0x00, 0x00, 0x00, 0x00, 0x00, 0x00, 0x00, 0x00, 0x00,
        0x00, 0x00, 0x00, 0x00, 0x00, 0x00, 0x00, 0x00, 0x00, 0x00, 0x00, 0x00,
        0x00, 0x00, 0x00, 0x00, 0x00, 0x00, 0x00, 0x00, 0x00, 0x00, 0x00, 0x00,
        0x00, 0x00, 0x00, 0x00, 0x00, 0x00, 0x00, 0x00, 0x00, 0x00, 0x00, 0x00,
        0x00, 0x00, 0x00, 0x00, 0x00, 0x00, 0x00, 0x00, 0x00, 0x00, 0x00, 0x00,
        0x00, 0x00, 0x00, 0x00, 0x00, 0x00, 0x00, 0x00, 0x00, 0x00, 0x00, 0x00,
        0x00, 0x00, 0x00, 0x00, 0x00, 0x00, 0x00, 0x00, 0x00, 0x00, 0x00, 0x00,
        0x00, 0x00, 0x00, 0x00, 0x00, 0x00, 0x00, 0x00, 0x00, 0x00, 0x00, 0x00,
        0x00, 0x00, 0x00, 0x00, 0x00, 0x00, 0x00, 0x00, 0x00, 0x00, 0x00, 0x00,
        0x00, 0x00, 0x00, 0x00, 0x00, 0x00, 0x00, 0x00, 0x00, 0x00, 0x00, 0x00,
        0x00, 0x00, 0x00, 0x00, 0x00, 0x00, 0x00, 0x00, 0x00, 0x00, 0x00, 0x00,
        0x00, 0x00, 0x00, 0x00, 0x00, 0x00, 0x00, 0x00, 0x00, 0x00, 0x00, 0x00,
        0x00, 0x00, 0x00, 0x00, 0x00, 0x00, 0x00, 0x00, 0x00, 0x00, 0x00, 0x00,
        0x00, 0x00, 0x00, 0x00, 0x00, 0x00, 0x00, 0x00, 0x00, 0x00, 0x00, 0x00,
        0x00, 0x00, 0x00, 0x00, 0x00, 0x00, 0x00, 0x00, 0x00, 0x00, 0x00, 0x00,
        0x00, 0x00, 0x00, 0x00, 0x00, 0x00, 0x00, 0x00, 0x00, 0x00, 0x00, 0x00,
        0x00, 0x00, 0x00, 0x00, 0x00, 0x00, 0x00, 0x00, 0x00, 0x00, 0x00, 0x00,
        0x00, 0x00, 0x00, 0x00, 0x00, 0x00, 0x00, 0x00, 0x00, 0x00, 0x00, 0x00,
        0xff, 0xff, 0xff, 0xff, 0xbf, 0xff, 0x1b, 0xf7, 0xfa, 0xee, 0xfa, 0xee,
        0x5b, 0xf7, 0x1b, 0xf7, 0x5c, 0xf7, 0x5c, 0xf7, 0xf9, 0xf6, 0xf9, 0xf6,
        0xb8, 0xf6, 0x76, 0xee, 0x96, 0xee, 0x76, 0xee, 0x96, 0xee, 0xb7, 0xf6,
        0xb7, 0xf6, 0x1a, 0xf7, 0x1a, 0xf7, 0x1b, 0xf7, 0x5c, 0xf7, 0x7d, 0xf7,
        0x9d, 0xf7, 0x9d, 0xf7, 0x9d, 0xf7, 0xbe, 0xff, 0x9d, 0xf7, 0x9d, 0xf7,
        0x9d, 0xf7, 0x9d, 0xf7, 0x7d, 0xf7, 0x7d, 0xf7, 0x7d, 0xf7, 0x3c, 0xef,
        0x3c, 0xef, 0x78, 0xde, 0x53, 0xc5, 0xb0, 0xb4, 0x6f, 0xac, 0x2e, 0xb4,
        0x2e, 0xb4, 0x2e, 0xb4, 0x2e, 0xb4, 0x2e, 0xb4, 0xec, 0xa3, 0x28, 0x93,
        0x6a, 0x9b, 0xb0, 0xb4, 0x57, 0xde, 0xd9, 0xe6, 0x99, 0xe6, 0x78, 0xde,
        0x78, 0xde, 0x78, 0xde, 0xd9, 0xe6, 0xd9, 0xe6, 0x99, 0xe6, 0xb3, 0xd5,
        0xd4, 0xd5, 0x57, 0xde, 0x57, 0xde, 0x35, 0xde, 0x15, 0xe6, 0x35, 0xde,
        0x14, 0xde, 0x36, 0xe6, 0xf4, 0xdd, 0x71, 0xd5, 0x15, 0xe6, 0x77, 0xe6,
        0xd9, 0xee, 0xd9, 0xe6, 0xd9, 0xe6, 0xd9, 0xe6, 0xb8, 0xe6, 0x57, 0xde,
        0x57, 0xe6, 0x35, 0xde, 0xf4, 0xdd, 0xd4, 0xd5, 0x72, 0xcd, 0xcf, 0xbc,
        0x2c, 0xb4, 0x48, 0x9b, 0xa7, 0x82, 0x66, 0x7a, 0x25, 0x72, 0x25, 0x72,
        0x66, 0x7a, 0x25, 0x72, 0x25, 0x72, 0x66, 0x7a, 0x66, 0x7a, 0xe8, 0x82,
        0x6a, 0x9b, 0x0c, 0xac, 0x0c, 0xac, 0x6d, 0xb4, 0xd4, 0xdd, 0xb8, 0xee,
        0xf9, 0xf6, 0x5b, 0xf7, 0x1b, 0xf7, 0xbf, 0xff, 0x00, 0x00, 0x00, 0x00,
        0x00, 0x00, 0x00, 0x00, 0x00, 0x00, 0x00, 0x00, 0x00, 0x00, 0x00, 0x00,
        0x00, 0x00, 0x00, 0x00, 0x00, 0x00, 0x00, 0x00, 0x00, 0x00, 0x00, 0x00,
        0x00, 0x00, 0x00, 0x00, 0x00, 0x00, 0x00, 0x00, 0x00, 0x00, 0x00, 0x00,
        0x00, 0x00, 0x00, 0x00, 0x00, 0x00, 0x00, 0x00, 0x00, 0x00, 0x00, 0x00,
        0x00, 0x00, 0x00, 0x00, 0x00, 0x00, 0x00, 0x00, 0x00, 0x00, 0x00, 0x00,
        0x00, 0x00, 0x00, 0x00, 0x00, 0x00, 0x00, 0x00, 0x00, 0x00, 0x00, 0x00,
        0x00, 0x00, 0x00, 0x00, 0x00, 0x00, 0x00, 0x00, 0x00, 0x00, 0x00, 0x00,
        0x00, 0x00, 0x00, 0x00, 0x00, 0x00, 0x00, 0x00, 0x00, 0x00, 0x00, 0x00,
        0x00, 0x00, 0x00, 0x00, 0x00, 0x00, 0x00, 0x00, 0x00, 0x00, 0x00, 0x00,
        0x00, 0x00, 0x00, 0x00, 0x00, 0x00, 0x00, 0x00, 0x00, 0x00, 0x00, 0x00,
        0x00, 0x00, 0x00, 0x00, 0x00, 0x00, 0x00, 0x00, 0x00, 0x00, 0x00, 0x00,
        0x00, 0x00, 0x00, 0x00, 0x00, 0x00, 0x00, 0x00, 0x00, 0x00, 0x00, 0x00,
        0x00, 0x00, 0x00, 0x00, 0x00, 0x00, 0x00, 0x00, 0x00, 0x00, 0x00, 0x00,
        0x00, 0x00, 0x00, 0x00, 0x00, 0x00, 0x00, 0x00, 0x00, 0x00, 0x00, 0x00,
        0x00, 0x00, 0x00, 0x00, 0x00, 0x00, 0x00, 0x00, 0x00, 0x00, 0x00, 0x00,
        0x00, 0x00, 0x00, 0x00, 0x00, 0x00, 0x00, 0x00, 0x00, 0x00, 0x00, 0x00,
        0x00, 0x00, 0x00, 0x00, 0x00, 0x00, 0x00, 0x00, 0x00, 0x00, 0x00, 0x00,
        0x00, 0x00, 0x00, 0x00, 0x00, 0x00, 0x00, 0x00, 0x00, 0x00, 0x00, 0x00,
        0x00, 0x00, 0x00, 0x00, 0x00, 0x00, 0x00, 0x00, 0x00, 0x00, 0x00, 0x00,
        0x00, 0x00, 0x00, 0x00, 0x00, 0x00, 0x00, 0x00, 0x00, 0x00, 0x00, 0x00,
        0x00, 0x00, 0x00, 0x00, 0x00, 0x00, 0x00, 0x00, 0x00, 0x00, 0x00, 0x00,
        0x00, 0x00, 0x00, 0x00, 0x00, 0x00, 0x00, 0x00, 0xff, 0xff, 0xff, 0xff,
        0xff, 0xff, 0x5c, 0xf7, 0x5c, 0xf7, 0xfa, 0xee, 0xfa, 0xee, 0xd9, 0xee,
        0x1a, 0xf7, 0x5c, 0xf7, 0x5c, 0xf7, 0x5b, 0xff, 0x1a, 0xf7, 0xf9, 0xf6,
        0xd8, 0xf6, 0xb7, 0xf6, 0x35, 0xe6, 0x14, 0xee, 0x54, 0xee, 0x54, 0xee,
        0xb7, 0xf6, 0xf9, 0xf6, 0xd8, 0xf6, 0x1a, 0xf7, 0x1b, 0xf7, 0x5c, 0xf7,
        0x5c, 0xf7, 0x7d, 0xf7, 0x9d, 0xf7, 0xbe, 0xff, 0xbe, 0xff, 0xbe, 0xff,
        0xbe, 0xff, 0x9d, 0xf7, 0x9d, 0xf7, 0x7d, 0xf7, 0x7d, 0xf7, 0xfa, 0xee,
        0x78, 0xde, 0xb4, 0xcd, 0x53, 0xc5, 0xf5, 0xd5, 0xf5, 0xd5, 0x16, 0xd6,
        0x16, 0xd6, 0xf5, 0xd5, 0xb4, 0xcd, 0x53, 0xc5, 0xf0, 0xbc, 0x2e, 0xb4,
        0xb0, 0xb4, 0xb0, 0xb4, 0x32, 0xc5, 0x38, 0xd6, 0x99, 0xe6, 0x99, 0xe6,
        0x99, 0xe6, 0x78, 0xde, 0xd9, 0xe6, 0xfa, 0xee, 0xfa, 0xee, 0xfa, 0xee,
        0xf5, 0xd5, 0x92, 0xd5, 0x57, 0xde, 0x14, 0xde, 0xf4, 0xdd, 0x35, 0xde,
        0x15, 0xde, 0x14, 0xde, 0x15, 0xe6, 0x15, 0xe6, 0x57, 0xe6, 0xb8, 0xe6,
        0xf9, 0xee, 0xfa, 0xee, 0xfa, 0xee, 0x1b, 0xf7, 0xfa, 0xee, 0xb8, 0xe6,
        0x98, 0xe6, 0x77, 0xe6, 0x57, 0xe6, 0x35, 0xde, 0x15, 0xde, 0xb3, 0xd5,
        0x30, 0xcd, 0xce, 0xc4, 0x6d, 0xb4, 0xca, 0xa3, 0x28, 0x93, 0xe8, 0x82,
        0x66, 0x7a, 0x66, 0x7a, 0xc4, 0x61, 0xc4, 0x61, 0x66, 0x7a, 0x66, 0x7a,
        0x66, 0x7a, 0xa7, 0x82, 0x48, 0x9b, 0xae, 0xbc, 0x77, 0xe6, 0x1b, 0xf7,
        0x1b, 0xf7, 0x5b, 0xf7, 0x1b, 0xf7, 0x5c, 0xf7, 0xff, 0xff, 0xff, 0xff,
        0x00, 0x00, 0x00, 0x00, 0x00, 0x00, 0x00, 0x00, 0x00, 0x00, 0x00, 0x00,
        0x00, 0x00, 0x00, 0x00, 0x00, 0x00, 0x00, 0x00, 0x00, 0x00, 0x00, 0x00,
        0x00, 0x00, 0x00, 0x00, 0x00, 0x00, 0x00, 0x00, 0x00, 0x00, 0x00, 0x00,
        0x00, 0x00, 0x00, 0x00, 0x00, 0x00, 0x00, 0x00, 0x00, 0x00, 0x00, 0x00,
        0x00, 0x00, 0x00, 0x00, 0x00, 0x00, 0x00, 0x00, 0x00, 0x00, 0x00, 0x00,
        0x00, 0x00, 0x00, 0x00, 0x00, 0x00, 0x00, 0x00, 0x00, 0x00, 0x00, 0x00,
        0x00, 0x00, 0x00, 0x00, 0x00, 0x00, 0x00, 0x00, 0x00, 0x00, 0x00, 0x00,
        0x00, 0x00, 0x00, 0x00, 0x00, 0x00, 0x00, 0x00, 0x00, 0x00, 0x00, 0x00,
        0x00, 0x00, 0x00, 0x00, 0x00, 0x00, 0x00, 0x00, 0x00, 0x00, 0x00, 0x00,
        0x00, 0x00, 0x00, 0x00, 0x00, 0x00, 0x00, 0x00, 0x00, 0x00, 0x00, 0x00,
        0x00, 0x00, 0x00, 0x00, 0x00, 0x00, 0x00, 0x00, 0x00, 0x00, 0x00, 0x00,
        0x00, 0x00, 0x00, 0x00, 0x00, 0x00, 0x00, 0x00, 0x00, 0x00, 0x00, 0x00,
        0x00, 0x00, 0x00, 0x00, 0x00, 0x00, 0x00, 0x00, 0x00, 0x00, 0x00, 0x00,
        0x00, 0x00, 0x00, 0x00, 0x00, 0x00, 0x00, 0x00, 0x00, 0x00, 0x00, 0x00,
        0x00, 0x00, 0x00, 0x00, 0x00, 0x00, 0x00, 0x00, 0x00, 0x00, 0x00, 0x00,
        0x00, 0x00, 0x00, 0x00, 0x00, 0x00, 0x00, 0x00, 0x00, 0x00, 0x00, 0x00,
        0x00, 0x00, 0x00, 0x00, 0x00, 0x00, 0x00, 0x00, 0x00, 0x00, 0x00, 0x00,
        0x00, 0x00, 0x00, 0x00, 0x00, 0x00, 0x00, 0x00, 0x00, 0x00, 0x00, 0x00,
        0x00, 0x00, 0x00, 0x00, 0x00, 0x00, 0x00, 0x00, 0x00, 0x00, 0x00, 0x00,
        0x00, 0x00, 0x00, 0x00, 0x00, 0x00, 0x00, 0x00, 0x00, 0x00, 0x00, 0x00,
        0x00, 0x00, 0x00, 0x00, 0x00, 0x00, 0x00, 0x00, 0x00, 0x00, 0x00, 0x00,
        0x00, 0x00, 0x00, 0x00, 0x00, 0x00, 0xff, 0xff, 0xff, 0xff, 0xff, 0xff,
        0x7d, 0xf7, 0x1b, 0xf7, 0xfa, 0xee, 0xd9, 0xee, 0xd9, 0xee, 0xd9, 0xee,
        0xf9, 0xee, 0x1a, 0xf7, 0x1a, 0xf7, 0x5c, 0xf7, 0x5c, 0xf7, 0x5c, 0xf7,
        0x1a, 0xf7, 0x96, 0xee, 0x96, 0xee, 0x55, 0xee, 0x54, 0xee, 0xf3, 0xed,
        0xb7, 0xf6, 0x1a, 0xf7, 0xf9, 0xf6, 0xd8, 0xf6, 0x1b, 0xf7, 0x5c, 0xf7,
        0x1b, 0xf7, 0x7d, 0xf7, 0x9d, 0xf7, 0x9d, 0xf7, 0xbe, 0xff, 0xbe, 0xff,
        0xbe, 0xff, 0xbe, 0xff, 0x9d, 0xf7, 0x7d, 0xf7, 0x3c, 0xef, 0xd9, 0xe6,
        0x78, 0xde, 0x99, 0xe6, 0xd9, 0xe6, 0xfa, 0xee, 0xfa, 0xee, 0xd9, 0xe6,
        0x99, 0xe6, 0x99, 0xe6, 0x37, 0xde, 0x16, 0xd6, 0x93, 0xcd, 0xb4, 0xcd,
        0x16, 0xd6, 0x93, 0xcd, 0x53, 0xc5, 0x53, 0xc5, 0x38, 0xd6, 0xd9, 0xe6,
        0xfa, 0xee, 0xfa, 0xee, 0x99, 0xe6, 0xfa, 0xee, 0x3c, 0xef, 0x3c, 0xef,
        0xfa, 0xee, 0x15, 0xde, 0x15, 0xde, 0x15, 0xde, 0xf4, 0xdd, 0xf4, 0xdd,
        0x14, 0xde, 0x57, 0xe6, 0x77, 0xe6, 0x98, 0xe6, 0xb8, 0xe6, 0xfa, 0xee,
        0xfa, 0xee, 0xfa, 0xee, 0xd9, 0xe6, 0xf9, 0xee, 0xfa, 0xee, 0xfa, 0xee,
        0xfa, 0xee, 0xd9, 0xe6, 0x98, 0xe6, 0x78, 0xde, 0x57, 0xde, 0x36, 0xe6,
        0xd4, 0xd5, 0x71, 0xd5, 0x30, 0xcd, 0xad, 0xc4, 0x4c, 0xbc, 0xca, 0xa3,
        0x28, 0x93, 0xe8, 0x82, 0xa7, 0x7a, 0x66, 0x7a, 0x66, 0x7a, 0x66, 0x7a,
        0xa7, 0x82, 0x48, 0x9b, 0xea, 0xab, 0xb2, 0xd5, 0xd9, 0xee, 0x1a, 0xf7,
        0x5c, 0xf7, 0x7c, 0xff, 0xfa, 0xee, 0x5c, 0xf7, 0xff, 0xff, 0x00, 0x00,
        0x00, 0x00, 0x00, 0x00, 0x00, 0x00, 0x00, 0x00, 0x00, 0x00, 0x00, 0x00,
        0x00, 0x00, 0x00, 0x00, 0x00, 0x00, 0x00, 0x00, 0x00, 0x00, 0x00, 0x00,
        0x00, 0x00, 0x00, 0x00, 0x00, 0x00, 0x00, 0x00, 0x00, 0x00, 0x00, 0x00,
        0x00, 0x00, 0x00, 0x00, 0x00, 0x00, 0x00, 0x00, 0x00, 0x00, 0x00, 0x00,
        0x00, 0x00, 0x00, 0x00, 0x00, 0x00, 0x00, 0x00, 0x00, 0x00, 0x00, 0x00,
        0x00, 0x00, 0x00, 0x00, 0x00, 0x00, 0x00, 0x00, 0x00, 0x00, 0x00, 0x00,
        0x00, 0x00, 0x00, 0x00, 0x00, 0x00, 0x00, 0x00, 0x00, 0x00, 0x00, 0x00,
        0x00, 0x00, 0x00, 0x00, 0x00, 0x00, 0x00, 0x00, 0x00, 0x00, 0x00, 0x00,
        0x00, 0x00, 0x00, 0x00, 0x00, 0x00, 0x00, 0x00, 0x00, 0x00, 0x00, 0x00,
        0x00, 0x00, 0x00, 0x00, 0x00, 0x00, 0x00, 0x00, 0x00, 0x00, 0x00, 0x00,
        0x00, 0x00, 0x00, 0x00, 0x00, 0x00, 0x00, 0x00, 0x00, 0x00, 0x00, 0x00,
        0x00, 0x00, 0x00, 0x00, 0x00, 0x00, 0x00, 0x00, 0x00, 0x00, 0x00, 0x00,
        0x00, 0x00, 0x00, 0x00, 0x00, 0x00, 0x00, 0x00, 0x00, 0x00, 0x00, 0x00,
        0x00, 0x00, 0x00, 0x00, 0x00, 0x00, 0x00, 0x00, 0x00, 0x00, 0x00, 0x00,
        0x00, 0x00, 0x00, 0x00, 0x00, 0x00, 0x00, 0x00, 0x00, 0x00, 0x00, 0x00,
        0x00, 0x00, 0x00, 0x00, 0x00, 0x00, 0x00, 0x00, 0x00, 0x00, 0x00, 0x00,
        0x00, 0x00, 0x00, 0x00, 0x00, 0x00, 0x00, 0x00, 0x00, 0x00, 0x00, 0x00,
        0x00, 0x00, 0x00, 0x00, 0x00, 0x00, 0x00, 0x00, 0x00, 0x00, 0x00, 0x00,
        0x00, 0x00, 0x00, 0x00, 0x00, 0x00, 0x00, 0x00, 0x00, 0x00, 0x00, 0x00,
        0x00, 0x00, 0x00, 0x00, 0x00, 0x00, 0x00, 0x00, 0x00, 0x00, 0x00, 0x00,
        0x00, 0x00, 0x00, 0x00, 0x00, 0x00, 0x00, 0x00, 0x00, 0x00, 0x00, 0x00,
        0x00, 0x00, 0x00, 0x00, 0x00, 0x00, 0x00, 0x00, 0xff, 0xff, 0x00, 0x00,
        0x1b, 0xf7, 0x1a, 0xf7, 0x99, 0xe6, 0x98, 0xe6, 0xd9, 0xee, 0xd9, 0xee,
        0xf9, 0xee, 0xb8, 0xee, 0xf9, 0xee, 0x1a, 0xf7, 0x1b, 0xf7, 0x1b, 0xf7,
        0xf9, 0xf6, 0xd8, 0xf6, 0xd8, 0xf6, 0x96, 0xf6, 0x55, 0xee, 0x97, 0xee,
        0xf9, 0xf6, 0xf9, 0xf6, 0xb8, 0xf6, 0x3a, 0xf7, 0x3a, 0xf7, 0x1a, 0xf7,
        0x5c, 0xf7, 0x5c, 0xf7, 0x1b, 0xf7, 0x7d, 0xf7, 0x9d, 0xf7, 0x9d, 0xf7,
        0xbe, 0xff, 0xbe, 0xff, 0x9d, 0xf7, 0x9d, 0xf7, 0x7d, 0xf7, 0x3c, 0xef,
        0x3c, 0xef, 0x3c, 0xef, 0x3c, 0xef, 0x7d, 0xf7, 0x7d, 0xf7, 0x7d, 0xf7,
        0x3c, 0xef, 0xfa, 0xee, 0xd9, 0xe6, 0x98, 0xe6, 0x57, 0xde, 0x98, 0xe6,
        0x78, 0xde, 0x38, 0xd6, 0x78, 0xde, 0xf5, 0xd5, 0x53, 0xc5, 0x38, 0xd6,
        0x3c, 0xef, 0x3c, 0xef, 0x3c, 0xef, 0xfa, 0xee, 0x3c, 0xef, 0xfa, 0xee,
        0xfa, 0xee, 0xd9, 0xe6, 0xb8, 0xe6, 0x98, 0xe6, 0x36, 0xe6, 0x98, 0xe6,
        0x77, 0xe6, 0x98, 0xe6, 0xb8, 0xe6, 0xd9, 0xe6, 0xd9, 0xe6, 0xfa, 0xee,
        0xfa, 0xee, 0xd9, 0xe6, 0xd9, 0xe6, 0xd9, 0xe6, 0xd9, 0xe6, 0xb8, 0xe6,
        0xd9, 0xee, 0xf9, 0xee, 0xf9, 0xee, 0xd9, 0xe6, 0x98, 0xe6, 0x57, 0xe6,
        0x36, 0xe6, 0x35, 0xde, 0xd4, 0xd5, 0x51, 0xcd, 0xce, 0xc4, 0x8c, 0xc4,
        0x2b, 0xb4, 0x89, 0xa3, 0x28, 0x93, 0xe8, 0x82, 0x28, 0x93, 0x89, 0xa3,
        0xca, 0xa3, 0x2b, 0xb4, 0xef, 0xc4, 0xf4, 0xdd, 0xd9, 0xee, 0x1a, 0xf7,
        0x3a, 0xf7, 0x1a, 0xf7, 0xfa, 0xee, 0x5c, 0xf7, 0xff, 0xff, 0x00, 0x00,
        0x00, 0x00, 0x00, 0x00, 0x00, 0x00, 0x00, 0x00, 0x00, 0x00, 0x00, 0x00,
        0x00, 0x00, 0x00, 0x00, 0x00, 0x00, 0x00, 0x00, 0x00, 0x00, 0x00, 0x00,
        0x00, 0x00, 0x00, 0x00, 0x00, 0x00, 0x00, 0x00, 0x00, 0x00, 0x00, 0x00,
        0x00, 0x00, 0x00, 0x00, 0x00, 0x00, 0x00, 0x00, 0x00, 0x00, 0x00, 0x00,
        0x00, 0x00, 0x00, 0x00, 0x00, 0x00, 0x00, 0x00, 0x00, 0x00, 0x00, 0x00,
        0x00, 0x00, 0x00, 0x00, 0x00, 0x00, 0x00, 0x00, 0x00, 0x00, 0x00, 0x00,
        0x00, 0x00, 0x00, 0x00, 0x00, 0x00, 0x00, 0x00, 0x00, 0x00, 0x00, 0x00,
        0x00, 0x00, 0x00, 0x00, 0x00, 0x00, 0x00, 0x00, 0x00, 0x00, 0x00, 0x00,
        0x00, 0x00, 0x00, 0x00, 0x00, 0x00, 0x00, 0x00, 0x00, 0x00, 0x00, 0x00,
        0x00, 0x00, 0x00, 0x00, 0x00, 0x00, 0x00, 0x00, 0x00, 0x00, 0x00, 0x00,
        0x00, 0x00, 0x00, 0x00, 0x00, 0x00, 0x00, 0x00, 0x00, 0x00, 0x00, 0x00,
        0x00, 0x00, 0x00, 0x00, 0x00, 0x00, 0x00, 0x00, 0x00, 0x00, 0x00, 0x00,
        0x00, 0x00, 0x00, 0x00, 0x00, 0x00, 0x00, 0x00, 0x00, 0x00, 0x00, 0x00,
        0x00, 0x00, 0x00, 0x00, 0x00, 0x00, 0x00, 0x00, 0x00, 0x00, 0x00, 0x00,
        0x00, 0x00, 0x00, 0x00, 0x00, 0x00, 0x00, 0x00, 0x00, 0x00, 0x00, 0x00,
        0x00, 0x00, 0x00, 0x00, 0x00, 0x00, 0x00, 0x00, 0x00, 0x00, 0x00, 0x00,
        0x00, 0x00, 0x00, 0x00, 0x00, 0x00, 0x00, 0x00, 0x00, 0x00, 0x00, 0x00,
        0x00, 0x00, 0x00, 0x00, 0x00, 0x00, 0x00, 0x00, 0x00, 0x00, 0x00, 0x00,
        0x00, 0x00, 0x00, 0x00, 0x00, 0x00, 0x00, 0x00, 0x00, 0x00, 0x00, 0x00,
        0x00, 0x00, 0x00, 0x00, 0x00, 0x00, 0x00, 0x00, 0x00, 0x00, 0x00, 0x00,
        0x00, 0x00, 0x00, 0x00, 0x00, 0x00, 0x00, 0x00, 0x00, 0x00, 0x00, 0x00,
        0x00, 0x00, 0x00, 0x00, 0xff, 0xff, 0x5c, 0xf7, 0x5c, 0xf7, 0x1b, 0xf7,
        0x7c, 0xff, 0xd9, 0xe6, 0x78, 0xde, 0x98, 0xe6, 0xd9, 0xee, 0xd9, 0xe6,
        0xd9, 0xee, 0xd9, 0xee, 0x98, 0xe6, 0x77, 0xe6, 0x56, 0xe6, 0xb8, 0xee,
        0x3a, 0xf7, 0x3a, 0xf7, 0xf9, 0xf6, 0xd8, 0xf6, 0xd8, 0xf6, 0xf9, 0xf6,
        0xb8, 0xf6, 0xb7, 0xf6, 0xd8, 0xf6, 0x3a, 0xf7, 0xd8, 0xf6, 0x3a, 0xf7,
        0x5c, 0xf7, 0xf9, 0xee, 0x1a, 0xf7, 0x5c, 0xf7, 0x5c, 0xf7, 0x9d, 0xf7,
        0xbe, 0xff, 0xbe, 0xff, 0xbe, 0xff, 0xbe, 0xff, 0xbe, 0xff, 0x9d, 0xf7,
        0x7d, 0xf7, 0x9d, 0xf7, 0x9d, 0xf7, 0x9d, 0xf7, 0x9d, 0xf7, 0x9d, 0xf7,
        0x7d, 0xf7, 0x7d, 0xf7, 0x3c, 0xef, 0x3c, 0xef, 0xfa, 0xee, 0xfa, 0xee,
        0x3c, 0xef, 0x99, 0xe6, 0xfa, 0xee, 0xd9, 0xe6, 0x38, 0xd6, 0xf5, 0xd5,
        0xd9, 0xe6, 0x3c, 0xef, 0x7d, 0xf7, 0x3c, 0xef, 0x3c, 0xef, 0x3c, 0xef,
        0xd9, 0xe6, 0xd9, 0xe6, 0xb8, 0xe6, 0x1a, 0xf7, 0xd9, 0xe6, 0xb8, 0xe6,
        0x3c, 0xef, 0xfa, 0xee, 0xfa, 0xee, 0x3c, 0xef, 0xfa, 0xee, 0xfa, 0xee,
        0xfa, 0xee, 0xd9, 0xe6, 0x98, 0xe6, 0x78, 0xde, 0x57, 0xde, 0x36, 0xe6,
        0x35, 0xde, 0xf4, 0xdd, 0xb3, 0xd5, 0x35, 0xde, 0xd9, 0xee, 0xd9, 0xee,
        0x77, 0xe6, 0x35, 0xde, 0x15, 0xde, 0x15, 0xde, 0xf4, 0xdd, 0x10, 0xc5,
        0xad, 0xc4, 0x6d, 0xb4, 0xea, 0xab, 0x89, 0xa3, 0xea, 0xab, 0xae, 0xbc,
        0x10, 0xc5, 0x51, 0xcd, 0x35, 0xde, 0xd9, 0xee, 0xf9, 0xee, 0x1a, 0xf7,
        0x3a, 0xf7, 0x1b, 0xf7, 0x5b, 0xf7, 0xfa, 0xee, 0x7d, 0xf7, 0xff, 0xff,
        0x00, 0x00, 0x00, 0x00, 0x00, 0x00, 0x00, 0x00, 0x00, 0x00, 0x00, 0x00,
        0x00, 0x00, 0x00, 0x00, 0x00, 0x00, 0x00, 0x00, 0x00, 0x00, 0x00, 0x00,
        0x00, 0x00, 0x00, 0x00, 0x00, 0x00, 0x00, 0x00, 0x00, 0x00, 0x00, 0x00,
        0x00, 0x00, 0x00, 0x00, 0x00, 0x00, 0x00, 0x00, 0x00, 0x00, 0x00, 0x00,
        0x00, 0x00, 0x00, 0x00, 0x00, 0x00, 0x00, 0x00, 0x00, 0x00, 0x00, 0x00,
        0x00, 0x00, 0x00, 0x00, 0x00, 0x00, 0x00, 0x00, 0x00, 0x00, 0x00, 0x00,
        0x00, 0x00, 0x00, 0x00, 0x00, 0x00, 0x00, 0x00, 0x00, 0x00, 0x00, 0x00,
        0x00, 0x00, 0x00, 0x00, 0x00, 0x00, 0x00, 0x00, 0x00, 0x00, 0x00, 0x00,
        0x00, 0x00, 0x00, 0x00, 0x00, 0x00, 0x00, 0x00, 0x00, 0x00, 0x00, 0x00,
        0x00, 0x00, 0x00, 0x00, 0x00, 0x00, 0x00, 0x00, 0x00, 0x00, 0x00, 0x00,
        0x00, 0x00, 0x00, 0x00, 0x00, 0x00, 0x00, 0x00, 0x00, 0x00, 0x00, 0x00,
        0x00, 0x00, 0x00, 0x00, 0x00, 0x00, 0x00, 0x00, 0x00, 0x00, 0x00, 0x00,
        0x00, 0x00, 0x00, 0x00, 0x00, 0x00, 0x00, 0x00, 0x00, 0x00, 0x00, 0x00,
        0x00, 0x00, 0x00, 0x00, 0x00, 0x00, 0x00, 0x00, 0x00, 0x00, 0x00, 0x00,
        0x00, 0x00, 0x00, 0x00, 0x00, 0x00, 0x00, 0x00, 0x00, 0x00, 0x00, 0x00,
        0x00, 0x00, 0x00, 0x00, 0x00, 0x00, 0x00, 0x00, 0x00, 0x00, 0x00, 0x00,
        0x00, 0x00, 0x00, 0x00, 0x00, 0x00, 0x00, 0x00, 0x00, 0x00, 0x00, 0x00,
        0x00, 0x00, 0x00, 0x00, 0x00, 0x00, 0x00, 0x00, 0x00, 0x00, 0x00, 0x00,
        0x00, 0x00, 0x00, 0x00, 0x00, 0x00, 0x00, 0x00, 0x00, 0x00, 0x00, 0x00,
        0x00, 0x00, 0x00, 0x00, 0x00, 0x00, 0x00, 0x00, 0x00, 0x00, 0x00, 0x00,
        0x00, 0x00, 0x00, 0x00, 0x00, 0x00, 0x00, 0x00, 0x00, 0x00, 0x00, 0x00,
        0x00, 0x00, 0xff, 0xff, 0xff, 0xff, 0x5c, 0xf7, 0xfa, 0xee, 0x3c, 0xef,
        0xd9, 0xe6, 0x99, 0xe6, 0x57, 0xde, 0x77, 0xe6, 0xb8, 0xe6, 0x98, 0xe6,
        0x98, 0xe6, 0x77, 0xe6, 0x36, 0xe6, 0x77, 0xe6, 0x77, 0xe6, 0xb8, 0xee,
        0x1a, 0xf7, 0x1a, 0xf7, 0x1a, 0xf7, 0x1a, 0xf7, 0x1b, 0xf7, 0xd8, 0xf6,
        0x97, 0xee, 0xb8, 0xf6, 0x1a, 0xf7, 0xd8, 0xf6, 0xd8, 0xf6, 0xd8, 0xf6,
        0x35, 0xe6, 0x76, 0xee, 0x1a, 0xf7, 0x1a, 0xf7, 0x1a, 0xf7, 0x1b, 0xf7,
        0x5c, 0xf7, 0x7d, 0xf7, 0x9d, 0xf7, 0xbe, 0xff, 0x9d, 0xf7, 0xbe, 0xff,
        0xbe, 0xff, 0x9d, 0xf7, 0xbe, 0xff, 0x9d, 0xf7, 0xbe, 0xff, 0xbe, 0xff,
        0x9d, 0xf7, 0x9d, 0xf7, 0x3c, 0xef, 0xfa, 0xee, 0x3c, 0xef, 0x3c, 0xef,
        0xfa, 0xee, 0xfa, 0xee, 0xfa, 0xee, 0xfa, 0xee, 0xfa, 0xee, 0x99, 0xe6,
        0x78, 0xde, 0x3c, 0xef, 0x3c, 0xef, 0x7d, 0xf7, 0x3c, 0xef, 0x3c, 0xef,
        0xfa, 0xee, 0xfa, 0xee, 0xd9, 0xe6, 0xf9, 0xee, 0x7d, 0xf7, 0xfa, 0xee,
        0x3c, 0xef, 0x7d, 0xf7, 0x3c, 0xef, 0x3c, 0xef, 0x3c, 0xef, 0xd9, 0xe6,
        0xd9, 0xe6, 0xd9, 0xe6, 0x78, 0xde, 0x37, 0xde, 0x15, 0xde, 0x92, 0xd5,
        0x92, 0xd5, 0xb3, 0xd5, 0x92, 0xd5, 0x30, 0xcd, 0x30, 0xcd, 0xb2, 0xd5,
        0x77, 0xe6, 0x98, 0xe6, 0x35, 0xde, 0x92, 0xd5, 0xb3, 0xd5, 0xf5, 0xd5,
        0xb3, 0xd5, 0x72, 0xcd, 0xef, 0xc4, 0xef, 0xc4, 0x10, 0xc5, 0x92, 0xd5,
        0x15, 0xde, 0x98, 0xe6, 0xf9, 0xee, 0xd9, 0xee, 0x1a, 0xf7, 0x3a, 0xf7,
        0x3a, 0xf7, 0x1b, 0xf7, 0xfa, 0xf6, 0xfa, 0xee, 0x5c, 0xf7, 0xbf, 0xff,
        0xff, 0xff, 0xff, 0xff, 0x00, 0x00, 0x00, 0x00, 0x00, 0x00, 0x00, 0x00,
        0x00, 0x00, 0x00, 0x00, 0x00, 0x00, 0x00, 0x00, 0x00, 0x00, 0x00, 0x00,
        0x00, 0x00, 0x00, 0x00, 0x00, 0x00, 0x00, 0x00, 0x00, 0x00, 0x00, 0x00,
        0x00, 0x00, 0x00, 0x00, 0x00, 0x00, 0x00, 0x00, 0x00, 0x00, 0x00, 0x00,
        0x00, 0x00, 0x00, 0x00, 0x00, 0x00, 0x00, 0x00, 0x00, 0x00, 0x00, 0x00,
        0x00, 0x00, 0x00, 0x00, 0x00, 0x00, 0x00, 0x00, 0x00, 0x00, 0x00, 0x00,
        0x00, 0x00, 0x00, 0x00, 0x00, 0x00, 0x00, 0x00, 0x00, 0x00, 0x00, 0x00,
        0x00, 0x00, 0x00, 0x00, 0x00, 0x00, 0x00, 0x00, 0x00, 0x00, 0x00, 0x00,
        0x00, 0x00, 0x00, 0x00, 0x00, 0x00, 0x00, 0x00, 0x00, 0x00, 0x00, 0x00,
        0x00, 0x00, 0x00, 0x00, 0x00, 0x00, 0x00, 0x00, 0x00, 0x00, 0x00, 0x00,
        0x00, 0x00, 0x00, 0x00, 0x00, 0x00, 0x00, 0x00, 0x00, 0x00, 0x00, 0x00,
        0x00, 0x00, 0x00, 0x00, 0x00, 0x00, 0x00, 0x00, 0x00, 0x00, 0x00, 0x00,
        0x00, 0x00, 0x00, 0x00, 0x00, 0x00, 0x00, 0x00, 0x00, 0x00, 0x00, 0x00,
        0x00, 0x00, 0x00, 0x00, 0x00, 0x00, 0x00, 0x00, 0x00, 0x00, 0x00, 0x00,
        0x00, 0x00, 0x00, 0x00, 0x00, 0x00, 0x00, 0x00, 0x00, 0x00, 0x00, 0x00,
        0x00, 0x00, 0x00, 0x00, 0x00, 0x00, 0x00, 0x00, 0x00, 0x00, 0x00, 0x00,
        0x00, 0x00, 0x00, 0x00, 0x00, 0x00, 0x00, 0x00, 0x00, 0x00, 0x00, 0x00,
        0x00, 0x00, 0x00, 0x00, 0x00, 0x00, 0x00, 0x00, 0x00, 0x00, 0x00, 0x00,
        0x00, 0x00, 0x00, 0x00, 0x00, 0x00, 0x00, 0x00, 0x00, 0x00, 0x00, 0x00,
        0x00, 0x00, 0x00, 0x00, 0x00, 0x00, 0x00, 0x00, 0x00, 0x00, 0x00, 0x00,
        0x00, 0x00, 0x00, 0x00, 0x00, 0x00, 0x00, 0x00, 0x00, 0x00, 0x00, 0x00,
        0x00, 0x00, 0xff, 0xff, 0xff, 0xff, 0x5c, 0xf7, 0xb9, 0xee, 0x98, 0xe6,
        0xb9, 0xee, 0x15, 0xde, 0xd4, 0xd5, 0x57, 0xe6, 0x77, 0xe6, 0x36, 0xe6,
        0x36, 0xe6, 0x36, 0xe6, 0x97, 0xee, 0x15, 0xe6, 0xd3, 0xdd, 0x14, 0xde,
        0x56, 0xe6, 0x1a, 0xf7, 0x1a, 0xf7, 0xf9, 0xee, 0x1a, 0xf7, 0xd8, 0xf6,
        0xf9, 0xf6, 0x1a, 0xf7, 0x1a, 0xf7, 0xf9, 0xf6, 0x3a, 0xf7, 0x35, 0xe6,
        0xf3, 0xed, 0x76, 0xee, 0xb8, 0xf6, 0xb8, 0xf6, 0x1a, 0xf7, 0xf9, 0xee,
        0xf9, 0xee, 0x1b, 0xf7, 0x5c, 0xf7, 0x7d, 0xf7, 0xbe, 0xff, 0xbe, 0xff,
        0xbe, 0xff, 0xbe, 0xff, 0x9d, 0xf7, 0xbe, 0xff, 0xbe, 0xff, 0xbe, 0xff,
        0x9d, 0xf7, 0x9d, 0xf7, 0x7d, 0xf7, 0x3c, 0xef, 0x3c, 0xef, 0x3c, 0xef,
        0x3c, 0xef, 0x3c, 0xef, 0x3c, 0xef, 0x3c, 0xef, 0xfa, 0xee, 0xfa, 0xee,
        0xfa, 0xee, 0xfa, 0xee, 0xfa, 0xee, 0x3c, 0xef, 0x3c, 0xef, 0x3c, 0xef,
        0x3c, 0xef, 0x3c, 0xef, 0x3c, 0xef, 0x3c, 0xef, 0x3c, 0xef, 0x7d, 0xf7,
        0x3c, 0xef, 0x3c, 0xef, 0x3c, 0xef, 0xd9, 0xe6, 0x99, 0xe6, 0xd9, 0xe6,
        0x16, 0xd6, 0xf5, 0xd5, 0x16, 0xd6, 0xf5, 0xd5, 0x72, 0xcd, 0x51, 0xcd,
        0x0f, 0xcd, 0x30, 0xcd, 0x51, 0xcd, 0x0f, 0xcd, 0x30, 0xcd, 0xce, 0xc4,
        0x30, 0xcd, 0x92, 0xd5, 0x15, 0xde, 0x36, 0xe6, 0xf4, 0xdd, 0x92, 0xd5,
        0x92, 0xd5, 0x72, 0xcd, 0xb3, 0xd5, 0x35, 0xde, 0x36, 0xe6, 0x57, 0xde,
        0x98, 0xe6, 0xb8, 0xe6, 0x1a, 0xf7, 0x1a, 0xf7, 0xf9, 0xf6, 0x3a, 0xf7,
        0x1a, 0xf7, 0x1a, 0xf7, 0x1a, 0xf7, 0xb9, 0xee, 0xd9, 0xee, 0x1b, 0xf7,
        0xff, 0xff, 0xff, 0xff, 0x00, 0x00, 0x00, 0x00, 0x00, 0x00, 0x00, 0x00,
        0x00, 0x00, 0x00, 0x00, 0x00, 0x00, 0x00, 0x00, 0x00, 0x00, 0x00, 0x00,
        0x00, 0x00, 0x00, 0x00, 0x00, 0x00, 0x00, 0x00, 0x00, 0x00, 0x00, 0x00,
        0x00, 0x00, 0x00, 0x00, 0x00, 0x00, 0x00, 0x00, 0x00, 0x00, 0x00, 0x00,
        0x00, 0x00, 0x00, 0x00, 0x00, 0x00, 0x00, 0x00, 0x00, 0x00, 0x00, 0x00,
        0x00, 0x00, 0x00, 0x00, 0x00, 0x00, 0x00, 0x00, 0x00, 0x00, 0x00, 0x00,
        0x00, 0x00, 0x00, 0x00, 0x00, 0x00, 0x00, 0x00, 0x00, 0x00, 0x00, 0x00,
        0x00, 0x00, 0x00, 0x00, 0x00, 0x00, 0x00, 0x00, 0x00, 0x00, 0x00, 0x00,
        0x00, 0x00, 0x00, 0x00, 0x00, 0x00, 0x00, 0x00, 0x00, 0x00, 0x00, 0x00,
        0x00, 0x00, 0x00, 0x00, 0x00, 0x00, 0x00, 0x00, 0x00, 0x00, 0x00, 0x00,
        0x00, 0x00, 0x00, 0x00, 0x00, 0x00, 0x00, 0x00, 0x00, 0x00, 0x00, 0x00,
        0x00, 0x00, 0x00, 0x00, 0x00, 0x00, 0x00, 0x00, 0x00, 0x00, 0x00, 0x00,
        0x00, 0x00, 0x00, 0x00, 0x00, 0x00, 0x00, 0x00, 0x00, 0x00, 0x00, 0x00,
        0x00, 0x00, 0x00, 0x00, 0x00, 0x00, 0x00, 0x00, 0x00, 0x00, 0x00, 0x00,
        0x00, 0x00, 0x00, 0x00, 0x00, 0x00, 0x00, 0x00, 0x00, 0x00, 0x00, 0x00,
        0x00, 0x00, 0x00, 0x00, 0x00, 0x00, 0x00, 0x00, 0x00, 0x00, 0x00, 0x00,
        0x00, 0x00, 0x00, 0x00, 0x00, 0x00, 0x00, 0x00, 0x00, 0x00, 0x00, 0x00,
        0x00, 0x00, 0x00, 0x00, 0x00, 0x00, 0x00, 0x00, 0x00, 0x00, 0x00, 0x00,
        0x00, 0x00, 0x00, 0x00, 0x00, 0x00, 0x00, 0x00, 0x00, 0x00, 0x00, 0x00,
        0x00, 0x00, 0x00, 0x00, 0x00, 0x00, 0x00, 0x00, 0x00, 0x00, 0x00, 0x00,
        0x00, 0x00, 0x00, 0x00, 0x00, 0x00, 0x00, 0x00, 0x00, 0x00, 0x00, 0x00,
        0xff, 0xff, 0xff, 0xff, 0x7d, 0xf7, 0xfa, 0xee, 0xd9, 0xe6, 0x57, 0xe6,
        0x35, 0xde, 0x35, 0xde, 0x77, 0xe6, 0x77, 0xe6, 0x36, 0xe6, 0x15, 0xe6,
        0x15, 0xe6, 0x56, 0xe6, 0x97, 0xee, 0x35, 0xe6, 0x35, 0xe6, 0x15, 0xe6,
        0x97, 0xee, 0xd9, 0xee, 0xf9, 0xee, 0xd9, 0xee, 0xd9, 0xee, 0x1a, 0xf7,
        0x1b, 0xf7, 0x1b, 0xf7, 0x3a, 0xf7, 0x5c, 0xf7, 0xf9, 0xf6, 0x55, 0xee,
        0x96, 0xee, 0xb8, 0xf6, 0x1a, 0xf7, 0x5c, 0xf7, 0x1b, 0xf7, 0x1b, 0xf7,
        0x1b, 0xf7, 0x1b, 0xf7, 0x1b, 0xf7, 0x3c, 0xef, 0x9d, 0xf7, 0xbe, 0xff,
        0xbe, 0xff, 0xbe, 0xff, 0x9d, 0xf7, 0xbe, 0xff, 0xbe, 0xff, 0x9d, 0xf7,
        0x9d, 0xf7, 0x9d, 0xf7, 0x7d, 0xf7, 0x7d, 0xf7, 0x7d, 0xf7, 0x7d, 0xf7,
        0x3c, 0xef, 0x3c, 0xef, 0x3c, 0xef, 0x3c, 0xef, 0x3c, 0xef, 0x3c, 0xef,
        0x3c, 0xef, 0xfa, 0xee, 0x3c, 0xef, 0x3c, 0xef, 0x3c, 0xef, 0x3c, 0xef,
        0x3c, 0xef, 0x3c, 0xef, 0x3c, 0xef, 0x7d, 0xf7, 0xfa, 0xee, 0x7d, 0xf7,
        0x3c, 0xef, 0xfa, 0xee, 0xfa, 0xee, 0xfa, 0xee, 0x37, 0xde, 0x35, 0xde,
        0xf5, 0xd5, 0x10, 0xc5, 0x30, 0xcd, 0x92, 0xd5, 0x10, 0xc5, 0x4b, 0xbc,
        0x4b, 0xbc, 0x4b, 0xbc, 0xac, 0xc4, 0xce, 0xc4, 0x4c, 0xbc, 0xad, 0xc4,
        0x0f, 0xcd, 0x50, 0xcd, 0x71, 0xd5, 0xd4, 0xdd, 0xd4, 0xd5, 0xf4, 0xdd,
        0xf4, 0xdd, 0xd4, 0xd5, 0xd4, 0xdd, 0x15, 0xde, 0x77, 0xe6, 0xd9, 0xee,
        0x1a, 0xf7, 0xf9, 0xee, 0xf9, 0xee, 0xf9, 0xf6, 0xf9, 0xf6, 0xf9, 0xee,
        0xd8, 0xf6, 0xd9, 0xee, 0xf9, 0xf6, 0xfa, 0xf6, 0xb9, 0xee, 0x1b, 0xf7,
        0xff, 0xff, 0x00, 0x00, 0xff, 0xff, 0x00, 0x00, 0x00, 0x00, 0x00, 0x00,
        0x00, 0x00, 0x00, 0x00, 0x00, 0x00, 0x00, 0x00, 0x00, 0x00, 0x00, 0x00,
        0x00, 0x00, 0x00, 0x00, 0x00, 0x00, 0x00, 0x00, 0x00, 0x00, 0x00, 0x00,
        0x00, 0x00, 0x00, 0x00, 0x00, 0x00, 0x00, 0x00, 0x00, 0x00, 0x00, 0x00,
        0x00, 0x00, 0x00, 0x00, 0x00, 0x00, 0x00, 0x00, 0x00, 0x00, 0x00, 0x00,
        0x00, 0x00, 0x00, 0x00, 0x00, 0x00, 0x00, 0x00, 0x00, 0x00, 0x00, 0x00,
        0x00, 0x00, 0x00, 0x00, 0x00, 0x00, 0x00, 0x00, 0x00, 0x00, 0x00, 0x00,
        0x00, 0x00, 0x00, 0x00, 0x00, 0x00, 0x00, 0x00, 0x00, 0x00, 0x00, 0x00,
        0x00, 0x00, 0x00, 0x00, 0x00, 0x00, 0x00, 0x00, 0x00, 0x00, 0x00, 0x00,
        0x00, 0x00, 0x00, 0x00, 0x00, 0x00, 0x00, 0x00, 0x00, 0x00, 0x00, 0x00,
        0x00, 0x00, 0x00, 0x00, 0x00, 0x00, 0x00, 0x00, 0x00, 0x00, 0x00, 0x00,
        0x00, 0x00, 0x00, 0x00, 0x00, 0x00, 0x00, 0x00, 0x00, 0x00, 0x00, 0x00,
        0x00, 0x00, 0x00, 0x00, 0x00, 0x00, 0x00, 0x00, 0x00, 0x00, 0x00, 0x00,
        0x00, 0x00, 0x00, 0x00, 0x00, 0x00, 0x00, 0x00, 0x00, 0x00, 0x00, 0x00,
        0x00, 0x00, 0x00, 0x00, 0x00, 0x00, 0x00, 0x00, 0x00, 0x00, 0x00, 0x00,
        0x00, 0x00, 0x00, 0x00, 0x00, 0x00, 0x00, 0x00, 0x00, 0x00, 0x00, 0x00,
        0x00, 0x00, 0x00, 0x00, 0x00, 0x00, 0x00, 0x00, 0x00, 0x00, 0x00, 0x00,
        0x00, 0x00, 0x00, 0x00, 0x00, 0x00, 0x00, 0x00, 0x00, 0x00, 0x00, 0x00,
        0x00, 0x00, 0x00, 0x00, 0x00, 0x00, 0x00, 0x00, 0x00, 0x00, 0x00, 0x00,
        0x00, 0x00, 0x00, 0x00, 0x00, 0x00, 0x00, 0x00, 0x00, 0x00, 0x00, 0x00,
        0x00, 0x00, 0x00, 0x00, 0x00, 0x00, 0x00, 0x00, 0x00, 0x00, 0x00, 0x00,
        0x00, 0x00, 0xff, 0xff, 0xbf, 0xff, 0xfa, 0xee, 0xd9, 0xee, 0x57, 0xde,
        0x15, 0xde, 0x57, 0xe6, 0xb8, 0xe6, 0xb8, 0xe6, 0x98, 0xe6, 0x36, 0xe6,
        0x35, 0xde, 0xd3, 0xdd, 0xd3, 0xdd, 0x14, 0xde, 0x34, 0xe6, 0xb8, 0xee,
        0xb8, 0xee, 0xf9, 0xee, 0xd9, 0xee, 0xb8, 0xee, 0x97, 0xee, 0xf4, 0xdd,
        0xf4, 0xdd, 0x1a, 0xf7, 0x5c, 0xf7, 0x5c, 0xf7, 0xf9, 0xf6, 0xf9, 0xf6,
        0x1a, 0xf7, 0x5c, 0xf7, 0x5c, 0xf7, 0x7d, 0xf7, 0x5c, 0xf7, 0x5c, 0xf7,
        0x5c, 0xf7, 0x1b, 0xf7, 0xf9, 0xee, 0x1b, 0xf7, 0x5c, 0xf7, 0x9d, 0xf7,
        0xbe, 0xff, 0x9d, 0xf7, 0x9d, 0xf7, 0xbe, 0xff, 0xbe, 0xff, 0xbe, 0xff,
        0x9d, 0xf7, 0x7d, 0xf7, 0x9d, 0xf7, 0x7d, 0xf7, 0x7d, 0xf7, 0x7d, 0xf7,
        0x7d, 0xf7, 0x3c, 0xef, 0x3c, 0xef, 0x3c, 0xef, 0x3c, 0xef, 0x3c, 0xef,
        0x3c, 0xef, 0x3c, 0xef, 0x3c, 0xef, 0x3c, 0xef, 0x7d, 0xf7, 0x3c, 0xef,
        0x3c, 0xef, 0x3c, 0xef, 0x3c, 0xef, 0x3c, 0xef, 0xfa, 0xee, 0x98, 0xe6,
        0xfa, 0xee, 0x98, 0xe6, 0xd9, 0xe6, 0x57, 0xe6, 0x37, 0xde, 0x92, 0xd5,
        0xd4, 0xd5, 0xd4, 0xd5, 0xce, 0xc4, 0xee, 0xcc, 0x50, 0xcd, 0x50, 0xcd,
        0x4b, 0xbc, 0x2b, 0xbc, 0x09, 0xb4, 0x2b, 0xbc, 0x2b, 0xbc, 0xc9, 0xb3,
        0x2b, 0xbc, 0xad, 0xc4, 0x30, 0xcd, 0x71, 0xd5, 0xb3, 0xd5, 0xb3, 0xd5,
        0x14, 0xde, 0x98, 0xe6, 0x98, 0xe6, 0x98, 0xe6, 0x98, 0xe6, 0x35, 0xde,
        0x56, 0xe6, 0xf9, 0xee, 0x3a, 0xf7, 0x3a, 0xf7, 0x1a, 0xf7, 0xf9, 0xee,
        0xf9, 0xee, 0xd8, 0xf6, 0x1a, 0xf7, 0xfa, 0xf6, 0xfa, 0xee, 0x5c, 0xf7,
        0xff, 0xff, 0x00, 0x00, 0x00, 0x00, 0x00, 0x00, 0x00, 0x00, 0x00, 0x00,
        0x00, 0x00, 0x00, 0x00, 0x00, 0x00, 0x00, 0x00, 0x00, 0x00, 0x00, 0x00,
        0x00, 0x00, 0x00, 0x00, 0x00, 0x00, 0x00, 0x00, 0x00, 0x00, 0x00, 0x00,
        0x00, 0x00, 0x00, 0x00, 0x00, 0x00, 0x00, 0x00, 0x00, 0x00, 0x00, 0x00,
        0x00, 0x00, 0x00, 0x00, 0x00, 0x00, 0x00, 0x00, 0x00, 0x00, 0x00, 0x00,
        0x00, 0x00, 0x00, 0x00, 0x00, 0x00, 0x00, 0x00, 0x00, 0x00, 0x00, 0x00,
        0x00, 0x00, 0x00, 0x00, 0x00, 0x00, 0x00, 0x00, 0x00, 0x00, 0x00, 0x00,
        0x00, 0x00, 0x00, 0x00, 0x00, 0x00, 0x00, 0x00, 0x00, 0x00, 0x00, 0x00,
        0x00, 0x00, 0x00, 0x00, 0x00, 0x00, 0x00, 0x00, 0x00, 0x00, 0x00, 0x00,
        0x00, 0x00, 0x00, 0x00, 0x00, 0x00, 0x00, 0x00, 0x00, 0x00, 0x00, 0x00,
        0x00, 0x00, 0x00, 0x00, 0x00, 0x00, 0x00, 0x00, 0x00, 0x00, 0x00, 0x00,
        0x00, 0x00, 0x00, 0x00, 0x00, 0x00, 0x00, 0x00, 0x00, 0x00, 0x00, 0x00,
        0x00, 0x00, 0x00, 0x00, 0x00, 0x00, 0x00, 0x00, 0x00, 0x00, 0x00, 0x00,
        0x00, 0x00, 0x00, 0x00, 0x00, 0x00, 0x00, 0x00, 0x00, 0x00, 0x00, 0x00,
        0x00, 0x00, 0x00, 0x00, 0x00, 0x00, 0x00, 0x00, 0x00, 0x00, 0x00, 0x00,
        0x00, 0x00, 0x00, 0x00, 0x00, 0x00, 0x00, 0x00, 0x00, 0x00, 0x00, 0x00,
        0x00, 0x00, 0x00, 0x00, 0x00, 0x00, 0x00, 0x00, 0x00, 0x00, 0x00, 0x00,
        0x00, 0x00, 0x00, 0x00, 0x00, 0x00, 0x00, 0x00, 0x00, 0x00, 0x00, 0x00,
        0x00, 0x00, 0x00, 0x00, 0x00, 0x00, 0x00, 0x00, 0x00, 0x00, 0x00, 0x00,
        0x00, 0x00, 0x00, 0x00, 0x00, 0x00, 0x00, 0x00, 0x00, 0x00, 0x00, 0x00,
        0x00, 0x00, 0x00, 0x00, 0x00, 0x00, 0x00, 0x00, 0x00, 0x00, 0xff, 0xff,
        0xff, 0xff, 0xff, 0xff, 0x5c, 0xf7, 0x1b, 0xf7, 0xd9, 0xee, 0x35, 0xde,
        0xd4, 0xd5, 0x76, 0xee, 0x77, 0xe6, 0x77, 0xe6, 0x77, 0xe6, 0x15, 0xe6,
        0x15, 0xe6, 0xd3, 0xdd, 0xd3, 0xdd, 0x15, 0xe6, 0x56, 0xe6, 0x14, 0xe6,
        0x56, 0xe6, 0x76, 0xee, 0x97, 0xee, 0x97, 0xee, 0x14, 0xde, 0x30, 0xcd,
        0x72, 0xcd, 0x72, 0xcd, 0xd9, 0xee, 0x1a, 0xf7, 0x1a, 0xf7, 0x1b, 0xf7,
        0x7d, 0xf7, 0x7d, 0xf7, 0x7d, 0xf7, 0x5c, 0xf7, 0x5c, 0xf7, 0x5c, 0xf7,
        0x1a, 0xf7, 0xf9, 0xee, 0x1a, 0xf7, 0x1b, 0xf7, 0x5c, 0xf7, 0x7d, 0xf7,
        0x7d, 0xf7, 0x7d, 0xf7, 0x9d, 0xf7, 0x9d, 0xf7, 0xbe, 0xff, 0x9d, 0xf7,
        0xbe, 0xff, 0x9d, 0xf7, 0x9d, 0xf7, 0x9d, 0xf7, 0x9d, 0xf7, 0x7d, 0xf7,
        0x7d, 0xf7, 0x7d, 0xf7, 0x7d, 0xf7, 0x7d, 0xf7, 0x7d, 0xf7, 0x7d, 0xf7,
        0x7d, 0xf7, 0x7d, 0xf7, 0x7d, 0xf7, 0x3c, 0xef, 0x7d, 0xf7, 0x3c, 0xef,
        0x3c, 0xef, 0x3c, 0xef, 0x3c, 0xef, 0xd9, 0xe6, 0xfa, 0xee, 0x15, 0xde,
        0x36, 0xe6, 0x57, 0xe6, 0x77, 0xe6, 0x35, 0xde, 0x35, 0xde, 0x15, 0xde,
        0x30, 0xcd, 0x71, 0xd5, 0x71, 0xd5, 0xac, 0xc4, 0x8c, 0xcc, 0xee, 0xcc,
        0x71, 0xd5, 0xce, 0xc4, 0xac, 0xc4, 0xac, 0xc4, 0x8c, 0xc4, 0x8c, 0xc4,
        0x4c, 0xbc, 0xad, 0xc4, 0x51, 0xcd, 0xf4, 0xdd, 0x36, 0xe6, 0x37, 0xde,
        0x57, 0xe6, 0x98, 0xe6, 0x98, 0xe6, 0x37, 0xde, 0xd4, 0xd5, 0x15, 0xde,
        0x35, 0xe6, 0xb8, 0xee, 0xf9, 0xee, 0x1a, 0xf7, 0x1b, 0xf7, 0x1a, 0xf7,
        0xb8, 0xee, 0xb8, 0xee, 0xf9, 0xee, 0x1a, 0xf7, 0xfa, 0xf6, 0x5c, 0xf7,
        0xff, 0xff, 0xff, 0xff, 0x00, 0x00, 0x00, 0x00, 0x00, 0x00, 0x00, 0x00,
        0x00, 0x00, 0x00, 0x00, 0x00, 0x00, 0x00, 0x00, 0x00, 0x00, 0x00, 0x00,
        0x00, 0x00, 0x00, 0x00, 0x00, 0x00, 0x00, 0x00, 0x00, 0x00, 0x00, 0x00,
        0x00, 0x00, 0x00, 0x00, 0x00, 0x00, 0x00, 0x00, 0x00, 0x00, 0x00, 0x00,
        0x00, 0x00, 0x00, 0x00, 0x00, 0x00, 0x00, 0x00, 0x00, 0x00, 0x00, 0x00,
        0x00, 0x00, 0x00, 0x00, 0x00, 0x00, 0x00, 0x00, 0x00, 0x00, 0x00, 0x00,
        0x00, 0x00, 0x00, 0x00, 0x00, 0x00, 0x00, 0x00, 0x00, 0x00, 0x00, 0x00,
        0x00, 0x00, 0x00, 0x00, 0x00, 0x00, 0x00, 0x00, 0x00, 0x00, 0x00, 0x00,
        0x00, 0x00, 0x00, 0x00, 0x00, 0x00, 0x00, 0x00, 0x00, 0x00, 0x00, 0x00,
        0x00, 0x00, 0x00, 0x00, 0x00, 0x00, 0x00, 0x00, 0x00, 0x00, 0x00, 0x00,
        0x00, 0x00, 0x00, 0x00, 0x00, 0x00, 0x00, 0x00, 0x00, 0x00, 0x00, 0x00,
        0x00, 0x00, 0x00, 0x00, 0x00, 0x00, 0x00, 0x00, 0x00, 0x00, 0x00, 0x00,
        0x00, 0x00, 0x00, 0x00, 0x00, 0x00, 0x00, 0x00, 0x00, 0x00, 0x00, 0x00,
        0x00, 0x00, 0x00, 0x00, 0x00, 0x00, 0x00, 0x00, 0x00, 0x00, 0x00, 0x00,
        0x00, 0x00, 0x00, 0x00, 0x00, 0x00, 0x00, 0x00, 0x00, 0x00, 0x00, 0x00,
        0x00, 0x00, 0x00, 0x00, 0x00, 0x00, 0x00, 0x00, 0x00, 0x00, 0x00, 0x00,
        0x00, 0x00, 0x00, 0x00, 0x00, 0x00, 0x00, 0x00, 0x00, 0x00, 0x00, 0x00,
        0x00, 0x00, 0x00, 0x00, 0x00, 0x00, 0x00, 0x00, 0x00, 0x00, 0x00, 0x00,
        0x00, 0x00, 0x00, 0x00, 0x00, 0x00, 0x00, 0x00, 0x00, 0x00, 0x00, 0x00,
        0x00, 0x00, 0x00, 0x00, 0x00, 0x00, 0x00, 0x00, 0x00, 0x00, 0x00, 0x00,
        0x00, 0x00, 0x00, 0x00, 0x00, 0x00, 0x00, 0x00, 0xff, 0xff, 0xff, 0xff,
        0x5c, 0xf7, 0x1b, 0xf7, 0xfa, 0xee, 0xd9, 0xee, 0xb9, 0xee, 0x57, 0xe6,
        0x15, 0xde, 0x35, 0xde, 0x77, 0xe6, 0x77, 0xe6, 0x36, 0xe6, 0xf4, 0xdd,
        0x14, 0xde, 0x97, 0xee, 0x35, 0xe6, 0x35, 0xe6, 0x34, 0xe6, 0x35, 0xe6,
        0x35, 0xe6, 0x55, 0xee, 0x97, 0xee, 0x97, 0xee, 0xb2, 0xd5, 0xad, 0xc4,
        0x2b, 0xb4, 0x72, 0xcd, 0xd4, 0xd5, 0x77, 0xe6, 0xd9, 0xee, 0xd9, 0xee,
        0x1b, 0xf7, 0x1b, 0xf7, 0x7d, 0xf7, 0x5c, 0xf7, 0x5c, 0xf7, 0x1b, 0xf7,
        0x1a, 0xf7, 0xfa, 0xee, 0x1b, 0xf7, 0x1b, 0xf7, 0x7d, 0xf7, 0x5c, 0xf7,
        0x7d, 0xf7, 0x7d, 0xf7, 0x7d, 0xf7, 0x7d, 0xf7, 0x9d, 0xf7, 0x9d, 0xf7,
        0x9d, 0xf7, 0x9d, 0xf7, 0x9d, 0xf7, 0xbe, 0xff, 0x9d, 0xf7, 0x9d, 0xf7,
        0x9d, 0xf7, 0x9d, 0xf7, 0x9d, 0xf7, 0x7d, 0xf7, 0x7d, 0xf7, 0x7d, 0xf7,
        0x7d, 0xf7, 0x7d, 0xf7, 0x7d, 0xf7, 0x3c, 0xef, 0x3c, 0xef, 0x3c, 0xef,
        0x3c, 0xef, 0xd9, 0xe6, 0xd9, 0xe6, 0x78, 0xde, 0xb8, 0xe6, 0x57, 0xe6,
        0xf4, 0xdd, 0x98, 0xe6, 0xd3, 0xdd, 0x35, 0xde, 0xf4, 0xdd, 0x35, 0xde,
        0x30, 0xcd, 0x8c, 0xcc, 0x0f, 0xcd, 0xb2, 0xd5, 0xee, 0xcc, 0xcd, 0xcc,
        0xcd, 0xcc, 0xb2, 0xd5, 0x30, 0xcd, 0x0f, 0xcd, 0x70, 0xd5, 0x71, 0xd5,
        0x71, 0xd5, 0x71, 0xd5, 0xd4, 0xdd, 0x57, 0xde, 0x77, 0xe6, 0x98, 0xe6,
        0x57, 0xde, 0x16, 0xd6, 0xb4, 0xcd, 0x10, 0xc5, 0xcf, 0xbc, 0x51, 0xcd,
        0x14, 0xde, 0xb8, 0xee, 0xb8, 0xee, 0xb8, 0xee, 0x97, 0xee, 0xb8, 0xee,
        0xd9, 0xee, 0x1a, 0xf7, 0x1b, 0xf7, 0x1a, 0xf7, 0x5b, 0xf7, 0x1b, 0xf7,
        0xbf, 0xff, 0x00, 0x00, 0xff, 0xff, 0x00, 0x00, 0x00, 0x00, 0x00, 0x00,
        0x00, 0x00, 0x00, 0x00, 0x00, 0x00, 0x00, 0x00, 0x00, 0x00, 0x00, 0x00,
        0x00, 0x00, 0x00, 0x00, 0x00, 0x00, 0x00, 0x00, 0x00, 0x00, 0x00, 0x00,
        0x00, 0x00, 0x00, 0x00, 0x00, 0x00, 0x00, 0x00, 0x00, 0x00, 0x00, 0x00,
        0x00, 0x00, 0x00, 0x00, 0x00, 0x00, 0x00, 0x00, 0x00, 0x00, 0x00, 0x00,
        0x00, 0x00, 0x00, 0x00, 0x00, 0x00, 0x00, 0x00, 0x00, 0x00, 0x00, 0x00,
        0x00, 0x00, 0x00, 0x00, 0x00, 0x00, 0x00, 0x00, 0x00, 0x00, 0x00, 0x00,
        0x00, 0x00, 0x00, 0x00, 0x00, 0x00, 0x00, 0x00, 0x00, 0x00, 0x00, 0x00,
        0x00, 0x00, 0x00, 0x00, 0x00, 0x00, 0x00, 0x00, 0x00, 0x00, 0x00, 0x00,
        0x00, 0x00, 0x00, 0x00, 0x00, 0x00, 0x00, 0x00, 0x00, 0x00, 0x00, 0x00,
        0x00, 0x00, 0x00, 0x00, 0x00, 0x00, 0x00, 0x00, 0x00, 0x00, 0x00, 0x00,
        0x00, 0x00, 0x00, 0x00, 0x00, 0x00, 0x00, 0x00, 0x00, 0x00, 0x00, 0x00,
        0x00, 0x00, 0x00, 0x00, 0x00, 0x00, 0x00, 0x00, 0x00, 0x00, 0x00, 0x00,
        0x00, 0x00, 0x00, 0x00, 0x00, 0x00, 0x00, 0x00, 0x00, 0x00, 0x00, 0x00,
        0x00, 0x00, 0x00, 0x00, 0x00, 0x00, 0x00, 0x00, 0x00, 0x00, 0x00, 0x00,
        0x00, 0x00, 0x00, 0x00, 0x00, 0x00, 0x00, 0x00, 0x00, 0x00, 0x00, 0x00,
        0x00, 0x00, 0x00, 0x00, 0x00, 0x00, 0x00, 0x00, 0x00, 0x00, 0x00, 0x00,
        0x00, 0x00, 0x00, 0x00, 0x00, 0x00, 0x00, 0x00, 0x00, 0x00, 0x00, 0x00,
        0x00, 0x00, 0x00, 0x00, 0x00, 0x00, 0x00, 0x00, 0x00, 0x00, 0x00, 0x00,
        0x00, 0x00, 0x00, 0x00, 0x00, 0x00, 0x00, 0x00, 0x00, 0x00, 0x00, 0x00,
        0x00, 0x00, 0x00, 0x00, 0x00, 0x00, 0xff, 0xff, 0xff, 0xff, 0xff, 0xff,
        0x5c, 0xf7, 0xfa, 0xee, 0xfa, 0xf6, 0x98, 0xe6, 0x36, 0xe6, 0x36, 0xe6,
        0x57, 0xe6, 0xd9, 0xee, 0xd9, 0xee, 0x98, 0xe6, 0x36, 0xe6, 0x15, 0xe6,
        0x35, 0xe6, 0x56, 0xe6, 0x98, 0xe6, 0x35, 0xe6, 0x56, 0xe6, 0x14, 0xe6,
        0x34, 0xe6, 0x76, 0xee, 0xd8, 0xf6, 0xb8, 0xf6, 0x35, 0xe6, 0x0f, 0xcd,
        0xef, 0xc4, 0xcf, 0xbc, 0xca, 0xa3, 0x10, 0xc5, 0x35, 0xde, 0xd9, 0xee,
        0xb8, 0xe6, 0xf9, 0xee, 0xfa, 0xee, 0xfa, 0xee, 0xfa, 0xee, 0x1b, 0xf7,
        0x1b, 0xf7, 0x3c, 0xef, 0x3c, 0xef, 0x5c, 0xf7, 0x5c, 0xf7, 0x7d, 0xf7,
        0x7d, 0xf7, 0x7d, 0xf7, 0x9d, 0xf7, 0x9d, 0xf7, 0x9d, 0xf7, 0x7d, 0xf7,
        0x7d, 0xf7, 0x9d, 0xf7, 0x9d, 0xf7, 0x7d, 0xf7, 0x7d, 0xf7, 0x7d, 0xf7,
        0x9d, 0xf7, 0x9d, 0xf7, 0x9d, 0xf7, 0x9d, 0xf7, 0x7d, 0xf7, 0x7d, 0xf7,
        0x7d, 0xf7, 0x3c, 0xef, 0x3c, 0xef, 0x3c, 0xef, 0x3c, 0xef, 0x3c, 0xef,
        0xfa, 0xee, 0xd9, 0xe6, 0xb8, 0xe6, 0x57, 0xde, 0x77, 0xe6, 0xd9, 0xee,
        0x36, 0xe6, 0xb8, 0xee, 0xb8, 0xe6, 0xd3, 0xdd, 0x57, 0xe6, 0xd3, 0xdd,
        0x15, 0xe6, 0x0f, 0xcd, 0x0f, 0xcd, 0x91, 0xd5, 0xb3, 0xd5, 0x0f, 0xcd,
        0x0f, 0xcd, 0x2f, 0xd5, 0xd3, 0xdd, 0xf4, 0xdd, 0x14, 0xde, 0x36, 0xe6,
        0x77, 0xe6, 0x77, 0xe6, 0x77, 0xe6, 0x78, 0xde, 0x78, 0xde, 0x16, 0xd6,
        0xb4, 0xcd, 0x8e, 0xb4, 0x2e, 0xa4, 0x8e, 0xb4, 0xae, 0xbc, 0x30, 0xcd,
        0xd3, 0xdd, 0xb8, 0xee, 0xf9, 0xee, 0xd9, 0xee, 0x97, 0xee, 0x35, 0xe6,
        0x34, 0xe6, 0x97, 0xee, 0x1a, 0xf7, 0x1a, 0xf7, 0x5b, 0xf7, 0x1b, 0xf7,
        0x7d, 0xf7, 0xff, 0xff, 0x00, 0x00, 0x00, 0x00, 0x00, 0x00, 0x00, 0x00,
        0x00, 0x00, 0x00, 0x00, 0x00, 0x00, 0x00, 0x00, 0x00, 0x00, 0x00, 0x00,
        0x00, 0x00, 0x00, 0x00, 0x00, 0x00, 0x00, 0x00, 0x00, 0x00, 0x00, 0x00,
        0x00, 0x00, 0x00, 0x00, 0x00, 0x00, 0x00, 0x00, 0x00, 0x00, 0x00, 0x00,
        0x00, 0x00, 0x00, 0x00, 0x00, 0x00, 0x00, 0x00, 0x00, 0x00, 0x00, 0x00,
        0x00, 0x00, 0x00, 0x00, 0x00, 0x00, 0x00, 0x00, 0x00, 0x00, 0x00, 0x00,
        0x00, 0x00, 0x00, 0x00, 0x00, 0x00, 0x00, 0x00, 0x00, 0x00, 0x00, 0x00,
        0x00, 0x00, 0x00, 0x00, 0x00, 0x00, 0x00, 0x00, 0x00, 0x00, 0x00, 0x00,
        0x00, 0x00, 0x00, 0x00, 0x00, 0x00, 0x00, 0x00, 0x00, 0x00, 0x00, 0x00,
        0x00, 0x00, 0x00, 0x00, 0x00, 0x00, 0x00, 0x00, 0x00, 0x00, 0x00, 0x00,
        0x00, 0x00, 0x00, 0x00, 0x00, 0x00, 0x00, 0x00, 0x00, 0x00, 0x00, 0x00,
        0x00, 0x00, 0x00, 0x00, 0x00, 0x00, 0x00, 0x00, 0x00, 0x00, 0x00, 0x00,
        0x00, 0x00, 0x00, 0x00, 0x00, 0x00, 0x00, 0x00, 0x00, 0x00, 0x00, 0x00,
        0x00, 0x00, 0x00, 0x00, 0x00, 0x00, 0x00, 0x00, 0x00, 0x00, 0x00, 0x00,
        0x00, 0x00, 0x00, 0x00, 0x00, 0x00, 0x00, 0x00, 0x00, 0x00, 0x00, 0x00,
        0x00, 0x00, 0x00, 0x00, 0x00, 0x00, 0x00, 0x00, 0x00, 0x00, 0x00, 0x00,
        0x00, 0x00, 0x00, 0x00, 0x00, 0x00, 0x00, 0x00, 0x00, 0x00, 0x00, 0x00,
        0x00, 0x00, 0x00, 0x00, 0x00, 0x00, 0x00, 0x00, 0x00, 0x00, 0x00, 0x00,
        0x00, 0x00, 0x00, 0x00, 0x00, 0x00, 0x00, 0x00, 0x00, 0x00, 0x00, 0x00,
        0x00, 0x00, 0x00, 0x00, 0x00, 0x00, 0x00, 0x00, 0x00, 0x00, 0x00, 0x00,
        0x00, 0x00, 0x00, 0x00, 0x00, 0x00, 0xff, 0xff, 0xff, 0xff, 0x5c, 0xf7,
        0x1b, 0xf7, 0x1b, 0xf7, 0xd9, 0xee, 0x57, 0xde, 0x35, 0xde, 0x35, 0xde,
        0x35, 0xde, 0x77, 0xe6, 0x98, 0xe6, 0x77, 0xe6, 0x15, 0xe6, 0x77, 0xe6,
        0x98, 0xe6, 0xd9, 0xee, 0xb8, 0xee, 0x97, 0xee, 0xb8, 0xee, 0xd2, 0xe5,
        0x34, 0xe6, 0x97, 0xee, 0x1a, 0xf7, 0xf9, 0xf6, 0x96, 0xee, 0x0f, 0xcd,
        0xcf, 0xbc, 0x28, 0x93, 0x48, 0x9b, 0xae, 0xbc, 0xb3, 0xd5, 0x36, 0xe6,
        0x77, 0xe6, 0xd9, 0xee, 0x77, 0xe6, 0x36, 0xe6, 0x98, 0xe6, 0xb8, 0xe6,
        0xfa, 0xee, 0xfa, 0xee, 0x1b, 0xf7, 0xfa, 0xee, 0xfa, 0xee, 0x3c, 0xef,
        0xfa, 0xee, 0x1b, 0xf7, 0x9d, 0xf7, 0x9d, 0xf7, 0x9d, 0xf7, 0x9d, 0xf7,
        0x9d, 0xf7, 0x9d, 0xf7, 0x9d, 0xf7, 0x9d, 0xf7, 0x7d, 0xf7, 0x7d, 0xf7,
        0x7d, 0xf7, 0x7d, 0xf7, 0x7d, 0xf7, 0x7d, 0xf7, 0x7d, 0xf7, 0x3c, 0xef,
        0x3c, 0xef, 0x3c, 0xef, 0x3c, 0xef, 0x3c, 0xef, 0xfa, 0xee, 0xfa, 0xee,
        0xfa, 0xee, 0xd9, 0xe6, 0xd9, 0xee, 0x77, 0xe6, 0x57, 0xe6, 0xd9, 0xe6,
        0x98, 0xe6, 0x77, 0xe6, 0x3c, 0xef, 0x98, 0xe6, 0xb8, 0xe6, 0xd9, 0xe6,
        0x98, 0xe6, 0xb8, 0xe6, 0x35, 0xde, 0x35, 0xde, 0x35, 0xde, 0x36, 0xe6,
        0xb2, 0xd5, 0xd3, 0xdd, 0xf4, 0xdd, 0x77, 0xe6, 0x98, 0xe6, 0x77, 0xe6,
        0xd9, 0xe6, 0xb8, 0xe6, 0xd9, 0xe6, 0x99, 0xe6, 0x16, 0xd6, 0x32, 0xc5,
        0x2e, 0xa4, 0xcb, 0x9b, 0x6a, 0x9b, 0x0c, 0xac, 0x51, 0xcd, 0x71, 0xd5,
        0xd3, 0xdd, 0x56, 0xe6, 0x97, 0xee, 0xd8, 0xf6, 0xb8, 0xee, 0x77, 0xe6,
        0x56, 0xe6, 0x35, 0xe6, 0x76, 0xee, 0xd8, 0xf6, 0xfa, 0xf6, 0xfa, 0xee,
        0x5c, 0xf7, 0xff, 0xff, 0x00, 0x00, 0x00, 0x00, 0x00, 0x00, 0x00, 0x00,
        0x00, 0x00, 0x00, 0x00, 0x00, 0x00, 0x00, 0x00, 0x00, 0x00, 0x00, 0x00,
        0x00, 0x00, 0x00, 0x00, 0x00, 0x00, 0x00, 0x00, 0x00, 0x00, 0x00, 0x00,
        0x00, 0x00, 0x00, 0x00, 0x00, 0x00, 0x00, 0x00, 0x00, 0x00, 0x00, 0x00,
        0x00, 0x00, 0x00, 0x00, 0x00, 0x00, 0x00, 0x00, 0x00, 0x00, 0x00, 0x00,
        0x00, 0x00, 0x00, 0x00, 0x00, 0x00, 0x00, 0x00, 0x00, 0x00, 0x00, 0x00,
        0x00, 0x00, 0x00, 0x00, 0x00, 0x00, 0x00, 0x00, 0x00, 0x00, 0x00, 0x00,
        0x00, 0x00, 0x00, 0x00, 0x00, 0x00, 0x00, 0x00, 0x00, 0x00, 0x00, 0x00,
        0x00, 0x00, 0x00, 0x00, 0x00, 0x00, 0x00, 0x00, 0x00, 0x00, 0x00, 0x00,
        0x00, 0x00, 0x00, 0x00, 0x00, 0x00, 0x00, 0x00, 0x00, 0x00, 0x00, 0x00,
        0x00, 0x00, 0x00, 0x00, 0x00, 0x00, 0x00, 0x00, 0x00, 0x00, 0x00, 0x00,
        0x00, 0x00, 0x00, 0x00, 0x00, 0x00, 0x00, 0x00, 0x00, 0x00, 0x00, 0x00,
        0x00, 0x00, 0x00, 0x00, 0x00, 0x00, 0x00, 0x00, 0x00, 0x00, 0x00, 0x00,
        0x00, 0x00, 0x00, 0x00, 0x00, 0x00, 0x00, 0x00, 0x00, 0x00, 0x00, 0x00,
        0x00, 0x00, 0x00, 0x00, 0x00, 0x00, 0x00, 0x00, 0x00, 0x00, 0x00, 0x00,
        0x00, 0x00, 0x00, 0x00, 0x00, 0x00, 0x00, 0x00, 0x00, 0x00, 0x00, 0x00,
        0x00, 0x00, 0x00, 0x00, 0x00, 0x00, 0x00, 0x00, 0x00, 0x00, 0x00, 0x00,
        0x00, 0x00, 0x00, 0x00, 0x00, 0x00, 0x00, 0x00, 0x00, 0x00, 0x00, 0x00,
        0x00, 0x00, 0x00, 0x00, 0x00, 0x00, 0x00, 0x00, 0x00, 0x00, 0x00, 0x00,
        0x00, 0x00, 0x00, 0x00, 0x00, 0x00, 0x00, 0x00, 0x00, 0x00, 0x00, 0x00,
        0x00, 0x00, 0x00, 0x00, 0x00, 0x00, 0xff, 0xff, 0xff, 0xff, 0x7d, 0xf7,
        0xfa, 0xee, 0xfa, 0xee, 0x98, 0xe6, 0x36, 0xe6, 0xd4, 0xd5, 0x71, 0xd5,
        0xb3, 0xd5, 0x36, 0xe6, 0x77, 0xe6, 0x77, 0xe6, 0x36, 0xe6, 0x56, 0xe6,
        0x97, 0xee, 0xb8, 0xf6, 0x97, 0xee, 0xb8, 0xf6, 0x35, 0xe6, 0x34, 0xe6,
        0x76, 0xee, 0xb8, 0xf6, 0x1a, 0xf7, 0xf9, 0xf6, 0x96, 0xee, 0xd3, 0xdd,
        0xce, 0xc4, 0xca, 0xa3, 0xca, 0xa3, 0x4d, 0xac, 0x72, 0xcd, 0x35, 0xde,
        0x98, 0xe6, 0xf9, 0xee, 0x97, 0xee, 0x97, 0xee, 0x77, 0xe6, 0x77, 0xe6,
        0x77, 0xe6, 0x35, 0xde, 0x77, 0xe6, 0xd9, 0xe6, 0xd9, 0xe6, 0xb8, 0xe6,
        0xb8, 0xe6, 0xd9, 0xe6, 0x7d, 0xf7, 0x7d, 0xf7, 0x7d, 0xf7, 0x7d, 0xf7,
        0x9d, 0xf7, 0x9d, 0xf7, 0x9d, 0xf7, 0x9d, 0xf7, 0x9d, 0xf7, 0x7d, 0xf7,
        0x7d, 0xf7, 0x7d, 0xf7, 0x7d, 0xf7, 0x7d, 0xf7, 0x3c, 0xef, 0x7d, 0xf7,
        0x3c, 0xef, 0x3c, 0xef, 0xfa, 0xee, 0xfa, 0xee, 0xfa, 0xee, 0xfa, 0xee,
        0x1b, 0xf7, 0xd9, 0xe6, 0xf9, 0xee, 0xd9, 0xee, 0x77, 0xe6, 0xb8, 0xe6,
        0xd9, 0xee, 0x98, 0xe6, 0xfa, 0xee, 0xfa, 0xee, 0xd9, 0xe6, 0xfa, 0xee,
        0xfa, 0xee, 0xfa, 0xee, 0x1a, 0xf7, 0xfa, 0xee, 0xd9, 0xe6, 0xd9, 0xe6,
        0xd9, 0xe6, 0x36, 0xe6, 0x98, 0xe6, 0xb8, 0xe6, 0xd9, 0xe6, 0xd9, 0xe6,
        0x98, 0xe6, 0x98, 0xe6, 0x37, 0xde, 0xb4, 0xcd, 0x53, 0xc5, 0x6f, 0xac,
        0x2e, 0xa4, 0xec, 0xa3, 0x6a, 0x9b, 0xea, 0xab, 0xce, 0xc4, 0x36, 0xe6,
        0x77, 0xe6, 0x36, 0xe6, 0xf4, 0xdd, 0xb2, 0xdd, 0xd3, 0xdd, 0x97, 0xee,
        0xd9, 0xee, 0x97, 0xee, 0xb8, 0xee, 0xf9, 0xee, 0xf9, 0xf6, 0xfa, 0xf6,
        0x1b, 0xf7, 0xff, 0xff, 0xff, 0xff, 0x00, 0x00, 0x00, 0x00, 0x00, 0x00,
        0x00, 0x00, 0x00, 0x00, 0x00, 0x00, 0x00, 0x00, 0x00, 0x00, 0x00, 0x00,
        0x00, 0x00, 0x00, 0x00, 0x00, 0x00, 0x00, 0x00, 0x00, 0x00, 0x00, 0x00,
        0x00, 0x00, 0x00, 0x00, 0x00, 0x00, 0x00, 0x00, 0x00, 0x00, 0x00, 0x00,
        0x00, 0x00, 0x00, 0x00, 0x00, 0x00, 0x00, 0x00, 0x00, 0x00, 0x00, 0x00,
        0x00, 0x00, 0x00, 0x00, 0x00, 0x00, 0x00, 0x00, 0x00, 0x00, 0x00, 0x00,
        0x00, 0x00, 0x00, 0x00, 0x00, 0x00, 0x00, 0x00, 0x00, 0x00, 0x00, 0x00,
        0x00, 0x00, 0x00, 0x00, 0x00, 0x00, 0x00, 0x00, 0x00, 0x00, 0x00, 0x00,
        0x00, 0x00, 0x00, 0x00, 0x00, 0x00, 0x00, 0x00, 0x00, 0x00, 0x00, 0x00,
        0x00, 0x00, 0x00, 0x00, 0x00, 0x00, 0x00, 0x00, 0x00, 0x00, 0x00, 0x00,
        0x00, 0x00, 0x00, 0x00, 0x00, 0x00, 0x00, 0x00, 0x00, 0x00, 0x00, 0x00,
        0x00, 0x00, 0x00, 0x00, 0x00, 0x00, 0x00, 0x00, 0x00, 0x00, 0x00, 0x00,
        0x00, 0x00, 0x00, 0x00, 0x00, 0x00, 0x00, 0x00, 0x00, 0x00, 0x00, 0x00,
        0x00, 0x00, 0x00, 0x00, 0x00, 0x00, 0x00, 0x00, 0x00, 0x00, 0x00, 0x00,
        0x00, 0x00, 0x00, 0x00, 0x00, 0x00, 0x00, 0x00, 0x00, 0x00, 0x00, 0x00,
        0x00, 0x00, 0x00, 0x00, 0x00, 0x00, 0x00, 0x00, 0x00, 0x00, 0x00, 0x00,
        0x00, 0x00, 0x00, 0x00, 0x00, 0x00, 0x00, 0x00, 0x00, 0x00, 0x00, 0x00,
        0x00, 0x00, 0x00, 0x00, 0x00, 0x00, 0x00, 0x00, 0x00, 0x00, 0x00, 0x00,
        0x00, 0x00, 0x00, 0x00, 0x00, 0x00, 0x00, 0x00, 0x00, 0x00, 0x00, 0x00,
        0x00, 0x00, 0x00, 0x00, 0x00, 0x00, 0x00, 0x00, 0x00, 0x00, 0x00, 0x00,
        0x00, 0x00, 0x00, 0x00, 0x00, 0x00, 0xff, 0xff, 0xff, 0xff, 0x5c, 0xf7,
        0x1b, 0xf7, 0x98, 0xe6, 0x37, 0xde, 0xf5, 0xd5, 0xb3, 0xd5, 0x14, 0xde,
        0x77, 0xe6, 0x98, 0xe6, 0x77, 0xe6, 0x77, 0xe6, 0x77, 0xe6, 0x56, 0xe6,
        0xf9, 0xee, 0xb8, 0xf6, 0xd9, 0xee, 0x97, 0xee, 0x34, 0xe6, 0xd2, 0xe5,
        0x76, 0xee, 0xb8, 0xf6, 0xd8, 0xf6, 0x1a, 0xf7, 0xd8, 0xf6, 0x97, 0xee,
        0x8c, 0xc4, 0x47, 0xa3, 0xe7, 0x92, 0xcb, 0x9b, 0xf0, 0xbc, 0x36, 0xe6,
        0x98, 0xe6, 0xd9, 0xee, 0xd9, 0xee, 0x98, 0xe6, 0x97, 0xee, 0x77, 0xe6,
        0x14, 0xde, 0xd3, 0xdd, 0xf4, 0xdd, 0x15, 0xde, 0x15, 0xde, 0x36, 0xe6,
        0x77, 0xe6, 0x98, 0xe6, 0x77, 0xe6, 0xd9, 0xe6, 0xfa, 0xee, 0x3c, 0xef,
        0x3c, 0xef, 0x9d, 0xf7, 0x9d, 0xf7, 0x7d, 0xf7, 0x7d, 0xf7, 0x7d, 0xf7,
        0x7d, 0xf7, 0x7d, 0xf7, 0x7d, 0xf7, 0x7d, 0xf7, 0x7d, 0xf7, 0x3c, 0xef,
        0x3c, 0xef, 0x3c, 0xef, 0x1b, 0xf7, 0x3c, 0xef, 0x1b, 0xf7, 0xfa, 0xee,
        0x1b, 0xf7, 0xfa, 0xee, 0xfa, 0xee, 0xfa, 0xee, 0xd9, 0xe6, 0xd9, 0xe6,
        0xf9, 0xee, 0x98, 0xe6, 0xd9, 0xe6, 0x3c, 0xef, 0xd9, 0xe6, 0xd9, 0xe6,
        0xfa, 0xee, 0xd9, 0xe6, 0x1a, 0xf7, 0x1a, 0xf7, 0xfa, 0xee, 0xd9, 0xe6,
        0xd9, 0xe6, 0xfa, 0xee, 0xd9, 0xe6, 0xb8, 0xe6, 0xb8, 0xe6, 0xb8, 0xe6,
        0x78, 0xde, 0xf5, 0xd5, 0xf5, 0xd5, 0x32, 0xc5, 0x2e, 0xa4, 0xcc, 0x93,
        0x29, 0x83, 0xcb, 0x9b, 0x6f, 0xac, 0x2c, 0xb4, 0x30, 0xcd, 0x14, 0xde,
        0xd9, 0xee, 0x98, 0xe6, 0x35, 0xde, 0xd3, 0xdd, 0x14, 0xe6, 0x55, 0xee,
        0x1a, 0xf7, 0x3a, 0xf7, 0x1a, 0xf7, 0x1b, 0xf7, 0x1a, 0xf7, 0x5b, 0xf7,
        0x1b, 0xf7, 0x7d, 0xf7, 0xff, 0xff, 0xff, 0xff, 0x00, 0x00, 0x00, 0x00,
        0x00, 0x00, 0x00, 0x00, 0x00, 0x00, 0x00, 0x00, 0x00, 0x00, 0x00, 0x00,
        0x00, 0x00, 0x00, 0x00, 0x00, 0x00, 0x00, 0x00, 0x00, 0x00, 0x00, 0x00,
        0x00, 0x00, 0x00, 0x00, 0x00, 0x00, 0x00, 0x00, 0x00, 0x00, 0x00, 0x00,
        0x00, 0x00, 0x00, 0x00, 0x00, 0x00, 0x00, 0x00, 0x00, 0x00, 0x00, 0x00,
        0x00, 0x00, 0x00, 0x00, 0x00, 0x00, 0x00, 0x00, 0x00, 0x00, 0x00, 0x00,
        0x00, 0x00, 0x00, 0x00, 0x00, 0x00, 0x00, 0x00, 0x00, 0x00, 0x00, 0x00,
        0x00, 0x00, 0x00, 0x00, 0x00, 0x00, 0x00, 0x00, 0x00, 0x00, 0x00, 0x00,
        0x00, 0x00, 0x00, 0x00, 0x00, 0x00, 0x00, 0x00, 0x00, 0x00, 0x00, 0x00,
        0x00, 0x00, 0x00, 0x00, 0x00, 0x00, 0x00, 0x00, 0x00, 0x00, 0x00, 0x00,
        0x00, 0x00, 0x00, 0x00, 0x00, 0x00, 0x00, 0x00, 0x00, 0x00, 0x00, 0x00,
        0x00, 0x00, 0x00, 0x00, 0x00, 0x00, 0x00, 0x00, 0x00, 0x00, 0x00, 0x00,
        0x00, 0x00, 0x00, 0x00, 0x00, 0x00, 0x00, 0x00, 0x00, 0x00, 0x00, 0x00,
        0x00, 0x00, 0x00, 0x00, 0x00, 0x00, 0x00, 0x00, 0x00, 0x00, 0x00, 0x00,
        0x00, 0x00, 0x00, 0x00, 0x00, 0x00, 0x00, 0x00, 0x00, 0x00, 0x00, 0x00,
        0x00, 0x00, 0x00, 0x00, 0x00, 0x00, 0x00, 0x00, 0x00, 0x00, 0x00, 0x00,
        0x00, 0x00, 0x00, 0x00, 0x00, 0x00, 0x00, 0x00, 0x00, 0x00, 0x00, 0x00,
        0x00, 0x00, 0x00, 0x00, 0x00, 0x00, 0x00, 0x00, 0x00, 0x00, 0x00, 0x00,
        0x00, 0x00, 0x00, 0x00, 0x00, 0x00, 0x00, 0x00, 0x00, 0x00, 0x00, 0x00,
        0x00, 0x00, 0x00, 0x00, 0x00, 0x00, 0x00, 0x00, 0x00, 0x00, 0x00, 0x00,
        0x00, 0x00, 0x00, 0x00, 0x00, 0x00, 0x00, 0x00, 0x00, 0x00, 0xbf, 0xff,
        0x1b, 0xf7, 0xd9, 0xee, 0x98, 0xe6, 0xd4, 0xdd, 0x92, 0xd5, 0xd4, 0xdd,
        0x77, 0xe6, 0x77, 0xe6, 0x36, 0xe6, 0x77, 0xe6, 0x97, 0xee, 0xb8, 0xee,
        0xf9, 0xee, 0xd9, 0xee, 0xb8, 0xee, 0x97, 0xee, 0x55, 0xee, 0x14, 0xe6,
        0x34, 0xe6, 0x96, 0xee, 0xb8, 0xf6, 0xf9, 0xf6, 0x3a, 0xf7, 0x97, 0xee,
        0x50, 0xd5, 0x4b, 0xbc, 0xa9, 0xab, 0xcb, 0x9b, 0xf0, 0xbc, 0x72, 0xcd,
        0x15, 0xde, 0x98, 0xe6, 0x98, 0xe6, 0x98, 0xe6, 0x98, 0xe6, 0x77, 0xe6,
        0x77, 0xe6, 0x14, 0xde, 0xb2, 0xd5, 0x71, 0xd5, 0x51, 0xcd, 0xd4, 0xdd,
        0x36, 0xe6, 0x35, 0xde, 0x35, 0xde, 0x36, 0xe6, 0x36, 0xe6, 0x98, 0xe6,
        0xf9, 0xee, 0xfa, 0xee, 0xfa, 0xee, 0x3c, 0xef, 0x3c, 0xef, 0x3c, 0xef,
        0x3c, 0xef, 0x3c, 0xef, 0x3c, 0xef, 0xfa, 0xee, 0xfa, 0xee, 0xfa, 0xee,
        0x3c, 0xef, 0x3c, 0xef, 0x3c, 0xef, 0x3c, 0xef, 0x1b, 0xf7, 0x3c, 0xef,
        0x3c, 0xef, 0x1b, 0xf7, 0xfa, 0xee, 0x1b, 0xf7, 0xf9, 0xee, 0xd9, 0xe6,
        0xd9, 0xe6, 0x98, 0xe6, 0x77, 0xe6, 0xfa, 0xee, 0xfa, 0xee, 0xd9, 0xe6,
        0xd9, 0xe6, 0xfa, 0xee, 0xd9, 0xe6, 0xfa, 0xf6, 0xd9, 0xe6, 0xd9, 0xee,
        0xd9, 0xe6, 0xb8, 0xe6, 0xd9, 0xe6, 0x16, 0xd6, 0x16, 0xd6, 0xf5, 0xd5,
        0xf5, 0xd5, 0x53, 0xc5, 0xb0, 0xb4, 0xf0, 0xbc, 0x2e, 0xa4, 0x8b, 0x93,
        0x8b, 0x93, 0xa7, 0x82, 0xcb, 0x9b, 0xae, 0xbc, 0xd4, 0xdd, 0x77, 0xe6,
        0xd9, 0xee, 0xf9, 0xee, 0x77, 0xe6, 0x35, 0xe6, 0x76, 0xee, 0xb8, 0xee,
        0xf9, 0xf6, 0x3a, 0xf7, 0x5b, 0xff, 0x5c, 0xf7, 0x1b, 0xf7, 0x5b, 0xf7,
        0x1b, 0xf7, 0x5c, 0xf7, 0xff, 0xff, 0x00, 0x00, 0x00, 0x00, 0x00, 0x00,
        0x00, 0x00, 0x00, 0x00, 0x00, 0x00, 0x00, 0x00, 0x00, 0x00, 0x00, 0x00,
        0x00, 0x00, 0x00, 0x00, 0x00, 0x00, 0x00, 0x00, 0x00, 0x00, 0x00, 0x00,
        0x00, 0x00, 0x00, 0x00, 0x00, 0x00, 0x00, 0x00, 0x00, 0x00, 0x00, 0x00,
        0x00, 0x00, 0x00, 0x00, 0x00, 0x00, 0x00, 0x00, 0x00, 0x00, 0x00, 0x00,
        0x00, 0x00, 0x00, 0x00, 0x00, 0x00, 0x00, 0x00, 0x00, 0x00, 0x00, 0x00,
        0x00, 0x00, 0x00, 0x00, 0x00, 0x00, 0x00, 0x00, 0x00, 0x00, 0x00, 0x00,
        0x00, 0x00, 0x00, 0x00, 0x00, 0x00, 0x00, 0x00, 0x00, 0x00, 0x00, 0x00,
        0x00, 0x00, 0x00, 0x00, 0x00, 0x00, 0x00, 0x00, 0x00, 0x00, 0x00, 0x00,
        0x00, 0x00, 0x00, 0x00, 0x00, 0x00, 0x00, 0x00, 0x00, 0x00, 0x00, 0x00,
        0x00, 0x00, 0x00, 0x00, 0x00, 0x00, 0x00, 0x00, 0x00, 0x00, 0x00, 0x00,
        0x00, 0x00, 0x00, 0x00, 0x00, 0x00, 0x00, 0x00, 0x00, 0x00, 0x00, 0x00,
        0x00, 0x00, 0x00, 0x00, 0x00, 0x00, 0x00, 0x00, 0x00, 0x00, 0x00, 0x00,
        0x00, 0x00, 0x00, 0x00, 0x00, 0x00, 0x00, 0x00, 0x00, 0x00, 0x00, 0x00,
        0x00, 0x00, 0x00, 0x00, 0x00, 0x00, 0x00, 0x00, 0x00, 0x00, 0x00, 0x00,
        0x00, 0x00, 0x00, 0x00, 0x00, 0x00, 0x00, 0x00, 0x00, 0x00, 0x00, 0x00,
        0x00, 0x00, 0x00, 0x00, 0x00, 0x00, 0x00, 0x00, 0x00, 0x00, 0x00, 0x00,
        0x00, 0x00, 0x00, 0x00, 0x00, 0x00, 0x00, 0x00, 0x00, 0x00, 0x00, 0x00,
        0x00, 0x00, 0x00, 0x00, 0x00, 0x00, 0x00, 0x00, 0x00, 0x00, 0x00, 0x00,
        0x00, 0x00, 0x00, 0x00, 0x00, 0x00, 0x00, 0x00, 0x00, 0x00, 0x00, 0x00,
        0x00, 0x00, 0xff, 0xff, 0xff, 0xff, 0xbf, 0xff, 0xbf, 0xff, 0x5c, 0xf7,
        0xfa, 0xee, 0xb9, 0xee, 0x35, 0xde, 0xd4, 0xdd, 0x35, 0xde, 0x57, 0xe6,
        0x98, 0xe6, 0x77, 0xe6, 0x98, 0xe6, 0x77, 0xe6, 0x77, 0xe6, 0x98, 0xe6,
        0x97, 0xee, 0x97, 0xee, 0x56, 0xe6, 0x56, 0xe6, 0x35, 0xe6, 0x35, 0xe6,
        0x76, 0xee, 0x76, 0xee, 0x96, 0xee, 0xb8, 0xf6, 0xf9, 0xf6, 0xb8, 0xf6,
        0x35, 0xe6, 0xcd, 0xcc, 0xea, 0xab, 0x0c, 0xac, 0x8e, 0xb4, 0x8e, 0xb4,
        0xef, 0xc4, 0x15, 0xde, 0x57, 0xe6, 0x98, 0xe6, 0x98, 0xe6, 0x98, 0xe6,
        0x98, 0xe6, 0x56, 0xe6, 0x15, 0xe6, 0xb2, 0xd5, 0xd3, 0xdd, 0xd3, 0xdd,
        0xb2, 0xd5, 0xd3, 0xdd, 0x36, 0xe6, 0xd4, 0xdd, 0x35, 0xde, 0x77, 0xe6,
        0xb8, 0xe6, 0x98, 0xe6, 0x98, 0xe6, 0xb8, 0xe6, 0xb8, 0xe6, 0xb8, 0xe6,
        0xb8, 0xe6, 0xb8, 0xe6, 0x98, 0xe6, 0x78, 0xde, 0x36, 0xe6, 0x98, 0xe6,
        0xd9, 0xe6, 0xd9, 0xe6, 0xfa, 0xee, 0xfa, 0xee, 0xfa, 0xee, 0xfa, 0xee,
        0x3c, 0xef, 0x3c, 0xef, 0x1b, 0xf7, 0x3c, 0xef, 0xfa, 0xee, 0xd9, 0xe6,
        0xd9, 0xe6, 0xd9, 0xe6, 0x98, 0xe6, 0xd9, 0xe6, 0xfa, 0xee, 0xd9, 0xe6,
        0xd9, 0xe6, 0xd9, 0xe6, 0xd9, 0xe6, 0x78, 0xde, 0xb9, 0xee, 0xf5, 0xd5,
        0xb4, 0xcd, 0x93, 0xcd, 0x15, 0xde, 0x37, 0xde, 0x32, 0xc5, 0x32, 0xc5,
        0x32, 0xc5, 0x53, 0xc5, 0xb0, 0xb4, 0xec, 0xa3, 0x6f, 0xac, 0x2e, 0xa4,
        0x8b, 0x93, 0x28, 0x93, 0xca, 0xa3, 0x0f, 0xcd, 0xf4, 0xdd, 0xb8, 0xee,
        0xf9, 0xee, 0xf9, 0xee, 0xb8, 0xe6, 0xd9, 0xee, 0x97, 0xee, 0xb8, 0xee,
        0xf9, 0xf6, 0xd8, 0xf6, 0x1a, 0xf7, 0x5c, 0xf7, 0x1b, 0xf7, 0xfa, 0xf6,
        0xfa, 0xee, 0x1b, 0xf7, 0xff, 0xff, 0xff, 0xff, 0x00, 0x00, 0x00, 0x00,
        0x00, 0x00, 0x00, 0x00, 0x00, 0x00, 0x00, 0x00, 0x00, 0x00, 0x00, 0x00,
        0x00, 0x00, 0x00, 0x00, 0x00, 0x00, 0x00, 0x00, 0x00, 0x00, 0x00, 0x00,
        0x00, 0x00, 0x00, 0x00, 0x00, 0x00, 0x00, 0x00, 0x00, 0x00, 0x00, 0x00,
        0x00, 0x00, 0x00, 0x00, 0x00, 0x00, 0x00, 0x00, 0x00, 0x00, 0x00, 0x00,
        0x00, 0x00, 0x00, 0x00, 0x00, 0x00, 0x00, 0x00, 0x00, 0x00, 0x00, 0x00,
        0x00, 0x00, 0x00, 0x00, 0x00, 0x00, 0x00, 0x00, 0x00, 0x00, 0x00, 0x00,
        0x00, 0x00, 0x00, 0x00, 0x00, 0x00, 0x00, 0x00, 0x00, 0x00, 0x00, 0x00,
        0x00, 0x00, 0x00, 0x00, 0x00, 0x00, 0x00, 0x00, 0x00, 0x00, 0x00, 0x00,
        0x00, 0x00, 0x00, 0x00, 0x00, 0x00, 0x00, 0x00, 0x00, 0x00, 0x00, 0x00,
        0x00, 0x00, 0x00, 0x00, 0x00, 0x00, 0x00, 0x00, 0x00, 0x00, 0x00, 0x00,
        0x00, 0x00, 0x00, 0x00, 0x00, 0x00, 0x00, 0x00, 0x00, 0x00, 0x00, 0x00,
        0x00, 0x00, 0x00, 0x00, 0x00, 0x00, 0x00, 0x00, 0x00, 0x00, 0x00, 0x00,
        0x00, 0x00, 0x00, 0x00, 0x00, 0x00, 0x00, 0x00, 0x00, 0x00, 0x00, 0x00,
        0x00, 0x00, 0x00, 0x00, 0x00, 0x00, 0x00, 0x00, 0x00, 0x00, 0x00, 0x00,
        0x00, 0x00, 0x00, 0x00, 0x00, 0x00, 0x00, 0x00, 0x00, 0x00, 0x00, 0x00,
        0x00, 0x00, 0x00, 0x00, 0x00, 0x00, 0x00, 0x00, 0x00, 0x00, 0x00, 0x00,
        0x00, 0x00, 0x00, 0x00, 0x00, 0x00, 0x00, 0x00, 0x00, 0x00, 0x00, 0x00,
        0x00, 0x00, 0x00, 0x00, 0x00, 0x00, 0x00, 0x00, 0x00, 0x00, 0x00, 0x00,
        0x00, 0x00, 0x00, 0x00, 0x00, 0x00, 0x00, 0x00, 0x00, 0x00, 0x00, 0x00,
        0xff, 0xff, 0xff, 0xff, 0x5c, 0xf7, 0x1b, 0xf7, 0xfa, 0xee, 0xfa, 0xee,
        0xfa, 0xee, 0x76, 0xee, 0xb3, 0xd5, 0xb3, 0xd5, 0xb3, 0xd5, 0xb3, 0xd5,
        0x35, 0xde, 0x77, 0xe6, 0x98, 0xe6, 0xd9, 0xee, 0x1a, 0xf7, 0xb8, 0xee,
        0xb8, 0xee, 0xb8, 0xee, 0x97, 0xee, 0x76, 0xee, 0x76, 0xee, 0x35, 0xe6,
        0x35, 0xe6, 0x35, 0xe6, 0x34, 0xe6, 0x97, 0xee, 0x1a, 0xf7, 0xf9, 0xf6,
        0xd8, 0xf6, 0x35, 0xe6, 0xac, 0xc4, 0x2c, 0xb4, 0xf0, 0xbc, 0xcb, 0x9b,
        0x6d, 0xb4, 0x92, 0xd5, 0x57, 0xe6, 0xd9, 0xee, 0xd8, 0xee, 0xd9, 0xee,
        0xb8, 0xe6, 0xb8, 0xee, 0x77, 0xe6, 0x15, 0xe6, 0xf4, 0xdd, 0x91, 0xd5,
        0xb2, 0xd5, 0xd4, 0xdd, 0xd3, 0xdd, 0xd4, 0xdd, 0x35, 0xde, 0x36, 0xe6,
        0x77, 0xe6, 0x77, 0xe6, 0x57, 0xe6, 0x77, 0xe6, 0x57, 0xe6, 0x57, 0xe6,
        0x36, 0xe6, 0x36, 0xe6, 0x35, 0xde, 0x15, 0xde, 0xd4, 0xdd, 0x15, 0xde,
        0x57, 0xe6, 0xb8, 0xe6, 0xb8, 0xe6, 0xd9, 0xe6, 0xd9, 0xe6, 0xd9, 0xe6,
        0xf9, 0xee, 0xfa, 0xee, 0xfa, 0xee, 0x1b, 0xf7, 0xd9, 0xe6, 0xd9, 0xe6,
        0xd9, 0xe6, 0xfa, 0xee, 0xd9, 0xe6, 0xd9, 0xe6, 0xfa, 0xee, 0x78, 0xde,
        0xb8, 0xe6, 0x98, 0xe6, 0x78, 0xde, 0x37, 0xde, 0x16, 0xd6, 0x53, 0xc5,
        0x8e, 0xb4, 0x8e, 0xb4, 0x10, 0xc5, 0x15, 0xde, 0x37, 0xde, 0xf0, 0xbc,
        0xf0, 0xbc, 0x8e, 0xb4, 0xb0, 0xb4, 0x2e, 0xa4, 0xa7, 0x7a, 0x4a, 0x8b,
        0xcb, 0x9b, 0x0c, 0xac, 0x8d, 0xbc, 0x50, 0xcd, 0x56, 0xe6, 0xd9, 0xee,
        0xf9, 0xee, 0xf9, 0xee, 0x15, 0xe6, 0x71, 0xd5, 0xd3, 0xdd, 0x56, 0xe6,
        0xb8, 0xee, 0x1a, 0xf7, 0x1a, 0xf7, 0xd8, 0xf6, 0x1b, 0xf7, 0x1a, 0xf7,
        0xfa, 0xee, 0x1b, 0xf7, 0xbf, 0xff, 0xff, 0xff, 0xff, 0xff, 0x00, 0x00,
        0x00, 0x00, 0x00, 0x00, 0x00, 0x00, 0x00, 0x00, 0x00, 0x00, 0x00, 0x00,
        0x00, 0x00, 0x00, 0x00, 0x00, 0x00, 0x00, 0x00, 0x00, 0x00, 0x00, 0x00,
        0x00, 0x00, 0x00, 0x00, 0x00, 0x00, 0x00, 0x00, 0x00, 0x00, 0x00, 0x00,
        0x00, 0x00, 0x00, 0x00, 0x00, 0x00, 0x00, 0x00, 0x00, 0x00, 0x00, 0x00,
        0x00, 0x00, 0x00, 0x00, 0x00, 0x00, 0x00, 0x00, 0x00, 0x00, 0x00, 0x00,
        0x00, 0x00, 0x00, 0x00, 0x00, 0x00, 0x00, 0x00, 0x00, 0x00, 0x00, 0x00,
        0x00, 0x00, 0x00, 0x00, 0x00, 0x00, 0x00, 0x00, 0x00, 0x00, 0x00, 0x00,
        0x00, 0x00, 0x00, 0x00, 0x00, 0x00, 0x00, 0x00, 0x00, 0x00, 0x00, 0x00,
        0x00, 0x00, 0x00, 0x00, 0x00, 0x00, 0x00, 0x00, 0x00, 0x00, 0x00, 0x00,
        0x00, 0x00, 0x00, 0x00, 0x00, 0x00, 0x00, 0x00, 0x00, 0x00, 0x00, 0x00,
        0x00, 0x00, 0x00, 0x00, 0x00, 0x00, 0x00, 0x00, 0x00, 0x00, 0x00, 0x00,
        0x00, 0x00, 0x00, 0x00, 0x00, 0x00, 0x00, 0x00, 0x00, 0x00, 0x00, 0x00,
        0x00, 0x00, 0x00, 0x00, 0x00, 0x00, 0x00, 0x00, 0x00, 0x00, 0x00, 0x00,
        0x00, 0x00, 0x00, 0x00, 0x00, 0x00, 0x00, 0x00, 0x00, 0x00, 0x00, 0x00,
        0x00, 0x00, 0x00, 0x00, 0x00, 0x00, 0x00, 0x00, 0x00, 0x00, 0x00, 0x00,
        0x00, 0x00, 0x00, 0x00, 0x00, 0x00, 0x00, 0x00, 0x00, 0x00, 0x00, 0x00,
        0x00, 0x00, 0x00, 0x00, 0x00, 0x00, 0x00, 0x00, 0x00, 0x00, 0x00, 0x00,
        0x00, 0x00, 0x00, 0x00, 0x00, 0x00, 0x00, 0x00, 0x00, 0x00, 0x00, 0x00,
        0x00, 0x00, 0x00, 0x00, 0x00, 0x00, 0x00, 0x00, 0x00, 0x00, 0x00, 0x00,
        0x00, 0x00, 0xff, 0xff, 0xbf, 0xff, 0x1b, 0xf7, 0x1b, 0xf7, 0x1b, 0xf7,
        0xd9, 0xee, 0x77, 0xe6, 0xd4, 0xdd, 0xd4, 0xdd, 0xb3, 0xd5, 0xf4, 0xdd,
        0x36, 0xe6, 0x57, 0xe6, 0x98, 0xe6, 0xf9, 0xee, 0xf9, 0xee, 0xd8, 0xf6,
        0xb8, 0xee, 0x97, 0xee, 0x76, 0xee, 0x35, 0xe6, 0x35, 0xe6, 0x34, 0xe6,
        0x35, 0xe6, 0xf3, 0xe5, 0x34, 0xe6, 0xd8, 0xf6, 0xd8, 0xf6, 0xd8, 0xf6,
        0xd8, 0xf6, 0x96, 0xee, 0x50, 0xd5, 0xef, 0xc4, 0x0c, 0xac, 0xc6, 0x8a,
        0x6d, 0xb4, 0xd4, 0xdd, 0x57, 0xe6, 0x36, 0xe6, 0x77, 0xe6, 0xd8, 0xee,
        0xb8, 0xe6, 0x97, 0xee, 0x77, 0xe6, 0x77, 0xe6, 0x15, 0xe6, 0x35, 0xe6,
        0x14, 0xde, 0xd3, 0xdd, 0xd3, 0xdd, 0xd4, 0xdd, 0xb2, 0xd5, 0xf4, 0xdd,
        0x15, 0xe6, 0x15, 0xde, 0xf4, 0xdd, 0x35, 0xde, 0x35, 0xde, 0x35, 0xde,
        0x35, 0xde, 0x14, 0xde, 0xf4, 0xdd, 0xb3, 0xd5, 0xd4, 0xd5, 0x15, 0xe6,
        0x35, 0xde, 0x57, 0xe6, 0x77, 0xe6, 0x77, 0xe6, 0xb8, 0xe6, 0x77, 0xe6,
        0x57, 0xe6, 0xb8, 0xe6, 0x98, 0xe6, 0xd9, 0xe6, 0x78, 0xde, 0x78, 0xde,
        0x57, 0xde, 0x99, 0xe6, 0x57, 0xde, 0x78, 0xde, 0x99, 0xe6, 0xf5, 0xd5,
        0xb4, 0xcd, 0xd4, 0xd5, 0x93, 0xcd, 0x53, 0xc5, 0x93, 0xcd, 0x93, 0xcd,
        0xb0, 0xb4, 0xcf, 0xbc, 0x8e, 0xb4, 0xef, 0xc4, 0x15, 0xde, 0xf5, 0xd5,
        0x8e, 0xb4, 0x6f, 0xac, 0x4d, 0xac, 0xf0, 0xbc, 0x4b, 0x83, 0xc4, 0x61,
        0xa7, 0x82, 0x89, 0xa3, 0xad, 0xc4, 0xd3, 0xdd, 0x77, 0xe6, 0xb8, 0xe6,
        0xf9, 0xee, 0xd9, 0xee, 0x77, 0xe6, 0x15, 0xe6, 0x15, 0xe6, 0x56, 0xe6,
        0x15, 0xe6, 0x97, 0xee, 0xd8, 0xf6, 0xd8, 0xf6, 0x1a, 0xf7, 0x7c, 0xff,
        0x5b, 0xf7, 0xfa, 0xee, 0xbf, 0xff, 0x00, 0x00, 0xff, 0xff, 0x00, 0x00,
        0x00, 0x00, 0x00, 0x00, 0x00, 0x00, 0x00, 0x00, 0x00, 0x00, 0x00, 0x00,
        0x00, 0x00, 0x00, 0x00, 0x00, 0x00, 0x00, 0x00, 0x00, 0x00, 0x00, 0x00,
        0x00, 0x00, 0x00, 0x00, 0x00, 0x00, 0x00, 0x00, 0x00, 0x00, 0x00, 0x00,
        0x00, 0x00, 0x00, 0x00, 0x00, 0x00, 0x00, 0x00, 0x00, 0x00, 0x00, 0x00,
        0x00, 0x00, 0x00, 0x00, 0x00, 0x00, 0x00, 0x00, 0x00, 0x00, 0x00, 0x00,
        0x00, 0x00, 0x00, 0x00, 0x00, 0x00, 0x00, 0x00, 0x00, 0x00, 0x00, 0x00,
        0x00, 0x00, 0x00, 0x00, 0x00, 0x00, 0x00, 0x00, 0x00, 0x00, 0x00, 0x00,
        0x00, 0x00, 0x00, 0x00, 0x00, 0x00, 0x00, 0x00, 0x00, 0x00, 0x00, 0x00,
        0x00, 0x00, 0x00, 0x00, 0x00, 0x00, 0x00, 0x00, 0x00, 0x00, 0x00, 0x00,
        0x00, 0x00, 0x00, 0x00, 0x00, 0x00, 0x00, 0x00, 0x00, 0x00, 0x00, 0x00,
        0x00, 0x00, 0x00, 0x00, 0x00, 0x00, 0x00, 0x00, 0x00, 0x00, 0x00, 0x00,
        0x00, 0x00, 0x00, 0x00, 0x00, 0x00, 0x00, 0x00, 0x00, 0x00, 0x00, 0x00,
        0x00, 0x00, 0x00, 0x00, 0x00, 0x00, 0x00, 0x00, 0x00, 0x00, 0x00, 0x00,
        0x00, 0x00, 0x00, 0x00, 0x00, 0x00, 0x00, 0x00, 0x00, 0x00, 0x00, 0x00,
        0x00, 0x00, 0x00, 0x00, 0x00, 0x00, 0x00, 0x00, 0x00, 0x00, 0x00, 0x00,
        0x00, 0x00, 0x00, 0x00, 0x00, 0x00, 0x00, 0x00, 0x00, 0x00, 0x00, 0x00,
        0x00, 0x00, 0x00, 0x00, 0x00, 0x00, 0x00, 0x00, 0x00, 0x00, 0x00, 0x00,
        0x00, 0x00, 0x00, 0x00, 0x00, 0x00, 0x00, 0x00, 0x00, 0x00, 0x00, 0x00,
        0x00, 0x00, 0x00, 0x00, 0x00, 0x00, 0x00, 0x00, 0x00, 0x00, 0xff, 0xff,
        0xff, 0xff, 0x00, 0x00, 0x00, 0x00, 0xff, 0xff, 0x1b, 0xf7, 0xd9, 0xee,
        0xd9, 0xee, 0x36, 0xe6, 0xb3, 0xd5, 0x71, 0xd5, 0x72, 0xcd, 0xf4, 0xdd,
        0x15, 0xe6, 0x36, 0xe6, 0x77, 0xe6, 0x1a, 0xf7, 0xd9, 0xee, 0xb8, 0xf6,
        0xd8, 0xf6, 0x97, 0xee, 0x34, 0xe6, 0x35, 0xe6, 0x76, 0xee, 0x14, 0xe6,
        0xb2, 0xdd, 0xd2, 0xe5, 0x55, 0xee, 0xb8, 0xee, 0xb8, 0xf6, 0x3a, 0xf7,
        0x3a, 0xf7, 0xf9, 0xf6, 0x34, 0xe6, 0x71, 0xd5, 0x6d, 0xb4, 0xea, 0xab,
        0xae, 0xbc, 0x6d, 0xb4, 0x92, 0xd5, 0xf4, 0xdd, 0x76, 0xee, 0x98, 0xe6,
        0xf4, 0xdd, 0x14, 0xde, 0x77, 0xe6, 0x98, 0xe6, 0x98, 0xe6, 0x56, 0xe6,
        0x15, 0xe6, 0x14, 0xde, 0x14, 0xde, 0xd4, 0xdd, 0xd3, 0xdd, 0xd3, 0xdd,
        0xb2, 0xd5, 0x71, 0xd5, 0xb3, 0xd5, 0x15, 0xde, 0x15, 0xde, 0xf4, 0xdd,
        0xd4, 0xd5, 0xd4, 0xdd, 0xd4, 0xd5, 0x92, 0xd5, 0xd4, 0xd5, 0x35, 0xde,
        0x15, 0xde, 0x36, 0xe6, 0x36, 0xe6, 0x36, 0xe6, 0x77, 0xe6, 0x35, 0xde,
        0x15, 0xde, 0x37, 0xde, 0xd4, 0xdd, 0x57, 0xe6, 0x15, 0xde, 0x57, 0xe6,
        0x36, 0xe6, 0x37, 0xde, 0xb4, 0xcd, 0x32, 0xc5, 0x53, 0xc5, 0x53, 0xc5,
        0xcb, 0x9b, 0x4d, 0xac, 0x8e, 0xb4, 0xf0, 0xbc, 0x8e, 0xb4, 0x72, 0xcd,
        0xb4, 0xcd, 0x32, 0xc5, 0xf0, 0xbc, 0x8e, 0xb4, 0xf0, 0xbc, 0xd4, 0xd5,
        0xb4, 0xcd, 0xec, 0xa3, 0x29, 0x83, 0x29, 0x83, 0x6f, 0xac, 0x29, 0x83,
        0xa7, 0x82, 0x89, 0xa3, 0xad, 0xc4, 0xb2, 0xd5, 0x36, 0xe6, 0x98, 0xe6,
        0x77, 0xe6, 0xf4, 0xdd, 0xd3, 0xdd, 0x35, 0xe6, 0x97, 0xee, 0x77, 0xe6,
        0x97, 0xee, 0xb8, 0xee, 0xd8, 0xf6, 0x1a, 0xf7, 0x3a, 0xf7, 0x1a, 0xf7,
        0x5b, 0xf7, 0x1b, 0xf7, 0x7d, 0xf7, 0x00, 0x00, 0xff, 0xff, 0x00, 0x00,
        0x00, 0x00, 0x00, 0x00, 0x00, 0x00, 0x00, 0x00, 0x00, 0x00, 0x00, 0x00,
        0x00, 0x00, 0x00, 0x00, 0x00, 0x00, 0x00, 0x00, 0x00, 0x00, 0x00, 0x00,
        0x00, 0x00, 0x00, 0x00, 0x00, 0x00, 0x00, 0x00, 0x00, 0x00, 0x00, 0x00,
        0x00, 0x00, 0x00, 0x00, 0x00, 0x00, 0x00, 0x00, 0x00, 0x00, 0x00, 0x00,
        0x00, 0x00, 0x00, 0x00, 0x00, 0x00, 0x00, 0x00, 0x00, 0x00, 0x00, 0x00,
        0x00, 0x00, 0x00, 0x00, 0x00, 0x00, 0x00, 0x00, 0x00, 0x00, 0x00, 0x00,
        0x00, 0x00, 0x00, 0x00, 0x00, 0x00, 0x00, 0x00, 0x00, 0x00, 0x00, 0x00,
        0x00, 0x00, 0x00, 0x00, 0x00, 0x00, 0x00, 0x00, 0x00, 0x00, 0x00, 0x00,
        0x00, 0x00, 0x00, 0x00, 0x00, 0x00, 0x00, 0x00, 0x00, 0x00, 0x00, 0x00,
        0x00, 0x00, 0x00, 0x00, 0x00, 0x00, 0x00, 0x00, 0x00, 0x00, 0x00, 0x00,
        0x00, 0x00, 0x00, 0x00, 0x00, 0x00, 0x00, 0x00, 0x00, 0x00, 0x00, 0x00,
        0x00, 0x00, 0x00, 0x00, 0x00, 0x00, 0x00, 0x00, 0x00, 0x00, 0x00, 0x00,
        0x00, 0x00, 0x00, 0x00, 0x00, 0x00, 0x00, 0x00, 0x00, 0x00, 0x00, 0x00,
        0x00, 0x00, 0x00, 0x00, 0x00, 0x00, 0x00, 0x00, 0x00, 0x00, 0x00, 0x00,
        0x00, 0x00, 0x00, 0x00, 0x00, 0x00, 0x00, 0x00, 0x00, 0x00, 0x00, 0x00,
        0x00, 0x00, 0x00, 0x00, 0x00, 0x00, 0x00, 0x00, 0x00, 0x00, 0x00, 0x00,
        0x00, 0x00, 0x00, 0x00, 0x00, 0x00, 0x00, 0x00, 0x00, 0x00, 0x00, 0x00,
        0x00, 0x00, 0x00, 0x00, 0x00, 0x00, 0x00, 0x00, 0x00, 0x00, 0x00, 0x00,
        0x00, 0x00, 0x00, 0x00, 0x00, 0x00, 0x00, 0x00, 0x00, 0x00, 0xff, 0xff,
        0xff, 0xff, 0xbf, 0xff, 0x1b, 0xf7, 0x1b, 0xf7, 0xfa, 0xee, 0x98, 0xe6,
        0x36, 0xe6, 0xf4, 0xdd, 0xd4, 0xdd, 0xd4, 0xdd, 0x92, 0xd5, 0xf4, 0xdd,
        0x36, 0xe6, 0x98, 0xe6, 0xf9, 0xee, 0xf9, 0xee, 0xb8, 0xf6, 0xb8, 0xf6,
        0xb8, 0xf6, 0x97, 0xee, 0x76, 0xee, 0x35, 0xe6, 0x34, 0xe6, 0x34, 0xe6,
        0xb2, 0xdd, 0xd2, 0xe5, 0x76, 0xee, 0x14, 0xe6, 0x55, 0xee, 0xd8, 0xf6,
        0x1a, 0xf7, 0x1a, 0xf7, 0x97, 0xee, 0x97, 0xee, 0xb2, 0xd5, 0x2f, 0xd5,
        0x4c, 0xbc, 0x4c, 0xbc, 0x10, 0xc5, 0xd4, 0xd5, 0xf4, 0xdd, 0x71, 0xd5,
        0xb2, 0xd5, 0x36, 0xe6, 0x77, 0xe6, 0xb8, 0xe6, 0x98, 0xe6, 0x98, 0xe6,
        0x77, 0xe6, 0x35, 0xe6, 0x15, 0xe6, 0x15, 0xe6, 0x14, 0xde, 0xb2, 0xd5,
        0xb2, 0xd5, 0x71, 0xd5, 0xb3, 0xd5, 0xd4, 0xdd, 0xb3, 0xd5, 0xb3, 0xd5,
        0x92, 0xd5, 0x92, 0xd5, 0xb3, 0xd5, 0x72, 0xcd, 0xb3, 0xd5, 0x15, 0xde,
        0xd4, 0xd5, 0xd4, 0xd5, 0x35, 0xde, 0x36, 0xe6, 0x35, 0xde, 0x15, 0xde,
        0xb3, 0xd5, 0xd4, 0xd5, 0x51, 0xcd, 0x72, 0xcd, 0x72, 0xcd, 0x10, 0xc5,
        0x92, 0xd5, 0x92, 0xd5, 0x32, 0xc5, 0x8e, 0xb4, 0x0c, 0xac, 0xb0, 0xb4,
        0x4a, 0x8b, 0x28, 0x93, 0xec, 0xa3, 0x32, 0xc5, 0xb0, 0xb4, 0xcf, 0xbc,
        0xd4, 0xd5, 0x93, 0xcd, 0x32, 0xc5, 0x8e, 0xb4, 0xcb, 0x9b, 0xec, 0xa3,
        0x53, 0xc5, 0x32, 0xc5, 0xec, 0xa3, 0x66, 0x7a, 0x25, 0x72, 0xcc, 0x93,
        0x6a, 0x9b, 0x2b, 0xbc, 0x50, 0xcd, 0xd4, 0xdd, 0xb3, 0xd5, 0xb3, 0xd5,
        0x71, 0xd5, 0x50, 0xcd, 0x91, 0xd5, 0x70, 0xd5, 0xd3, 0xdd, 0x34, 0xe6,
        0x56, 0xe6, 0x97, 0xee, 0xb8, 0xee, 0xf9, 0xee, 0x1a, 0xf7, 0x1a, 0xf7,
        0x5b, 0xf7, 0x1b, 0xf7, 0xbf, 0xff, 0xff, 0xff, 0x00, 0x00, 0x00, 0x00,
        0x00, 0x00, 0x00, 0x00, 0x00, 0x00, 0x00, 0x00, 0x00, 0x00, 0x00, 0x00,
        0x00, 0x00, 0x00, 0x00, 0x00, 0x00, 0x00, 0x00, 0x00, 0x00, 0x00, 0x00,
        0x00, 0x00, 0x00, 0x00, 0x00, 0x00, 0x00, 0x00, 0x00, 0x00, 0x00, 0x00,
        0x00, 0x00, 0x00, 0x00, 0x00, 0x00, 0x00, 0x00, 0x00, 0x00, 0x00, 0x00,
        0x00, 0x00, 0x00, 0x00, 0x00, 0x00, 0x00, 0x00, 0x00, 0x00, 0x00, 0x00,
        0x00, 0x00, 0x00, 0x00, 0x00, 0x00, 0x00, 0x00, 0x00, 0x00, 0x00, 0x00,
        0x00, 0x00, 0x00, 0x00, 0x00, 0x00, 0x00, 0x00, 0x00, 0x00, 0x00, 0x00,
        0x00, 0x00, 0x00, 0x00, 0x00, 0x00, 0x00, 0x00, 0x00, 0x00, 0x00, 0x00,
        0x00, 0x00, 0x00, 0x00, 0x00, 0x00, 0x00, 0x00, 0x00, 0x00, 0x00, 0x00,
        0x00, 0x00, 0x00, 0x00, 0x00, 0x00, 0x00, 0x00, 0x00, 0x00, 0x00, 0x00,
        0x00, 0x00, 0x00, 0x00, 0x00, 0x00, 0x00, 0x00, 0x00, 0x00, 0x00, 0x00,
        0x00, 0x00, 0x00, 0x00, 0x00, 0x00, 0x00, 0x00, 0x00, 0x00, 0x00, 0x00,
        0x00, 0x00, 0x00, 0x00, 0x00, 0x00, 0x00, 0x00, 0x00, 0x00, 0x00, 0x00,
        0x00, 0x00, 0x00, 0x00, 0x00, 0x00, 0x00, 0x00, 0x00, 0x00, 0x00, 0x00,
        0x00, 0x00, 0x00, 0x00, 0x00, 0x00, 0x00, 0x00, 0x00, 0x00, 0x00, 0x00,
        0x00, 0x00, 0x00, 0x00, 0x00, 0x00, 0x00, 0x00, 0x00, 0x00, 0x00, 0x00,
        0x00, 0x00, 0x00, 0x00, 0x00, 0x00, 0x00, 0x00, 0x00, 0x00, 0x00, 0x00,
        0x00, 0x00, 0x00, 0x00, 0x00, 0x00, 0x00, 0x00, 0x00, 0x00, 0x00, 0x00,
        0x00, 0x00, 0x00, 0x00, 0x00, 0x00, 0x00, 0x00, 0x00, 0x00, 0x00, 0x00,
        0x00, 0x00, 0x7d, 0xf7, 0xfa, 0xee, 0xd9, 0xe6, 0x98, 0xe6, 0x15, 0xde,
        0xd4, 0xdd, 0xb2, 0xd5, 0xd4, 0xdd, 0x98, 0xe6, 0x98, 0xe6, 0x77, 0xe6,
        0x98, 0xe6, 0x98, 0xe6, 0xf9, 0xee, 0xf9, 0xee, 0xd9, 0xee, 0xb8, 0xf6,
        0xb8, 0xf6, 0xd9, 0xee, 0x97, 0xee, 0x76, 0xee, 0x34, 0xe6, 0x55, 0xee,
        0xf3, 0xe5, 0xd2, 0xe5, 0x55, 0xee, 0x14, 0xe6, 0x34, 0xe6, 0x97, 0xee,
        0x1a, 0xf7, 0x1a, 0xf7, 0xf9, 0xf6, 0x1a, 0xf7, 0x97, 0xee, 0xb2, 0xdd,
        0xee, 0xcc, 0x4c, 0xbc, 0x6d, 0xb4, 0x51, 0xcd, 0xae, 0xbc, 0x51, 0xcd,
        0xb2, 0xd5, 0xb3, 0xd5, 0x35, 0xde, 0x36, 0xe6, 0x35, 0xde, 0x77, 0xe6,
        0x77, 0xe6, 0x56, 0xe6, 0x77, 0xe6, 0x35, 0xe6, 0x14, 0xde, 0xf4, 0xdd,
        0x92, 0xd5, 0x51, 0xcd, 0x71, 0xd5, 0xb2, 0xd5, 0x50, 0xcd, 0x92, 0xd5,
        0x92, 0xd5, 0xb2, 0xd5, 0xb3, 0xd5, 0x92, 0xd5, 0x51, 0xcd, 0x72, 0xcd,
        0x72, 0xcd, 0x92, 0xd5, 0xd4, 0xd5, 0x15, 0xde, 0xb3, 0xd5, 0xb3, 0xd5,
        0xb3, 0xd5, 0x92, 0xd5, 0x51, 0xcd, 0xef, 0xc4, 0xae, 0xbc, 0x6d, 0xb4,
        0x2b, 0xb4, 0xae, 0xbc, 0x53, 0xc5, 0x8e, 0xb4, 0x2c, 0xb4, 0x8e, 0xb4,
        0xec, 0xa3, 0xcb, 0x9b, 0x0c, 0xac, 0x32, 0xc5, 0x53, 0xc5, 0xb0, 0xb4,
        0xf0, 0xbc, 0x53, 0xc5, 0x2e, 0xa4, 0x2e, 0xa4, 0x4a, 0x8b, 0x26, 0x6a,
        0x66, 0x7a, 0x2e, 0xa4, 0x8b, 0x93, 0x29, 0x83, 0xe8, 0x82, 0x48, 0x9b,
        0xb0, 0xb4, 0xad, 0xc4, 0x71, 0xd5, 0xb3, 0xd5, 0xd4, 0xd5, 0x15, 0xde,
        0x51, 0xcd, 0x30, 0xcd, 0xb2, 0xd5, 0xd3, 0xdd, 0xd3, 0xdd, 0x14, 0xe6,
        0x77, 0xe6, 0x97, 0xee, 0x97, 0xee, 0xd9, 0xee, 0xf9, 0xee, 0x1a, 0xf7,
        0xfa, 0xf6, 0xfa, 0xee, 0x5c, 0xf7, 0xff, 0xff, 0x00, 0x00, 0x00, 0x00,
        0x00, 0x00, 0x00, 0x00, 0x00, 0x00, 0x00, 0x00, 0x00, 0x00, 0x00, 0x00,
        0x00, 0x00, 0x00, 0x00, 0x00, 0x00, 0x00, 0x00, 0x00, 0x00, 0x00, 0x00,
        0x00, 0x00, 0x00, 0x00, 0x00, 0x00, 0x00, 0x00, 0x00, 0x00, 0x00, 0x00,
        0x00, 0x00, 0x00, 0x00, 0x00, 0x00, 0x00, 0x00, 0x00, 0x00, 0x00, 0x00,
        0x00, 0x00, 0x00, 0x00, 0x00, 0x00, 0x00, 0x00, 0x00, 0x00, 0x00, 0x00,
        0x00, 0x00, 0x00, 0x00, 0x00, 0x00, 0x00, 0x00, 0x00, 0x00, 0x00, 0x00,
        0x00, 0x00, 0x00, 0x00, 0x00, 0x00, 0x00, 0x00, 0x00, 0x00, 0x00, 0x00,
        0x00, 0x00, 0x00, 0x00, 0x00, 0x00, 0x00, 0x00, 0x00, 0x00, 0x00, 0x00,
        0x00, 0x00, 0x00, 0x00, 0x00, 0x00, 0x00, 0x00, 0x00, 0x00, 0x00, 0x00,
        0x00, 0x00, 0x00, 0x00, 0x00, 0x00, 0x00, 0x00, 0x00, 0x00, 0x00, 0x00,
        0x00, 0x00, 0x00, 0x00, 0x00, 0x00, 0x00, 0x00, 0x00, 0x00, 0x00, 0x00,
        0x00, 0x00, 0x00, 0x00, 0x00, 0x00, 0x00, 0x00, 0x00, 0x00, 0x00, 0x00,
        0x00, 0x00, 0x00, 0x00, 0x00, 0x00, 0x00, 0x00, 0x00, 0x00, 0x00, 0x00,
        0x00, 0x00, 0x00, 0x00, 0x00, 0x00, 0x00, 0x00, 0x00, 0x00, 0x00, 0x00,
        0x00, 0x00, 0x00, 0x00, 0x00, 0x00, 0x00, 0x00, 0x00, 0x00, 0x00, 0x00,
        0x00, 0x00, 0x00, 0x00, 0x00, 0x00, 0x00, 0x00, 0x00, 0x00, 0x00, 0x00,
        0x00, 0x00, 0x00, 0x00, 0x00, 0x00, 0x00, 0x00, 0x00, 0x00, 0x00, 0x00,
        0x00, 0x00, 0x00, 0x00, 0x00, 0x00, 0x00, 0x00, 0x00, 0x00, 0x00, 0x00,
        0x00, 0x00, 0x00, 0x00, 0x00, 0x00, 0x00, 0x00, 0xff, 0xff, 0xff, 0xff,
        0xff, 0xff, 0xff, 0xff, 0x1b, 0xf7, 0xd9, 0xee, 0x78, 0xde, 0x15, 0xde,
        0xf4, 0xdd, 0xf4, 0xdd, 0xf4, 0xdd, 0xf4, 0xdd, 0x35, 0xde, 0x77, 0xe6,
        0xb8, 0xee, 0xf9, 0xee, 0x1a, 0xf7, 0xf9, 0xee, 0x1a, 0xf7, 0x1a, 0xf7,
        0x1a, 0xf7, 0xd8, 0xf6, 0xb8, 0xf6, 0x97, 0xee, 0x76, 0xee, 0x76, 0xee,
        0x14, 0xe6, 0xf3, 0xe5, 0x97, 0xee, 0xd8, 0xf6, 0xb8, 0xf6, 0xb7, 0xf6,
        0xb8, 0xf6, 0xf9, 0xf6, 0x3a, 0xf7, 0x3a, 0xf7, 0xb8, 0xf6, 0x35, 0xe6,
        0x50, 0xcd, 0x2b, 0xb4, 0x2b, 0xb4, 0xea, 0xab, 0x2c, 0xb4, 0x6d, 0xb4,
        0x6d, 0xb4, 0xef, 0xc4, 0xef, 0xc4, 0x51, 0xcd, 0xf4, 0xdd, 0x15, 0xde,
        0x71, 0xd5, 0x35, 0xde, 0x77, 0xe6, 0x56, 0xe6, 0x35, 0xde, 0x35, 0xde,
        0x71, 0xd5, 0xce, 0xc4, 0xb2, 0xd5, 0xd4, 0xdd, 0x50, 0xcd, 0xb3, 0xd5,
        0x92, 0xd5, 0xf4, 0xdd, 0x92, 0xd5, 0x92, 0xd5, 0xef, 0xc4, 0xad, 0xc4,
        0x10, 0xc5, 0x72, 0xcd, 0x93, 0xcd, 0x72, 0xcd, 0x10, 0xc5, 0x92, 0xd5,
        0xb3, 0xd5, 0x72, 0xcd, 0xef, 0xc4, 0x72, 0xcd, 0xcf, 0xbc, 0xad, 0xc4,
        0xae, 0xbc, 0x2b, 0xb4, 0x32, 0xc5, 0xf0, 0xbc, 0x10, 0xc5, 0x93, 0xcd,
        0xb0, 0xb4, 0x4d, 0xac, 0x4d, 0xac, 0xae, 0xbc, 0x53, 0xc5, 0xb0, 0xb4,
        0xec, 0xa3, 0xb0, 0xb4, 0xcc, 0x93, 0x66, 0x7a, 0x4b, 0x83, 0x29, 0x83,
        0x84, 0x59, 0x66, 0x7a, 0xc9, 0x7a, 0x25, 0x72, 0xe8, 0x82, 0xca, 0xa3,
        0xef, 0xc4, 0xb2, 0xdd, 0xb3, 0xd5, 0x15, 0xde, 0x35, 0xde, 0x36, 0xe6,
        0x35, 0xde, 0xf4, 0xdd, 0xf4, 0xdd, 0xd3, 0xdd, 0xd3, 0xdd, 0x35, 0xe6,
        0x98, 0xe6, 0xd9, 0xee, 0xb8, 0xf6, 0xd9, 0xee, 0xd9, 0xee, 0x1a, 0xf7,
        0x7c, 0xff, 0xfa, 0xee, 0x1b, 0xf7, 0xff, 0xff, 0x00, 0x00, 0x00, 0x00,
        0x00, 0x00, 0x00, 0x00, 0x00, 0x00, 0x00, 0x00, 0x00, 0x00, 0x00, 0x00,
        0x00, 0x00, 0x00, 0x00, 0x00, 0x00, 0x00, 0x00, 0x00, 0x00, 0x00, 0x00,
        0x00, 0x00, 0x00, 0x00, 0x00, 0x00, 0x00, 0x00, 0x00, 0x00, 0x00, 0x00,
        0x00, 0x00, 0x00, 0x00, 0x00, 0x00, 0x00, 0x00, 0x00, 0x00, 0x00, 0x00,
        0x00, 0x00, 0x00, 0x00, 0x00, 0x00, 0x00, 0x00, 0x00, 0x00, 0x00, 0x00,
        0x00, 0x00, 0x00, 0x00, 0x00, 0x00, 0x00, 0x00, 0x00, 0x00, 0x00, 0x00,
        0x00, 0x00, 0x00, 0x00, 0x00, 0x00, 0x00, 0x00, 0x00, 0x00, 0x00, 0x00,
        0x00, 0x00, 0x00, 0x00, 0x00, 0x00, 0x00, 0x00, 0x00, 0x00, 0x00, 0x00,
        0x00, 0x00, 0x00, 0x00, 0x00, 0x00, 0x00, 0x00, 0x00, 0x00, 0x00, 0x00,
        0x00, 0x00, 0x00, 0x00, 0x00, 0x00, 0x00, 0x00, 0x00, 0x00, 0x00, 0x00,
        0x00, 0x00, 0x00, 0x00, 0x00, 0x00, 0x00, 0x00, 0x00, 0x00, 0x00, 0x00,
        0x00, 0x00, 0x00, 0x00, 0x00, 0x00, 0x00, 0x00, 0x00, 0x00, 0x00, 0x00,
        0x00, 0x00, 0x00, 0x00, 0x00, 0x00, 0x00, 0x00, 0x00, 0x00, 0x00, 0x00,
        0x00, 0x00, 0x00, 0x00, 0x00, 0x00, 0x00, 0x00, 0x00, 0x00, 0x00, 0x00,
        0x00, 0x00, 0x00, 0x00, 0x00, 0x00, 0x00, 0x00, 0x00, 0x00, 0x00, 0x00,
        0x00, 0x00, 0x00, 0x00, 0x00, 0x00, 0x00, 0x00, 0x00, 0x00, 0x00, 0x00,
        0x00, 0x00, 0x00, 0x00, 0x00, 0x00, 0x00, 0x00, 0x00, 0x00, 0x00, 0x00,
        0x00, 0x00, 0x00, 0x00, 0x00, 0x00, 0x00, 0x00, 0x00, 0x00, 0x00, 0x00,
        0x00, 0x00, 0x00, 0x00, 0x00, 0x00, 0x00, 0x00, 0xff, 0xff, 0xff, 0xff,
        0xff, 0xff, 0xbf, 0xff, 0x5c, 0xf7, 0xfa, 0xee, 0x98, 0xe6, 0x35, 0xde,
        0x14, 0xde, 0x36, 0xe6, 0x98, 0xe6, 0x77, 0xe6, 0x57, 0xe6, 0x77, 0xe6,
        0x97, 0xee, 0xd9, 0xee, 0xd9, 0xee, 0x1a, 0xf7, 0x1a, 0xf7, 0xd9, 0xee,
        0xb8, 0xee, 0x97, 0xee, 0x96, 0xee, 0x97, 0xee, 0x96, 0xee, 0x76, 0xee,
        0x35, 0xe6, 0x76, 0xee, 0xb8, 0xf6, 0x96, 0xee, 0x14, 0xee, 0x34, 0xe6,
        0xb7, 0xf6, 0xd8, 0xf6, 0x3a, 0xf7, 0x3a, 0xf7, 0xf9, 0xf6, 0x96, 0xee,
        0x91, 0xd5, 0xac, 0xc4, 0x4c, 0xbc, 0x2b, 0xb4, 0x48, 0x9b, 0x48, 0x9b,
        0xcb, 0x9b, 0xcb, 0x9b, 0xec, 0xa3, 0xcf, 0xbc, 0xb3, 0xd5, 0x8d, 0xbc,
        0x50, 0xcd, 0xd3, 0xdd, 0xd3, 0xdd, 0x35, 0xde, 0x36, 0xe6, 0xd4, 0xdd,
        0x30, 0xcd, 0x50, 0xcd, 0xf4, 0xdd, 0xb2, 0xd5, 0x71, 0xd5, 0xd4, 0xdd,
        0xb3, 0xd5, 0xd4, 0xdd, 0x10, 0xc5, 0xef, 0xc4, 0xcf, 0xbc, 0x6d, 0xb4,
        0xae, 0xbc, 0x72, 0xcd, 0x51, 0xcd, 0x10, 0xc5, 0xcf, 0xbc, 0xef, 0xc4,
        0x92, 0xd5, 0x93, 0xcd, 0xae, 0xbc, 0x72, 0xcd, 0x72, 0xcd, 0x10, 0xc5,
        0x10, 0xc5, 0xcf, 0xbc, 0x32, 0xc5, 0x32, 0xc5, 0x10, 0xc5, 0xb4, 0xcd,
        0x32, 0xc5, 0xf0, 0xbc, 0x4d, 0xac, 0x0c, 0xac, 0xf0, 0xbc, 0x2e, 0xa4,
        0x8b, 0x93, 0xe8, 0x82, 0x6f, 0xac, 0xc9, 0x7a, 0x84, 0x59, 0x47, 0x6a,
        0xc9, 0x7a, 0x26, 0x6a, 0x8b, 0x93, 0x66, 0x7a, 0xa7, 0x82, 0xca, 0xa3,
        0xce, 0xc4, 0xf4, 0xdd, 0xf5, 0xd5, 0xb3, 0xd5, 0xb3, 0xd5, 0x51, 0xcd,
        0xad, 0xc4, 0xad, 0xc4, 0x50, 0xcd, 0x15, 0xe6, 0x15, 0xe6, 0xd3, 0xdd,
        0x15, 0xe6, 0x56, 0xe6, 0x97, 0xee, 0x97, 0xee, 0xd9, 0xee, 0x1a, 0xf7,
        0x1a, 0xf7, 0xfa, 0xee, 0x1b, 0xf7, 0xff, 0xff, 0xff, 0xff, 0x00, 0x00,
        0x00, 0x00, 0x00, 0x00, 0x00, 0x00, 0x00, 0x00, 0x00, 0x00, 0x00, 0x00,
        0x00, 0x00, 0x00, 0x00, 0x00, 0x00, 0x00, 0x00, 0x00, 0x00, 0x00, 0x00,
        0x00, 0x00, 0x00, 0x00, 0x00, 0x00, 0x00, 0x00, 0x00, 0x00, 0x00, 0x00,
        0x00, 0x00, 0x00, 0x00, 0x00, 0x00, 0x00, 0x00, 0x00, 0x00, 0x00, 0x00,
        0x00, 0x00, 0x00, 0x00, 0x00, 0x00, 0x00, 0x00, 0x00, 0x00, 0x00, 0x00,
        0x00, 0x00, 0x00, 0x00, 0x00, 0x00, 0x00, 0x00, 0x00, 0x00, 0x00, 0x00,
        0x00, 0x00, 0x00, 0x00, 0x00, 0x00, 0x00, 0x00, 0x00, 0x00, 0x00, 0x00,
        0x00, 0x00, 0x00, 0x00, 0x00, 0x00, 0x00, 0x00, 0x00, 0x00, 0x00, 0x00,
        0x00, 0x00, 0x00, 0x00, 0x00, 0x00, 0x00, 0x00, 0x00, 0x00, 0x00, 0x00,
        0x00, 0x00, 0x00, 0x00, 0x00, 0x00, 0x00, 0x00, 0x00, 0x00, 0x00, 0x00,
        0x00, 0x00, 0x00, 0x00, 0x00, 0x00, 0x00, 0x00, 0x00, 0x00, 0x00, 0x00,
        0x00, 0x00, 0x00, 0x00, 0x00, 0x00, 0x00, 0x00, 0x00, 0x00, 0x00, 0x00,
        0x00, 0x00, 0x00, 0x00, 0x00, 0x00, 0x00, 0x00, 0x00, 0x00, 0x00, 0x00,
        0x00, 0x00, 0x00, 0x00, 0x00, 0x00, 0x00, 0x00, 0x00, 0x00, 0x00, 0x00,
        0x00, 0x00, 0x00, 0x00, 0x00, 0x00, 0x00, 0x00, 0x00, 0x00, 0x00, 0x00,
        0x00, 0x00, 0x00, 0x00, 0x00, 0x00, 0x00, 0x00, 0x00, 0x00, 0x00, 0x00,
        0x00, 0x00, 0x00, 0x00, 0x00, 0x00, 0x00, 0x00, 0x00, 0x00, 0x00, 0x00,
        0x00, 0x00, 0x00, 0x00, 0x00, 0x00, 0x00, 0x00, 0x00, 0x00, 0x00, 0x00,
        0x00, 0x00, 0x00, 0x00, 0x00, 0x00, 0x00, 0x00, 0x00, 0x00, 0x00, 0x00,
        0x00, 0x00, 0xbf, 0xff, 0x1b, 0xf7, 0x98, 0xe6, 0x35, 0xde, 0x15, 0xe6,
        0x14, 0xde, 0x14, 0xde, 0x35, 0xde, 0x36, 0xe6, 0x98, 0xe6, 0x98, 0xe6,
        0xd9, 0xee, 0xb8, 0xee, 0xb8, 0xee, 0xf9, 0xee, 0xf9, 0xee, 0xd9, 0xee,
        0xb8, 0xee, 0x97, 0xee, 0x97, 0xee, 0x96, 0xee, 0x96, 0xee, 0x97, 0xee,
        0x97, 0xee, 0x76, 0xee, 0xf3, 0xe5, 0x14, 0xe6, 0x35, 0xe6, 0x55, 0xee,
        0x14, 0xee, 0x55, 0xee, 0xd8, 0xf6, 0xd8, 0xf6, 0xd8, 0xf6, 0xb8, 0xf6,
        0x55, 0xee, 0xd2, 0xe5, 0xcd, 0xcc, 0x47, 0xa3, 0xc6, 0x8a, 0x28, 0x93,
        0x28, 0x93, 0xe8, 0x82, 0x2c, 0xb4, 0xcf, 0xbc, 0x2b, 0xb4, 0x8d, 0xbc,
        0xd4, 0xdd, 0x0f, 0xcd, 0xd4, 0xdd, 0xf4, 0xdd, 0x71, 0xd5, 0xad, 0xc4,
        0x50, 0xcd, 0xb3, 0xd5, 0x71, 0xd5, 0x71, 0xd5, 0x92, 0xd5, 0x92, 0xd5,
        0x15, 0xde, 0xef, 0xc4, 0xea, 0xab, 0x2c, 0xb4, 0xae, 0xbc, 0x8d, 0xbc,
        0x4c, 0xbc, 0x10, 0xc5, 0x8d, 0xbc, 0xcf, 0xbc, 0xae, 0xbc, 0x6d, 0xb4,
        0x10, 0xc5, 0xf0, 0xbc, 0x6d, 0xb4, 0xef, 0xc4, 0x51, 0xcd, 0x51, 0xcd,
        0x10, 0xc5, 0xcf, 0xbc, 0x32, 0xc5, 0xf0, 0xbc, 0xae, 0xbc, 0xf0, 0xbc,
        0xb0, 0xb4, 0x8e, 0xb4, 0xb0, 0xb4, 0x4d, 0xac, 0x8e, 0xb4, 0x2e, 0xa4,
        0x29, 0x83, 0xa7, 0x7a, 0x29, 0x83, 0xcc, 0x93, 0x26, 0x6a, 0x84, 0x59,
        0xc4, 0x61, 0x66, 0x7a, 0xe8, 0x82, 0xec, 0xa3, 0x28, 0x93, 0x2b, 0xb4,
        0xad, 0xc4, 0x30, 0xcd, 0x93, 0xcd, 0x72, 0xcd, 0x8d, 0xbc, 0x2b, 0xb4,
        0x4c, 0xbc, 0xad, 0xc4, 0xce, 0xc4, 0x50, 0xcd, 0x14, 0xde, 0x15, 0xe6,
        0x35, 0xde, 0x15, 0xe6, 0x56, 0xe6, 0x98, 0xe6, 0xd8, 0xf6, 0x1b, 0xf7,
        0x1a, 0xf7, 0x5b, 0xf7, 0x1b, 0xf7, 0xbf, 0xff, 0xff, 0xff, 0x00, 0x00,
        0x00, 0x00, 0x00, 0x00, 0x00, 0x00, 0x00, 0x00, 0x00, 0x00, 0x00, 0x00,
        0x00, 0x00, 0x00, 0x00, 0x00, 0x00, 0x00, 0x00, 0x00, 0x00, 0x00, 0x00,
        0x00, 0x00, 0x00, 0x00, 0x00, 0x00, 0x00, 0x00, 0x00, 0x00, 0x00, 0x00,
        0x00, 0x00, 0x00, 0x00, 0x00, 0x00, 0x00, 0x00, 0x00, 0x00, 0x00, 0x00,
        0x00, 0x00, 0x00, 0x00, 0x00, 0x00, 0x00, 0x00, 0x00, 0x00, 0x00, 0x00,
        0x00, 0x00, 0x00, 0x00, 0x00, 0x00, 0x00, 0x00, 0x00, 0x00, 0x00, 0x00,
        0x00, 0x00, 0x00, 0x00, 0x00, 0x00, 0x00, 0x00, 0x00, 0x00, 0x00, 0x00,
        0x00, 0x00, 0x00, 0x00, 0x00, 0x00, 0x00, 0x00, 0x00, 0x00, 0x00, 0x00,
        0x00, 0x00, 0x00, 0x00, 0x00, 0x00, 0x00, 0x00, 0x00, 0x00, 0x00, 0x00,
        0x00, 0x00, 0x00, 0x00, 0x00, 0x00, 0x00, 0x00, 0x00, 0x00, 0x00, 0x00,
        0x00, 0x00, 0x00, 0x00, 0x00, 0x00, 0x00, 0x00, 0x00, 0x00, 0x00, 0x00,
        0x00, 0x00, 0x00, 0x00, 0x00, 0x00, 0x00, 0x00, 0x00, 0x00, 0x00, 0x00,
        0x00, 0x00, 0x00, 0x00, 0x00, 0x00, 0x00, 0x00, 0x00, 0x00, 0x00, 0x00,
        0x00, 0x00, 0x00, 0x00, 0x00, 0x00, 0x00, 0x00, 0x00, 0x00, 0x00, 0x00,
        0x00, 0x00, 0x00, 0x00, 0x00, 0x00, 0x00, 0x00, 0x00, 0x00, 0x00, 0x00,
        0x00, 0x00, 0x00, 0x00, 0x00, 0x00, 0x00, 0x00, 0x00, 0x00, 0x00, 0x00,
        0x00, 0x00, 0x00, 0x00, 0x00, 0x00, 0x00, 0x00, 0x00, 0x00, 0x00, 0x00,
        0x00, 0x00, 0x00, 0x00, 0x00, 0x00, 0x00, 0x00, 0x00, 0x00, 0x00, 0x00,
        0x00, 0x00, 0x00, 0x00, 0x00, 0x00, 0x00, 0x00, 0xff, 0xff, 0x00, 0x00,
        0x7d, 0xf7, 0xfa, 0xee, 0x99, 0xe6, 0x98, 0xe6, 0x36, 0xe6, 0xd4, 0xdd,
        0xf4, 0xdd, 0x15, 0xde, 0x14, 0xde, 0x35, 0xde, 0x36, 0xe6, 0x77, 0xe6,
        0x98, 0xe6, 0xb8, 0xe6, 0xd9, 0xee, 0x1a, 0xf7, 0x1b, 0xf7, 0x1a, 0xf7,
        0x1a, 0xf7, 0xf9, 0xf6, 0xb8, 0xf6, 0xb7, 0xf6, 0xb7, 0xf6, 0x97, 0xee,
        0xb8, 0xf6, 0xb8, 0xf6, 0x96, 0xee, 0x96, 0xee, 0x96, 0xee, 0x55, 0xee,
        0x14, 0xee, 0x96, 0xee, 0xb7, 0xf6, 0x97, 0xee, 0xd8, 0xf6, 0xb8, 0xf6,
        0xd8, 0xf6, 0x34, 0xe6, 0xac, 0xc4, 0xa9, 0xab, 0x07, 0x9b, 0xe7, 0x92,
        0xc6, 0x8a, 0x28, 0x93, 0xea, 0xab, 0x2b, 0xb4, 0x68, 0xa3, 0x92, 0xd5,
        0x71, 0xd5, 0xb3, 0xd5, 0x92, 0xd5, 0xb2, 0xd5, 0xce, 0xc4, 0xea, 0xab,
        0x4c, 0xbc, 0xca, 0xa3, 0xea, 0xab, 0x10, 0xc5, 0x71, 0xd5, 0xcf, 0xbc,
        0xb3, 0xd5, 0xcb, 0x9b, 0xa7, 0x82, 0xca, 0xa3, 0x8d, 0xbc, 0x2c, 0xb4,
        0x2b, 0xb4, 0xce, 0xc4, 0x0c, 0xac, 0x8e, 0xb4, 0x4d, 0xac, 0xae, 0xbc,
        0x8e, 0xb4, 0x0c, 0xac, 0xca, 0xa3, 0xb0, 0xb4, 0xae, 0xbc, 0xef, 0xbc,
        0xef, 0xc4, 0xef, 0xc4, 0xef, 0xc4, 0x6f, 0xac, 0x0c, 0xac, 0xcf, 0xbc,
        0x8e, 0xb4, 0x4d, 0xac, 0xae, 0xbc, 0xb0, 0xb4, 0xb0, 0xb4, 0x6f, 0xac,
        0xe8, 0x82, 0x66, 0x7a, 0x25, 0x72, 0xcc, 0x93, 0x66, 0x7a, 0x66, 0x7a,
        0x66, 0x7a, 0x66, 0x7a, 0xc6, 0x8a, 0x0c, 0xac, 0x6d, 0xb4, 0xad, 0xc4,
        0x30, 0xcd, 0x51, 0xcd, 0x51, 0xcd, 0x92, 0xd5, 0x30, 0xcd, 0x30, 0xcd,
        0xce, 0xc4, 0x30, 0xcd, 0x71, 0xd5, 0x71, 0xd5, 0xb2, 0xd5, 0xd3, 0xdd,
        0xd3, 0xdd, 0x15, 0xe6, 0x98, 0xe6, 0xb8, 0xee, 0xf9, 0xee, 0x5c, 0xf7,
        0x5c, 0xf7, 0x5b, 0xf7, 0x1b, 0xf7, 0x5c, 0xf7, 0xff, 0xff, 0xff, 0xff,
        0x00, 0x00, 0x00, 0x00, 0x00, 0x00, 0x00, 0x00, 0x00, 0x00, 0x00, 0x00,
        0x00, 0x00, 0x00, 0x00, 0x00, 0x00, 0x00, 0x00, 0x00, 0x00, 0x00, 0x00,
        0x00, 0x00, 0x00, 0x00, 0x00, 0x00, 0x00, 0x00, 0x00, 0x00, 0x00, 0x00,
        0x00, 0x00, 0x00, 0x00, 0x00, 0x00, 0x00, 0x00, 0x00, 0x00, 0x00, 0x00,
        0x00, 0x00, 0x00, 0x00, 0x00, 0x00, 0x00, 0x00, 0x00, 0x00, 0x00, 0x00,
        0x00, 0x00, 0x00, 0x00, 0x00, 0x00, 0x00, 0x00, 0x00, 0x00, 0x00, 0x00,
        0x00, 0x00, 0x00, 0x00, 0x00, 0x00, 0x00, 0x00, 0x00, 0x00, 0x00, 0x00,
        0x00, 0x00, 0x00, 0x00, 0x00, 0x00, 0x00, 0x00, 0x00, 0x00, 0x00, 0x00,
        0x00, 0x00, 0x00, 0x00, 0x00, 0x00, 0x00, 0x00, 0x00, 0x00, 0x00, 0x00,
        0x00, 0x00, 0x00, 0x00, 0x00, 0x00, 0x00, 0x00, 0x00, 0x00, 0x00, 0x00,
        0x00, 0x00, 0x00, 0x00, 0x00, 0x00, 0x00, 0x00, 0x00, 0x00, 0x00, 0x00,
        0x00, 0x00, 0x00, 0x00, 0x00, 0x00, 0x00, 0x00, 0x00, 0x00, 0x00, 0x00,
        0x00, 0x00, 0x00, 0x00, 0x00, 0x00, 0x00, 0x00, 0x00, 0x00, 0x00, 0x00,
        0x00, 0x00, 0x00, 0x00, 0x00, 0x00, 0x00, 0x00, 0x00, 0x00, 0x00, 0x00,
        0x00, 0x00, 0x00, 0x00, 0x00, 0x00, 0x00, 0x00, 0x00, 0x00, 0x00, 0x00,
        0x00, 0x00, 0x00, 0x00, 0x00, 0x00, 0x00, 0x00, 0x00, 0x00, 0x00, 0x00,
        0x00, 0x00, 0x00, 0x00, 0x00, 0x00, 0x00, 0x00, 0x00, 0x00, 0x00, 0x00,
        0x00, 0x00, 0x00, 0x00, 0x00, 0x00, 0x00, 0x00, 0x00, 0x00, 0x00, 0x00,
        0x00, 0x00, 0x00, 0x00, 0x00, 0x00, 0x00, 0x00, 0x00, 0x00, 0xff, 0xff,
        0xff, 0xff, 0x5c, 0xf7, 0xd9, 0xee, 0x57, 0xe6, 0xd4, 0xd5, 0x15, 0xde,
        0x15, 0xde, 0xf4, 0xdd, 0xf4, 0xdd, 0xf4, 0xdd, 0x15, 0xde, 0x77, 0xe6,
        0x77, 0xe6, 0x98, 0xe6, 0x98, 0xe6, 0xb8, 0xee, 0xf9, 0xee, 0xf9, 0xee,
        0xf9, 0xee, 0xd8, 0xf6, 0xd8, 0xf6, 0xf9, 0xf6, 0xd8, 0xf6, 0xf9, 0xf6,
        0xf9, 0xf6, 0xd8, 0xf6, 0xb8, 0xf6, 0xb7, 0xf6, 0x55, 0xee, 0x55, 0xee,
        0xb7, 0xf6, 0xb8, 0xf6, 0xb8, 0xf6, 0x97, 0xee, 0xb8, 0xf6, 0xb8, 0xf6,
        0xd8, 0xf6, 0x97, 0xee, 0x14, 0xe6, 0x2e, 0xd5, 0xac, 0xc4, 0xa9, 0xab,
        0x07, 0x9b, 0xe7, 0x92, 0x48, 0x9b, 0xa7, 0x82, 0x6a, 0x9b, 0x8e, 0xb4,
        0x10, 0xc5, 0x4d, 0xac, 0x6d, 0xb4, 0x0f, 0xcd, 0x4b, 0xbc, 0x2b, 0xbc,
        0x89, 0xa3, 0xe7, 0x92, 0x28, 0x93, 0x2b, 0xb4, 0x2b, 0xb4, 0xca, 0xa3,
        0xae, 0xbc, 0xa7, 0x82, 0x25, 0x72, 0xe7, 0x92, 0x2b, 0xb4, 0x2b, 0xb4,
        0x2b, 0xb4, 0x8d, 0xbc, 0x89, 0xa3, 0xec, 0xa3, 0x6a, 0x9b, 0x4d, 0xac,
        0xae, 0xbc, 0xec, 0xa3, 0x28, 0x93, 0x6f, 0xac, 0xcb, 0x9b, 0x8d, 0xbc,
        0x6d, 0xb4, 0xae, 0xbc, 0xef, 0xc4, 0x32, 0xc5, 0x6a, 0x9b, 0x4d, 0xac,
        0x4d, 0xac, 0x4a, 0x8b, 0xec, 0xa3, 0x4d, 0xac, 0x4d, 0xac, 0xb0, 0xb4,
        0xe8, 0x82, 0x26, 0x6a, 0xc4, 0x61, 0x4b, 0x83, 0x29, 0x83, 0xa7, 0x82,
        0x89, 0xa3, 0x2c, 0xb4, 0xad, 0xc4, 0x8d, 0xbc, 0x51, 0xcd, 0xef, 0xc4,
        0x51, 0xcd, 0x51, 0xcd, 0x10, 0xc5, 0x51, 0xcd, 0x51, 0xcd, 0x30, 0xcd,
        0xb2, 0xd5, 0xb2, 0xd5, 0x50, 0xcd, 0x2f, 0xd5, 0x30, 0xcd, 0x30, 0xcd,
        0x71, 0xd5, 0x14, 0xde, 0x35, 0xe6, 0xb8, 0xee, 0xf9, 0xee, 0x1b, 0xf7,
        0x1b, 0xf7, 0x7c, 0xff, 0xfa, 0xee, 0x1b, 0xf7, 0xbf, 0xff, 0x00, 0x00,
        0x00, 0x00, 0x00, 0x00, 0x00, 0x00, 0x00, 0x00, 0x00, 0x00, 0x00, 0x00,
        0x00, 0x00, 0x00, 0x00, 0x00, 0x00, 0x00, 0x00, 0x00, 0x00, 0x00, 0x00,
        0x00, 0x00, 0x00, 0x00, 0x00, 0x00, 0x00, 0x00, 0x00, 0x00, 0x00, 0x00,
        0x00, 0x00, 0x00, 0x00, 0x00, 0x00, 0x00, 0x00, 0x00, 0x00, 0x00, 0x00,
        0x00, 0x00, 0x00, 0x00, 0x00, 0x00, 0x00, 0x00, 0x00, 0x00, 0x00, 0x00,
        0x00, 0x00, 0x00, 0x00, 0x00, 0x00, 0x00, 0x00, 0x00, 0x00, 0x00, 0x00,
        0x00, 0x00, 0x00, 0x00, 0x00, 0x00, 0x00, 0x00, 0x00, 0x00, 0x00, 0x00,
        0x00, 0x00, 0x00, 0x00, 0x00, 0x00, 0x00, 0x00, 0x00, 0x00, 0x00, 0x00,
        0x00, 0x00, 0x00, 0x00, 0x00, 0x00, 0x00, 0x00, 0x00, 0x00, 0x00, 0x00,
        0x00, 0x00, 0x00, 0x00, 0x00, 0x00, 0x00, 0x00, 0x00, 0x00, 0x00, 0x00,
        0x00, 0x00, 0x00, 0x00, 0x00, 0x00, 0x00, 0x00, 0x00, 0x00, 0x00, 0x00,
        0x00, 0x00, 0x00, 0x00, 0x00, 0x00, 0x00, 0x00, 0x00, 0x00, 0x00, 0x00,
        0x00, 0x00, 0x00, 0x00, 0x00, 0x00, 0x00, 0x00, 0x00, 0x00, 0x00, 0x00,
        0x00, 0x00, 0x00, 0x00, 0x00, 0x00, 0x00, 0x00, 0x00, 0x00, 0x00, 0x00,
        0x00, 0x00, 0x00, 0x00, 0x00, 0x00, 0x00, 0x00, 0x00, 0x00, 0x00, 0x00,
        0x00, 0x00, 0x00, 0x00, 0x00, 0x00, 0x00, 0x00, 0x00, 0x00, 0x00, 0x00,
        0x00, 0x00, 0x00, 0x00, 0x00, 0x00, 0x00, 0x00, 0x00, 0x00, 0x00, 0x00,
        0x00, 0x00, 0x00, 0x00, 0x00, 0x00, 0x00, 0x00, 0x00, 0x00, 0x00, 0x00,
        0x00, 0x00, 0x00, 0x00, 0x00, 0x00, 0x00, 0x00, 0xff, 0xff, 0xff, 0xff,
        0xbf, 0xff, 0x1b, 0xf7, 0x98, 0xe6, 0x37, 0xde, 0x15, 0xde, 0x92, 0xd5,
        0x92, 0xd5, 0xb2, 0xd5, 0xf4, 0xdd, 0x35, 0xde, 0x57, 0xe6, 0x57, 0xe6,
        0x35, 0xde, 0xf4, 0xdd, 0x14, 0xde, 0x77, 0xe6, 0xf9, 0xee, 0x1a, 0xf7,
        0xf9, 0xee, 0x1a, 0xf7, 0xf9, 0xf6, 0xf9, 0xf6, 0xf9, 0xf6, 0xd8, 0xf6,
        0x1a, 0xf7, 0x3a, 0xf7, 0xf9, 0xf6, 0xb7, 0xf6, 0x76, 0xee, 0x76, 0xee,
        0x54, 0xee, 0x55, 0xee, 0x54, 0xee, 0x55, 0xee, 0xb8, 0xf6, 0xd8, 0xf6,
        0xf9, 0xf6, 0xf9, 0xf6, 0xb8, 0xf6, 0x96, 0xee, 0x91, 0xdd, 0x4b, 0xbc,
        0xa9, 0xab, 0x48, 0x9b, 0xc6, 0x8a, 0x65, 0x82, 0x6a, 0x9b, 0x6a, 0x9b,
        0x6a, 0x9b, 0x66, 0x7a, 0x28, 0x93, 0x68, 0xa3, 0xa9, 0xab, 0xc9, 0xb3,
        0x68, 0xa3, 0x48, 0x9b, 0xa7, 0x82, 0xc6, 0x8a, 0xc6, 0x8a, 0xa7, 0x82,
        0x28, 0x93, 0x25, 0x72, 0x25, 0x72, 0x65, 0x82, 0x48, 0x9b, 0xea, 0xab,
        0xca, 0xa3, 0xca, 0xa3, 0x28, 0x93, 0xe8, 0x82, 0xe8, 0x82, 0xe8, 0x82,
        0xcb, 0x9b, 0xcb, 0x9b, 0x28, 0x93, 0xec, 0xa3, 0x28, 0x93, 0xca, 0xa3,
        0x0c, 0xac, 0x2c, 0xb4, 0x0c, 0xac, 0x6f, 0xac, 0x4a, 0x8b, 0x29, 0x83,
        0xec, 0xa3, 0x29, 0x83, 0xa7, 0x7a, 0xe8, 0x82, 0x28, 0x93, 0x2e, 0xa4,
        0x4a, 0x8b, 0x66, 0x7a, 0x84, 0x59, 0xe8, 0x82, 0xec, 0xa3, 0x28, 0x93,
        0x4c, 0xbc, 0xef, 0xc4, 0x71, 0xd5, 0x71, 0xd5, 0xb3, 0xd5, 0x92, 0xd5,
        0x51, 0xcd, 0x51, 0xcd, 0x72, 0xcd, 0x92, 0xd5, 0xd4, 0xd5, 0x72, 0xcd,
        0x30, 0xcd, 0x50, 0xcd, 0x91, 0xd5, 0xd3, 0xdd, 0xb2, 0xd5, 0x71, 0xd5,
        0x71, 0xd5, 0x14, 0xde, 0x56, 0xe6, 0xb8, 0xee, 0x1a, 0xf7, 0x1b, 0xf7,
        0x1b, 0xf7, 0x7c, 0xff, 0xfa, 0xee, 0x5c, 0xf7, 0xff, 0xff, 0xff, 0xff,
        0x00, 0x00, 0x00, 0x00, 0x00, 0x00, 0x00, 0x00, 0x00, 0x00, 0x00, 0x00,
        0x00, 0x00, 0x00, 0x00, 0x00, 0x00, 0x00, 0x00, 0x00, 0x00, 0x00, 0x00,
        0x00, 0x00, 0x00, 0x00, 0x00, 0x00, 0x00, 0x00, 0x00, 0x00, 0x00, 0x00,
        0x00, 0x00, 0x00, 0x00, 0x00, 0x00, 0x00, 0x00, 0x00, 0x00, 0x00, 0x00,
        0x00, 0x00, 0x00, 0x00, 0x00, 0x00, 0x00, 0x00, 0x00, 0x00, 0x00, 0x00,
        0x00, 0x00, 0x00, 0x00, 0x00, 0x00, 0x00, 0x00, 0x00, 0x00, 0x00, 0x00,
        0x00, 0x00, 0x00, 0x00, 0x00, 0x00, 0x00, 0x00, 0x00, 0x00, 0x00, 0x00,
        0x00, 0x00, 0x00, 0x00, 0x00, 0x00, 0x00, 0x00, 0x00, 0x00, 0x00, 0x00,
        0x00, 0x00, 0x00, 0x00, 0x00, 0x00, 0x00, 0x00, 0x00, 0x00, 0x00, 0x00,
        0x00, 0x00, 0x00, 0x00, 0x00, 0x00, 0x00, 0x00, 0x00, 0x00, 0x00, 0x00,
        0x00, 0x00, 0x00, 0x00, 0x00, 0x00, 0x00, 0x00, 0x00, 0x00, 0x00, 0x00,
        0x00, 0x00, 0x00, 0x00, 0x00, 0x00, 0x00, 0x00, 0x00, 0x00, 0x00, 0x00,
        0x00, 0x00, 0x00, 0x00, 0x00, 0x00, 0x00, 0x00, 0x00, 0x00, 0x00, 0x00,
        0x00, 0x00, 0x00, 0x00, 0x00, 0x00, 0x00, 0x00, 0x00, 0x00, 0x00, 0x00,
        0x00, 0x00, 0x00, 0x00, 0x00, 0x00, 0x00, 0x00, 0x00, 0x00, 0x00, 0x00,
        0x00, 0x00, 0x00, 0x00, 0x00, 0x00, 0x00, 0x00, 0x00, 0x00, 0x00, 0x00,
        0x00, 0x00, 0x00, 0x00, 0x00, 0x00, 0x00, 0x00, 0x00, 0x00, 0x00, 0x00,
        0x00, 0x00, 0x00, 0x00, 0x00, 0x00, 0x00, 0x00, 0x00, 0x00, 0x00, 0x00,
        0x00, 0x00, 0x00, 0x00, 0x00, 0x00, 0x00, 0x00, 0x00, 0x00, 0xbf, 0xff,
        0x1b, 0xf7, 0x99, 0xe6, 0x37, 0xde, 0xd4, 0xd5, 0x36, 0xe6, 0x35, 0xde,
        0x35, 0xde, 0x36, 0xe6, 0x98, 0xe6, 0x36, 0xe6, 0x35, 0xde, 0x36, 0xe6,
        0x77, 0xe6, 0x35, 0xde, 0xf4, 0xdd, 0x77, 0xe6, 0xd9, 0xee, 0xf9, 0xee,
        0x1b, 0xf7, 0xf9, 0xee, 0xf9, 0xf6, 0xf9, 0xf6, 0xd8, 0xf6, 0xf9, 0xf6,
        0x1a, 0xf7, 0xd8, 0xf6, 0xb7, 0xf6, 0xb8, 0xf6, 0xb8, 0xf6, 0x96, 0xee,
        0x54, 0xee, 0x35, 0xe6, 0x54, 0xee, 0x55, 0xee, 0xb8, 0xf6, 0xf9, 0xf6,
        0xf9, 0xf6, 0xf9, 0xf6, 0xf9, 0xf6, 0xd8, 0xf6, 0x96, 0xee, 0xf3, 0xe5,
        0x4f, 0xd5, 0x2b, 0xbc, 0x47, 0xa3, 0x68, 0xa3, 0x68, 0xa3, 0xc6, 0x8a,
        0x25, 0x72, 0xc4, 0x61, 0x65, 0x82, 0x07, 0x9b, 0xc9, 0xb3, 0xc9, 0xb3,
        0xa9, 0xab, 0x48, 0x9b, 0x65, 0x82, 0xe7, 0x92, 0xc6, 0x8a, 0x07, 0x9b,
        0x28, 0x93, 0x65, 0x82, 0x65, 0x82, 0x65, 0x82, 0xc6, 0x8a, 0xc6, 0x8a,
        0xca, 0xa3, 0xc6, 0x8a, 0xc6, 0x8a, 0x66, 0x7a, 0x28, 0x93, 0xc4, 0x61,
        0xc4, 0x61, 0x66, 0x7a, 0x6a, 0x9b, 0xe8, 0x82, 0xa7, 0x82, 0xa7, 0x82,
        0xe8, 0x82, 0xcb, 0x9b, 0x0c, 0xac, 0x8b, 0x93, 0x26, 0x6a, 0xc9, 0x7a,
        0xe8, 0x82, 0xe8, 0x82, 0x25, 0x72, 0xa7, 0x82, 0x65, 0x82, 0x4a, 0x8b,
        0xa7, 0x82, 0xe7, 0x92, 0xa7, 0x82, 0xa7, 0x82, 0xae, 0xbc, 0x2c, 0xb4,
        0xef, 0xc4, 0x72, 0xcd, 0x92, 0xd5, 0x72, 0xcd, 0x72, 0xcd, 0xd4, 0xd5,
        0x92, 0xd5, 0x72, 0xcd, 0xef, 0xc4, 0x10, 0xc5, 0x71, 0xd5, 0x36, 0xe6,
        0xb3, 0xd5, 0x50, 0xcd, 0xb2, 0xd5, 0xd3, 0xdd, 0xd4, 0xdd, 0x35, 0xde,
        0x36, 0xe6, 0x56, 0xe6, 0x56, 0xe6, 0x98, 0xe6, 0xd9, 0xee, 0xd9, 0xee,
        0xf9, 0xee, 0x1a, 0xf7, 0xfa, 0xee, 0x5c, 0xf7, 0xff, 0xff, 0x00, 0x00,
        0x00, 0x00, 0x00, 0x00, 0x00, 0x00, 0x00, 0x00, 0x00, 0x00, 0x00, 0x00,
        0x00, 0x00, 0x00, 0x00, 0x00, 0x00, 0x00, 0x00, 0x00, 0x00, 0x00, 0x00,
        0x00, 0x00, 0x00, 0x00, 0x00, 0x00, 0x00, 0x00, 0x00, 0x00, 0x00, 0x00,
        0x00, 0x00, 0x00, 0x00, 0x00, 0x00, 0x00, 0x00, 0x00, 0x00, 0x00, 0x00,
        0x00, 0x00, 0x00, 0x00, 0x00, 0x00, 0x00, 0x00, 0x00, 0x00, 0x00, 0x00,
        0x00, 0x00, 0x00, 0x00, 0x00, 0x00, 0x00, 0x00, 0x00, 0x00, 0x00, 0x00,
        0x00, 0x00, 0x00, 0x00, 0x00, 0x00, 0x00, 0x00, 0x00, 0x00, 0x00, 0x00,
        0x00, 0x00, 0x00, 0x00, 0x00, 0x00, 0x00, 0x00, 0x00, 0x00, 0x00, 0x00,
        0x00, 0x00, 0x00, 0x00, 0x00, 0x00, 0x00, 0x00, 0x00, 0x00, 0x00, 0x00,
        0x00, 0x00, 0x00, 0x00, 0x00, 0x00, 0x00, 0x00, 0x00, 0x00, 0x00, 0x00,
        0x00, 0x00, 0x00, 0x00, 0x00, 0x00, 0x00, 0x00, 0x00, 0x00, 0x00, 0x00,
        0x00, 0x00, 0x00, 0x00, 0x00, 0x00, 0x00, 0x00, 0x00, 0x00, 0x00, 0x00,
        0x00, 0x00, 0x00, 0x00, 0x00, 0x00, 0x00, 0x00, 0x00, 0x00, 0x00, 0x00,
        0x00, 0x00, 0x00, 0x00, 0x00, 0x00, 0x00, 0x00, 0x00, 0x00, 0x00, 0x00,
        0x00, 0x00, 0x00, 0x00, 0x00, 0x00, 0x00, 0x00, 0x00, 0x00, 0x00, 0x00,
        0x00, 0x00, 0x00, 0x00, 0x00, 0x00, 0x00, 0x00, 0x00, 0x00, 0x00, 0x00,
        0x00, 0x00, 0x00, 0x00, 0x00, 0x00, 0x00, 0x00, 0x00, 0x00, 0x00, 0x00,
        0x00, 0x00, 0x00, 0x00, 0x00, 0x00, 0x00, 0x00, 0x00, 0x00, 0x00, 0x00,
        0x00, 0x00, 0x00, 0x00, 0xff, 0xff, 0xff, 0xff, 0x5c, 0xf7, 0x1b, 0xf7,
        0xd9, 0xee, 0x78, 0xde, 0x57, 0xde, 0x35, 0xde, 0x15, 0xde, 0x77, 0xe6,
        0x36, 0xe6, 0x14, 0xde, 0x14, 0xde, 0x35, 0xde, 0x15, 0xde, 0xf4, 0xdd,
        0x35, 0xde, 0x15, 0xe6, 0x15, 0xe6, 0x35, 0xde, 0x56, 0xe6, 0x77, 0xe6,
        0x97, 0xee, 0xd9, 0xee, 0xb8, 0xf6, 0xb8, 0xf6, 0xb8, 0xf6, 0xd8, 0xf6,
        0xb8, 0xf6, 0x76, 0xee, 0x55, 0xee, 0x96, 0xee, 0x96, 0xee, 0xb7, 0xf6,
        0x96, 0xee, 0x76, 0xee, 0x54, 0xee, 0x54, 0xee, 0x97, 0xee, 0xd8, 0xf6,
        0xf9, 0xf6, 0xd8, 0xee, 0xf9, 0xf6, 0xd8, 0xf6, 0xb8, 0xf6, 0xb8, 0xf6,
        0x55, 0xee, 0x90, 0xe5, 0x2e, 0xd5, 0xcd, 0xcc, 0x68, 0xa3, 0xc6, 0x8a,
        0x07, 0x9b, 0x68, 0xa3, 0x4b, 0xbc, 0x4f, 0xd5, 0x70, 0xdd, 0x2e, 0xd5,
        0xcd, 0xcc, 0x47, 0xa3, 0x07, 0x9b, 0x68, 0xa3, 0xa9, 0xab, 0x2b, 0xbc,
        0xc9, 0xb3, 0x47, 0xa3, 0x09, 0xb4, 0xc9, 0xb3, 0x07, 0x9b, 0x07, 0x9b,
        0x2b, 0xbc, 0x07, 0x9b, 0xc6, 0x8a, 0x07, 0x9b, 0x48, 0x9b, 0x25, 0x72,
        0x84, 0x59, 0x84, 0x59, 0x29, 0x83, 0xe8, 0x82, 0x25, 0x72, 0xe7, 0x92,
        0x66, 0x7a, 0x66, 0x7a, 0x6a, 0x9b, 0xcc, 0x93, 0x84, 0x59, 0xc4, 0x61,
        0x25, 0x72, 0x28, 0x93, 0xa7, 0x82, 0xa7, 0x82, 0x07, 0x9b, 0xec, 0xa3,
        0x89, 0xa3, 0xc6, 0x8a, 0x48, 0x9b, 0xca, 0xa3, 0xef, 0xc4, 0xd4, 0xd5,
        0x72, 0xcd, 0x72, 0xcd, 0xb3, 0xd5, 0x92, 0xd5, 0x72, 0xcd, 0xb3, 0xd5,
        0x72, 0xcd, 0x72, 0xcd, 0x92, 0xd5, 0x51, 0xcd, 0xce, 0xc4, 0x51, 0xcd,
        0x15, 0xde, 0x15, 0xde, 0x36, 0xe6, 0x35, 0xde, 0xd3, 0xdd, 0xf4, 0xdd,
        0x15, 0xe6, 0x77, 0xe6, 0xb8, 0xee, 0xd9, 0xee, 0xf9, 0xee, 0x1a, 0xf7,
        0x1b, 0xf7, 0x1b, 0xf7, 0x5b, 0xf7, 0x1b, 0xf7, 0xff, 0xff, 0xff, 0xff,
        0x00, 0x00, 0x00, 0x00, 0x00, 0x00, 0x00, 0x00, 0x00, 0x00, 0x00, 0x00,
        0x00, 0x00, 0x00, 0x00, 0x00, 0x00, 0x00, 0x00, 0x00, 0x00, 0x00, 0x00,
        0x00, 0x00, 0x00, 0x00, 0x00, 0x00, 0x00, 0x00, 0x00, 0x00, 0x00, 0x00,
        0x00, 0x00, 0x00, 0x00, 0x00, 0x00, 0x00, 0x00, 0x00, 0x00, 0x00, 0x00,
        0x00, 0x00, 0x00, 0x00, 0x00, 0x00, 0x00, 0x00, 0x00, 0x00, 0x00, 0x00,
        0x00, 0x00, 0x00, 0x00, 0x00, 0x00, 0x00, 0x00, 0x00, 0x00, 0x00, 0x00,
        0x00, 0x00, 0x00, 0x00, 0x00, 0x00, 0x00, 0x00, 0x00, 0x00, 0x00, 0x00,
        0x00, 0x00, 0x00, 0x00, 0x00, 0x00, 0x00, 0x00, 0x00, 0x00, 0x00, 0x00,
        0x00, 0x00, 0x00, 0x00, 0x00, 0x00, 0x00, 0x00, 0x00, 0x00, 0x00, 0x00,
        0x00, 0x00, 0x00, 0x00, 0x00, 0x00, 0x00, 0x00, 0x00, 0x00, 0x00, 0x00,
        0x00, 0x00, 0x00, 0x00, 0x00, 0x00, 0x00, 0x00, 0x00, 0x00, 0x00, 0x00,
        0x00, 0x00, 0x00, 0x00, 0x00, 0x00, 0x00, 0x00, 0x00, 0x00, 0x00, 0x00,
        0x00, 0x00, 0x00, 0x00, 0x00, 0x00, 0x00, 0x00, 0x00, 0x00, 0x00, 0x00,
        0x00, 0x00, 0x00, 0x00, 0x00, 0x00, 0x00, 0x00, 0x00, 0x00, 0x00, 0x00,
        0x00, 0x00, 0x00, 0x00, 0x00, 0x00, 0x00, 0x00, 0x00, 0x00, 0x00, 0x00,
        0x00, 0x00, 0x00, 0x00, 0x00, 0x00, 0x00, 0x00, 0x00, 0x00, 0x00, 0x00,
        0x00, 0x00, 0x00, 0x00, 0x00, 0x00, 0x00, 0x00, 0x00, 0x00, 0x00, 0x00,
        0x00, 0x00, 0x00, 0x00, 0x00, 0x00, 0x00, 0x00, 0x00, 0x00, 0x00, 0x00,
        0x00, 0x00, 0x00, 0x00, 0xff, 0xff, 0xff, 0xff, 0x5c, 0xf7, 0x1b, 0xf7,
        0x5c, 0xf7, 0xfa, 0xee, 0x36, 0xe6, 0x35, 0xde, 0x14, 0xde, 0xf4, 0xdd,
        0x15, 0xe6, 0xf4, 0xdd, 0x15, 0xde, 0x36, 0xe6, 0x36, 0xe6, 0x14, 0xde,
        0x15, 0xde, 0x77, 0xe6, 0xd9, 0xee, 0x97, 0xee, 0x77, 0xe6, 0x97, 0xee,
        0x97, 0xee, 0xb8, 0xee, 0xb8, 0xee, 0x97, 0xee, 0x76, 0xee, 0x96, 0xee,
        0x97, 0xee, 0x96, 0xee, 0xb7, 0xf6, 0x55, 0xee, 0x55, 0xee, 0x55, 0xee,
        0x96, 0xee, 0xb7, 0xf6, 0x96, 0xee, 0x76, 0xee, 0x96, 0xee, 0x96, 0xee,
        0x76, 0xee, 0xd8, 0xf6, 0xd8, 0xf6, 0xf9, 0xf6, 0xf9, 0xf6, 0xb8, 0xf6,
        0x96, 0xee, 0x96, 0xee, 0x35, 0xe6, 0xf3, 0xe5, 0x91, 0xdd, 0x4f, 0xd5,
        0xf3, 0xe5, 0x76, 0xee, 0x76, 0xee, 0x76, 0xee, 0x55, 0xee, 0x14, 0xee,
        0x70, 0xdd, 0x8c, 0xcc, 0x8c, 0xcc, 0x6b, 0xc4, 0x2e, 0xd5, 0xac, 0xc4,
        0xcd, 0xcc, 0xee, 0xcc, 0x70, 0xdd, 0xcd, 0xcc, 0x4b, 0xbc, 0x4b, 0xbc,
        0xee, 0xcc, 0xc9, 0xb3, 0xa9, 0xab, 0xc9, 0xb3, 0xc9, 0xb3, 0x68, 0xa3,
        0x65, 0x82, 0x25, 0x72, 0x6a, 0x9b, 0x6a, 0x9b, 0xa7, 0x82, 0x28, 0x93,
        0x48, 0x9b, 0xa7, 0x82, 0x28, 0x93, 0x4b, 0x83, 0xc4, 0x61, 0xc4, 0x61,
        0xc4, 0x61, 0xc6, 0x8a, 0x2b, 0xb4, 0x2b, 0xb4, 0x6d, 0xb4, 0x51, 0xcd,
        0xef, 0xc4, 0x2c, 0xb4, 0x2b, 0xb4, 0x4c, 0xbc, 0xad, 0xc4, 0x92, 0xd5,
        0x10, 0xc5, 0xae, 0xbc, 0xcf, 0xbc, 0x10, 0xc5, 0x92, 0xd5, 0x15, 0xde,
        0xb3, 0xd5, 0x8d, 0xbc, 0xef, 0xc4, 0x51, 0xcd, 0x51, 0xcd, 0x71, 0xd5,
        0xb3, 0xd5, 0x92, 0xd5, 0x51, 0xcd, 0x71, 0xd5, 0xd4, 0xdd, 0x35, 0xde,
        0x35, 0xe6, 0x77, 0xe6, 0xd9, 0xee, 0xf9, 0xee, 0x3a, 0xf7, 0x1b, 0xf7,
        0x1a, 0xf7, 0xf9, 0xf6, 0x5b, 0xf7, 0x1b, 0xf7, 0xbf, 0xff, 0xff, 0xff,
        0x00, 0x00, 0x00, 0x00, 0x00, 0x00, 0x00, 0x00, 0x00, 0x00, 0x00, 0x00,
        0x00, 0x00, 0x00, 0x00, 0x00, 0x00, 0x00, 0x00, 0x00, 0x00, 0x00, 0x00,
        0x00, 0x00, 0x00, 0x00, 0x00, 0x00, 0x00, 0x00, 0x00, 0x00, 0x00, 0x00,
        0x00, 0x00, 0x00, 0x00, 0x00, 0x00, 0x00, 0x00, 0x00, 0x00, 0x00, 0x00,
        0x00, 0x00, 0x00, 0x00, 0x00, 0x00, 0x00, 0x00, 0x00, 0x00, 0x00, 0x00,
        0x00, 0x00, 0x00, 0x00, 0x00, 0x00, 0x00, 0x00, 0x00, 0x00, 0x00, 0x00,
        0x00, 0x00, 0x00, 0x00, 0x00, 0x00, 0x00, 0x00, 0x00, 0x00, 0x00, 0x00,
        0x00, 0x00, 0x00, 0x00, 0x00, 0x00, 0x00, 0x00, 0x00, 0x00, 0x00, 0x00,
        0x00, 0x00, 0x00, 0x00, 0x00, 0x00, 0x00, 0x00, 0x00, 0x00, 0x00, 0x00,
        0x00, 0x00, 0x00, 0x00, 0x00, 0x00, 0x00, 0x00, 0x00, 0x00, 0x00, 0x00,
        0x00, 0x00, 0x00, 0x00, 0x00, 0x00, 0x00, 0x00, 0x00, 0x00, 0x00, 0x00,
        0x00, 0x00, 0x00, 0x00, 0x00, 0x00, 0x00, 0x00, 0x00, 0x00, 0x00, 0x00,
        0x00, 0x00, 0x00, 0x00, 0x00, 0x00, 0x00, 0x00, 0x00, 0x00, 0x00, 0x00,
        0x00, 0x00, 0x00, 0x00, 0x00, 0x00, 0x00, 0x00, 0x00, 0x00, 0x00, 0x00,
        0x00, 0x00, 0x00, 0x00, 0x00, 0x00, 0x00, 0x00, 0x00, 0x00, 0x00, 0x00,
        0x00, 0x00, 0x00, 0x00, 0x00, 0x00, 0x00, 0x00, 0x00, 0x00, 0x00, 0x00,
        0x00, 0x00, 0x00, 0x00, 0x00, 0x00, 0x00, 0x00, 0x00, 0x00, 0x00, 0x00,
        0x00, 0x00, 0x00, 0x00, 0x00, 0x00, 0x00, 0x00, 0x00, 0x00, 0x00, 0x00,
        0x00, 0x00, 0x00, 0x00, 0x00, 0x00, 0x00, 0x00, 0x00, 0x00, 0x1b, 0xf7,
        0xfa, 0xee, 0xb9, 0xee, 0x37, 0xde, 0xd4, 0xd5, 0x35, 0xde, 0x35, 0xde,
        0x77, 0xe6, 0x77, 0xe6, 0x98, 0xe6, 0x77, 0xe6, 0x77, 0xe6, 0x35, 0xde,
        0x36, 0xe6, 0x98, 0xe6, 0x98, 0xe6, 0x97, 0xee, 0x98, 0xe6, 0x98, 0xe6,
        0xd9, 0xee, 0xb8, 0xee, 0xb8, 0xee, 0xb8, 0xee, 0x97, 0xee, 0xb8, 0xf6,
        0xd8, 0xf6, 0x97, 0xee, 0x76, 0xee, 0x55, 0xee, 0x55, 0xee, 0x96, 0xee,
        0xb8, 0xf6, 0xf9, 0xf6, 0xb8, 0xf6, 0x96, 0xee, 0x35, 0xe6, 0x35, 0xe6,
        0x35, 0xe6, 0xd8, 0xee, 0xf9, 0xf6, 0x3a, 0xf7, 0x1a, 0xf7, 0xd8, 0xf6,
        0xb7, 0xf6, 0xd8, 0xf6, 0xf9, 0xf6, 0xf9, 0xf6, 0xb8, 0xf6, 0xb8, 0xf6,
        0xd8, 0xf6, 0xd8, 0xf6, 0x96, 0xee, 0xb7, 0xf6, 0xb8, 0xf6, 0x55, 0xee,
        0x14, 0xee, 0xf3, 0xe5, 0xd1, 0xe5, 0xf3, 0xe5, 0x91, 0xdd, 0x70, 0xdd,
        0x14, 0xe6, 0x55, 0xee, 0x14, 0xe6, 0x91, 0xdd, 0x2f, 0xd5, 0xcd, 0xcc,
        0x2f, 0xd5, 0x8c, 0xc4, 0x6b, 0xc4, 0x8c, 0xc4, 0x8c, 0xc4, 0x4b, 0xbc,
        0xc9, 0xb3, 0x47, 0xa3, 0x6d, 0xb4, 0xea, 0xab, 0xea, 0xab, 0xca, 0xa3,
        0x2b, 0xb4, 0x4c, 0xbc, 0x8d, 0xbc, 0x4d, 0xac, 0xc6, 0x8a, 0x48, 0x9b,
        0x89, 0xa3, 0xca, 0xa3, 0xad, 0xc4, 0x51, 0xcd, 0x30, 0xcd, 0x92, 0xd5,
        0x15, 0xde, 0x92, 0xd5, 0x92, 0xd5, 0x92, 0xd5, 0x72, 0xcd, 0x72, 0xcd,
        0xef, 0xc4, 0xef, 0xc4, 0x10, 0xc5, 0xcf, 0xbc, 0xae, 0xbc, 0x51, 0xcd,
        0x15, 0xde, 0x51, 0xcd, 0xad, 0xc4, 0x30, 0xcd, 0x71, 0xd5, 0xb2, 0xd5,
        0xd4, 0xdd, 0xd4, 0xd5, 0x92, 0xd5, 0xd3, 0xdd, 0xd4, 0xdd, 0xd3, 0xdd,
        0x15, 0xe6, 0x98, 0xe6, 0xf9, 0xee, 0x1a, 0xf7, 0xf9, 0xee, 0x1b, 0xf7,
        0x1a, 0xf7, 0xf9, 0xee, 0xd9, 0xee, 0x1b, 0xf7, 0x7d, 0xf7, 0x00, 0x00,
        0x00, 0x00, 0x00, 0x00, 0x00, 0x00, 0x00, 0x00, 0x00, 0x00, 0x00, 0x00,
        0x00, 0x00, 0x00, 0x00, 0x00, 0x00, 0x00, 0x00, 0x00, 0x00, 0x00, 0x00,
        0x00, 0x00, 0x00, 0x00, 0x00, 0x00, 0x00, 0x00, 0x00, 0x00, 0x00, 0x00,
        0x00, 0x00, 0x00, 0x00, 0x00, 0x00, 0x00, 0x00, 0x00, 0x00, 0x00, 0x00,
        0x00, 0x00, 0x00, 0x00, 0x00, 0x00, 0x00, 0x00, 0x00, 0x00, 0x00, 0x00,
        0x00, 0x00, 0x00, 0x00, 0x00, 0x00, 0x00, 0x00, 0x00, 0x00, 0x00, 0x00,
        0x00, 0x00, 0x00, 0x00, 0x00, 0x00, 0x00, 0x00, 0x00, 0x00, 0x00, 0x00,
        0x00, 0x00, 0x00, 0x00, 0x00, 0x00, 0x00, 0x00, 0x00, 0x00, 0x00, 0x00,
        0x00, 0x00, 0x00, 0x00, 0x00, 0x00, 0x00, 0x00, 0x00, 0x00, 0x00, 0x00,
        0x00, 0x00, 0x00, 0x00, 0x00, 0x00, 0x00, 0x00, 0x00, 0x00, 0x00, 0x00,
        0x00, 0x00, 0x00, 0x00, 0x00, 0x00, 0x00, 0x00, 0x00, 0x00, 0x00, 0x00,
        0x00, 0x00, 0x00, 0x00, 0x00, 0x00, 0x00, 0x00, 0x00, 0x00, 0x00, 0x00,
        0x00, 0x00, 0x00, 0x00, 0x00, 0x00, 0x00, 0x00, 0x00, 0x00, 0x00, 0x00,
        0x00, 0x00, 0x00, 0x00, 0x00, 0x00, 0x00, 0x00, 0x00, 0x00, 0x00, 0x00,
        0x00, 0x00, 0x00, 0x00, 0x00, 0x00, 0x00, 0x00, 0x00, 0x00, 0x00, 0x00,
        0x00, 0x00, 0x00, 0x00, 0x00, 0x00, 0x00, 0x00, 0x00, 0x00, 0x00, 0x00,
        0x00, 0x00, 0x00, 0x00, 0x00, 0x00, 0x00, 0x00, 0x00, 0x00, 0x00, 0x00,
        0x00, 0x00, 0x00, 0x00, 0x00, 0x00, 0x00, 0x00, 0x00, 0x00, 0x00, 0x00,
        0x00, 0x00, 0x00, 0x00, 0x00, 0x00, 0xff, 0xff, 0xff, 0xff, 0x5c, 0xf7,
        0xfa, 0xee, 0x99, 0xe6, 0x37, 0xde, 0x35, 0xde, 0x36, 0xe6, 0x57, 0xe6,
        0x14, 0xde, 0xd4, 0xdd, 0x77, 0xe6, 0x36, 0xe6, 0x36, 0xe6, 0x77, 0xe6,
        0x98, 0xe6, 0x98, 0xe6, 0x98, 0xe6, 0xb8, 0xee, 0xd9, 0xee, 0x98, 0xe6,
        0x77, 0xe6, 0x76, 0xee, 0xb8, 0xee, 0x97, 0xee, 0xb8, 0xee, 0xb8, 0xf6,
        0x76, 0xee, 0x14, 0xe6, 0x35, 0xe6, 0x55, 0xee, 0x76, 0xee, 0xb8, 0xf6,
        0xb8, 0xf6, 0x96, 0xee, 0x96, 0xee, 0x55, 0xee, 0x55, 0xee, 0x35, 0xe6,
        0x14, 0xe6, 0x34, 0xe6, 0xb8, 0xee, 0x1a, 0xf7, 0x3a, 0xf7, 0x39, 0xff,
        0x3a, 0xf7, 0x3a, 0xf7, 0x3a, 0xf7, 0xf9, 0xf6, 0x1a, 0xf7, 0xf9, 0xf6,
        0xd8, 0xf6, 0xb7, 0xf6, 0xf9, 0xf6, 0x1a, 0xf7, 0xd8, 0xf6, 0x76, 0xee,
        0x55, 0xee, 0x55, 0xee, 0x35, 0xe6, 0x55, 0xee, 0x14, 0xe6, 0x35, 0xe6,
        0x96, 0xee, 0x96, 0xee, 0x35, 0xe6, 0x14, 0xe6, 0x91, 0xdd, 0x50, 0xd5,
        0x91, 0xd5, 0x2f, 0xd5, 0xee, 0xcc, 0xee, 0xcc, 0xcd, 0xcc, 0xcd, 0xcc,
        0xcd, 0xcc, 0xac, 0xc4, 0x50, 0xcd, 0x30, 0xcd, 0xad, 0xc4, 0xce, 0xc4,
        0xce, 0xc4, 0x50, 0xcd, 0xf4, 0xdd, 0xd4, 0xdd, 0x30, 0xcd, 0xef, 0xc4,
        0x51, 0xcd, 0x71, 0xd5, 0x51, 0xcd, 0xb3, 0xd5, 0xb3, 0xd5, 0x92, 0xd5,
        0x15, 0xde, 0xb3, 0xd5, 0x51, 0xcd, 0x51, 0xcd, 0x72, 0xcd, 0x15, 0xde,
        0xb4, 0xcd, 0x10, 0xc5, 0x92, 0xd5, 0xb3, 0xd5, 0x72, 0xcd, 0xae, 0xbc,
        0x10, 0xc5, 0x72, 0xcd, 0x72, 0xcd, 0x72, 0xcd, 0x10, 0xc5, 0x51, 0xcd,
        0x51, 0xcd, 0x51, 0xcd, 0x92, 0xd5, 0x50, 0xcd, 0xd4, 0xdd, 0x36, 0xe6,
        0x57, 0xe6, 0x77, 0xe6, 0xb8, 0xe6, 0xd9, 0xee, 0xd9, 0xee, 0xf9, 0xee,
        0xf9, 0xee, 0x1a, 0xf7, 0xfa, 0xee, 0x1b, 0xf7, 0xbf, 0xff, 0xff, 0xff,
        0x00, 0x00, 0x00, 0x00, 0x00, 0x00, 0x00, 0x00, 0x00, 0x00, 0x00, 0x00,
        0x00, 0x00, 0x00, 0x00, 0x00, 0x00, 0x00, 0x00, 0x00, 0x00, 0x00, 0x00,
        0x00, 0x00, 0x00, 0x00, 0x00, 0x00, 0x00, 0x00, 0x00, 0x00, 0x00, 0x00,
        0x00, 0x00, 0x00, 0x00, 0x00, 0x00, 0x00, 0x00, 0x00, 0x00, 0x00, 0x00,
        0x00, 0x00, 0x00, 0x00, 0x00, 0x00, 0x00, 0x00, 0x00, 0x00, 0x00, 0x00,
        0x00, 0x00, 0x00, 0x00, 0x00, 0x00, 0x00, 0x00, 0x00, 0x00, 0x00, 0x00,
        0x00, 0x00, 0x00, 0x00, 0x00, 0x00, 0x00, 0x00, 0x00, 0x00, 0x00, 0x00,
        0x00, 0x00, 0x00, 0x00, 0x00, 0x00, 0x00, 0x00, 0x00, 0x00, 0x00, 0x00,
        0x00, 0x00, 0x00, 0x00, 0x00, 0x00, 0x00, 0x00, 0x00, 0x00, 0x00, 0x00,
        0x00, 0x00, 0x00, 0x00, 0x00, 0x00, 0x00, 0x00, 0x00, 0x00, 0x00, 0x00,
        0x00, 0x00, 0x00, 0x00, 0x00, 0x00, 0x00, 0x00, 0x00, 0x00, 0x00, 0x00,
        0x00, 0x00, 0x00, 0x00, 0x00, 0x00, 0x00, 0x00, 0x00, 0x00, 0x00, 0x00,
        0x00, 0x00, 0x00, 0x00, 0x00, 0x00, 0x00, 0x00, 0x00, 0x00, 0x00, 0x00,
        0x00, 0x00, 0x00, 0x00, 0x00, 0x00, 0x00, 0x00, 0x00, 0x00, 0x00, 0x00,
        0x00, 0x00, 0x00, 0x00, 0x00, 0x00, 0x00, 0x00, 0x00, 0x00, 0x00, 0x00,
        0x00, 0x00, 0x00, 0x00, 0x00, 0x00, 0x00, 0x00, 0x00, 0x00, 0x00, 0x00,
        0x00, 0x00, 0x00, 0x00, 0x00, 0x00, 0x00, 0x00, 0x00, 0x00, 0x00, 0x00,
        0x00, 0x00, 0x00, 0x00, 0x00, 0x00, 0x00, 0x00, 0x00, 0x00, 0x00, 0x00,
        0x00, 0x00, 0x00, 0x00, 0x00, 0x00, 0xff, 0xff, 0xff, 0xff, 0xff, 0xff,
        0x5c, 0xf7, 0xfa, 0xee, 0x78, 0xde, 0xd4, 0xd5, 0xf4, 0xdd, 0x36, 0xe6,
        0x77, 0xe6, 0x35, 0xde, 0x36, 0xe6, 0x15, 0xde, 0x15, 0xde, 0x77, 0xe6,
        0x77, 0xe6, 0x77, 0xe6, 0x77, 0xe6, 0x98, 0xe6, 0x56, 0xe6, 0x56, 0xe6,
        0xb8, 0xee, 0xb8, 0xee, 0x97, 0xee, 0x96, 0xee, 0x76, 0xee, 0x76, 0xee,
        0x35, 0xe6, 0x35, 0xe6, 0x76, 0xee, 0x97, 0xee, 0xb8, 0xf6, 0xd8, 0xf6,
        0xb7, 0xf6, 0x97, 0xee, 0xb8, 0xf6, 0xb8, 0xf6, 0x96, 0xee, 0x35, 0xe6,
        0xd2, 0xe5, 0xb2, 0xdd, 0x70, 0xd5, 0x91, 0xd5, 0xb8, 0xf6, 0x3a, 0xf7,
        0x3a, 0xf7, 0x1b, 0xf7, 0x1a, 0xf7, 0xf9, 0xf6, 0xd8, 0xf6, 0xb8, 0xee,
        0x76, 0xee, 0xf9, 0xf6, 0x3a, 0xf7, 0x3a, 0xf7, 0xd8, 0xf6, 0x96, 0xee,
        0x55, 0xee, 0xb7, 0xf6, 0xb7, 0xf6, 0x96, 0xee, 0x55, 0xee, 0x97, 0xee,
        0x97, 0xee, 0x96, 0xee, 0x35, 0xe6, 0x14, 0xe6, 0xd2, 0xe5, 0x70, 0xdd,
        0x91, 0xdd, 0x91, 0xdd, 0x4f, 0xd5, 0x70, 0xd5, 0x2f, 0xd5, 0x50, 0xcd,
        0x2e, 0xd5, 0x91, 0xd5, 0xf4, 0xdd, 0xb2, 0xd5, 0x50, 0xcd, 0x0f, 0xcd,
        0x71, 0xd5, 0x71, 0xd5, 0x15, 0xe6, 0x77, 0xe6, 0x35, 0xde, 0x15, 0xde,
        0xd4, 0xd5, 0xd4, 0xd5, 0xb3, 0xd5, 0xb3, 0xd5, 0x15, 0xde, 0xd4, 0xd5,
        0x15, 0xde, 0xb3, 0xd5, 0x92, 0xd5, 0xd4, 0xd5, 0xb3, 0xd5, 0xb3, 0xd5,
        0x57, 0xde, 0x37, 0xde, 0xb3, 0xd5, 0xf0, 0xbc, 0xcf, 0xbc, 0xef, 0xc4,
        0x51, 0xcd, 0x92, 0xd5, 0x72, 0xcd, 0x92, 0xd5, 0x51, 0xcd, 0xae, 0xbc,
        0xad, 0xc4, 0x30, 0xcd, 0xb3, 0xd5, 0xd4, 0xdd, 0xb2, 0xd5, 0x15, 0xe6,
        0x98, 0xe6, 0x98, 0xe6, 0x36, 0xe6, 0x36, 0xe6, 0xd9, 0xee, 0x1a, 0xf7,
        0x1a, 0xf7, 0xfa, 0xf6, 0xd9, 0xee, 0x1b, 0xf7, 0x5c, 0xf7, 0xff, 0xff,
        0xff, 0xff, 0x00, 0x00, 0x00, 0x00, 0x00, 0x00, 0x00, 0x00, 0x00, 0x00,
        0x00, 0x00, 0x00, 0x00, 0x00, 0x00, 0x00, 0x00, 0x00, 0x00, 0x00, 0x00,
        0x00, 0x00, 0x00, 0x00, 0x00, 0x00, 0x00, 0x00, 0x00, 0x00, 0x00, 0x00,
        0x00, 0x00, 0x00, 0x00, 0x00, 0x00, 0x00, 0x00, 0x00, 0x00, 0x00, 0x00,
        0x00, 0x00, 0x00, 0x00, 0x00, 0x00, 0x00, 0x00, 0x00, 0x00, 0x00, 0x00,
        0x00, 0x00, 0x00, 0x00, 0x00, 0x00, 0x00, 0x00, 0x00, 0x00, 0x00, 0x00,
        0x00, 0x00, 0x00, 0x00, 0x00, 0x00, 0x00, 0x00, 0x00, 0x00, 0x00, 0x00,
        0x00, 0x00, 0x00, 0x00, 0x00, 0x00, 0x00, 0x00, 0x00, 0x00, 0x00, 0x00,
        0x00, 0x00, 0x00, 0x00, 0x00, 0x00, 0x00, 0x00, 0x00, 0x00, 0x00, 0x00,
        0x00, 0x00, 0x00, 0x00, 0x00, 0x00, 0x00, 0x00, 0x00, 0x00, 0x00, 0x00,
        0x00, 0x00, 0x00, 0x00, 0x00, 0x00, 0x00, 0x00, 0x00, 0x00, 0x00, 0x00,
        0x00, 0x00, 0x00, 0x00, 0x00, 0x00, 0x00, 0x00, 0x00, 0x00, 0x00, 0x00,
        0x00, 0x00, 0x00, 0x00, 0x00, 0x00, 0x00, 0x00, 0x00, 0x00, 0x00, 0x00,
        0x00, 0x00, 0x00, 0x00, 0x00, 0x00, 0x00, 0x00, 0x00, 0x00, 0x00, 0x00,
        0x00, 0x00, 0x00, 0x00, 0x00, 0x00, 0x00, 0x00, 0x00, 0x00, 0x00, 0x00,
        0x00, 0x00, 0x00, 0x00, 0x00, 0x00, 0x00, 0x00, 0x00, 0x00, 0x00, 0x00,
        0x00, 0x00, 0x00, 0x00, 0x00, 0x00, 0x00, 0x00, 0x00, 0x00, 0x00, 0x00,
        0x00, 0x00, 0x00, 0x00, 0x00, 0x00, 0x00, 0x00, 0x00, 0x00, 0x00, 0x00,
        0x00, 0x00, 0x00, 0x00, 0x00, 0x00, 0xff, 0xff, 0xff, 0xff, 0x5c, 0xf7,
        0xfa, 0xee, 0x98, 0xe6, 0x16, 0xd6, 0xb3, 0xd5, 0xf4, 0xdd, 0x35, 0xe6,
        0x15, 0xe6, 0x77, 0xe6, 0x77, 0xe6, 0x35, 0xde, 0x15, 0xde, 0x57, 0xe6,
        0x57, 0xe6, 0x77, 0xe6, 0xb8, 0xe6, 0x98, 0xe6, 0xd8, 0xee, 0xd9, 0xee,
        0xb8, 0xee, 0xb8, 0xee, 0xb8, 0xee, 0x76, 0xee, 0x34, 0xe6, 0x96, 0xee,
        0xb8, 0xf6, 0x35, 0xe6, 0x55, 0xee, 0x76, 0xee, 0x96, 0xee, 0xb7, 0xf6,
        0x97, 0xee, 0xd8, 0xee, 0x96, 0xee, 0x76, 0xee, 0x97, 0xee, 0x96, 0xee,
        0x55, 0xee, 0xf3, 0xe5, 0xd2, 0xe5, 0x35, 0xe6, 0x97, 0xee, 0x97, 0xee,
        0xd8, 0xf6, 0xb8, 0xee, 0xd8, 0xee, 0x97, 0xee, 0xd8, 0xf6, 0x97, 0xee,
        0xb7, 0xf6, 0xb7, 0xf6, 0xb7, 0xf6, 0xb7, 0xf6, 0xd8, 0xf6, 0x96, 0xee,
        0xb7, 0xf6, 0xd8, 0xf6, 0xb7, 0xf6, 0x96, 0xee, 0x96, 0xee, 0xb8, 0xf6,
        0xb8, 0xf6, 0x97, 0xee, 0xf3, 0xe5, 0x35, 0xe6, 0xf3, 0xe5, 0x70, 0xdd,
        0xd2, 0xe5, 0xb2, 0xdd, 0x4f, 0xd5, 0x91, 0xdd, 0x91, 0xd5, 0x50, 0xd5,
        0x50, 0xd5, 0xd3, 0xdd, 0x76, 0xee, 0x14, 0xe6, 0x50, 0xd5, 0x50, 0xd5,
        0x70, 0xd5, 0xd4, 0xdd, 0x15, 0xe6, 0x57, 0xe6, 0x36, 0xe6, 0x77, 0xe6,
        0x57, 0xe6, 0x15, 0xde, 0xf4, 0xdd, 0x15, 0xde, 0xd4, 0xdd, 0x36, 0xe6,
        0x35, 0xde, 0xd4, 0xd5, 0xd4, 0xd5, 0x15, 0xde, 0x35, 0xde, 0x15, 0xde,
        0xd4, 0xd5, 0x92, 0xd5, 0xd4, 0xd5, 0x32, 0xc5, 0x4d, 0xac, 0xae, 0xbc,
        0x72, 0xcd, 0xf5, 0xd5, 0xf0, 0xbc, 0x0c, 0xac, 0xea, 0xab, 0x6d, 0xb4,
        0x4c, 0xbc, 0xce, 0xc4, 0xb2, 0xd5, 0x35, 0xde, 0x36, 0xe6, 0x77, 0xe6,
        0x57, 0xe6, 0x57, 0xe6, 0x77, 0xe6, 0x77, 0xe6, 0x77, 0xe6, 0x98, 0xe6,
        0x77, 0xe6, 0xd8, 0xee, 0xb9, 0xee, 0xfa, 0xee, 0xbf, 0xff, 0x00, 0x00,
        0xff, 0xff, 0x00, 0x00, 0x00, 0x00, 0x00, 0x00, 0x00, 0x00, 0x00, 0x00,
        0x00, 0x00, 0x00, 0x00, 0x00, 0x00, 0x00, 0x00, 0x00, 0x00, 0x00, 0x00,
        0x00, 0x00, 0x00, 0x00, 0x00, 0x00, 0x00, 0x00, 0x00, 0x00, 0x00, 0x00,
        0x00, 0x00, 0x00, 0x00, 0x00, 0x00, 0x00, 0x00, 0x00, 0x00, 0x00, 0x00,
        0x00, 0x00, 0x00, 0x00, 0x00, 0x00, 0x00, 0x00, 0x00, 0x00, 0x00, 0x00,
        0x00, 0x00, 0x00, 0x00, 0x00, 0x00, 0x00, 0x00, 0x00, 0x00, 0x00, 0x00,
        0x00, 0x00, 0x00, 0x00, 0x00, 0x00, 0x00, 0x00, 0x00, 0x00, 0x00, 0x00,
        0x00, 0x00, 0x00, 0x00, 0x00, 0x00, 0x00, 0x00, 0x00, 0x00, 0x00, 0x00,
        0x00, 0x00, 0x00, 0x00, 0x00, 0x00, 0x00, 0x00, 0x00, 0x00, 0x00, 0x00,
        0x00, 0x00, 0x00, 0x00, 0x00, 0x00, 0x00, 0x00, 0x00, 0x00, 0x00, 0x00,
        0x00, 0x00, 0x00, 0x00, 0x00, 0x00, 0x00, 0x00, 0x00, 0x00, 0x00, 0x00,
        0x00, 0x00, 0x00, 0x00, 0x00, 0x00, 0x00, 0x00, 0x00, 0x00, 0x00, 0x00,
        0x00, 0x00, 0x00, 0x00, 0x00, 0x00, 0x00, 0x00, 0x00, 0x00, 0x00, 0x00,
        0x00, 0x00, 0x00, 0x00, 0x00, 0x00, 0x00, 0x00, 0x00, 0x00, 0x00, 0x00,
        0x00, 0x00, 0x00, 0x00, 0x00, 0x00, 0x00, 0x00, 0x00, 0x00, 0x00, 0x00,
        0x00, 0x00, 0x00, 0x00, 0x00, 0x00, 0x00, 0x00, 0x00, 0x00, 0x00, 0x00,
        0x00, 0x00, 0x00, 0x00, 0x00, 0x00, 0x00, 0x00, 0x00, 0x00, 0x00, 0x00,
        0x00, 0x00, 0x00, 0x00, 0x00, 0x00, 0x00, 0x00, 0x00, 0x00, 0x00, 0x00,
        0x00, 0x00, 0xff, 0xff, 0xff, 0xff, 0x7d, 0xf7, 0x5c, 0xf7, 0x1b, 0xf7,
        0xfa, 0xee, 0xb9, 0xee, 0x57, 0xe6, 0xf4, 0xdd, 0x14, 0xde, 0x56, 0xe6,
        0x56, 0xe6, 0x77, 0xe6, 0x36, 0xe6, 0x35, 0xde, 0x35, 0xde, 0x36, 0xe6,
        0x35, 0xde, 0x36, 0xe6, 0x77, 0xe6, 0x98, 0xe6, 0x98, 0xe6, 0x98, 0xe6,
        0x97, 0xee, 0x97, 0xee, 0x97, 0xee, 0x97, 0xee, 0x96, 0xee, 0x97, 0xee,
        0x76, 0xee, 0x76, 0xee, 0x96, 0xee, 0x96, 0xee, 0x97, 0xee, 0xb8, 0xf6,
        0x97, 0xee, 0x55, 0xee, 0x14, 0xee, 0x14, 0xee, 0xb8, 0xf6, 0x97, 0xee,
        0x96, 0xee, 0xd8, 0xf6, 0xf9, 0xf6, 0xb8, 0xf6, 0x76, 0xee, 0xd8, 0xee,
        0xd8, 0xee, 0xd8, 0xee, 0xd8, 0xee, 0xd8, 0xf6, 0xd8, 0xf6, 0xb8, 0xf6,
        0xb8, 0xf6, 0xb7, 0xf6, 0x76, 0xee, 0x96, 0xee, 0x96, 0xf6, 0x96, 0xee,
        0x96, 0xee, 0xd8, 0xee, 0x96, 0xee, 0x96, 0xee, 0xd8, 0xf6, 0xb8, 0xf6,
        0x97, 0xee, 0x56, 0xe6, 0x91, 0xdd, 0x76, 0xee, 0x35, 0xe6, 0x14, 0xe6,
        0x34, 0xe6, 0xd2, 0xe5, 0xb2, 0xdd, 0xf3, 0xe5, 0x91, 0xdd, 0x2e, 0xd5,
        0x50, 0xd5, 0x35, 0xe6, 0x97, 0xee, 0x56, 0xe6, 0xb2, 0xdd, 0xb2, 0xdd,
        0xd3, 0xdd, 0xf4, 0xdd, 0x57, 0xe6, 0x77, 0xe6, 0x57, 0xe6, 0x15, 0xde,
        0xd4, 0xdd, 0x15, 0xde, 0xd4, 0xdd, 0xb3, 0xd5, 0xd4, 0xd5, 0x15, 0xde,
        0x37, 0xde, 0xd4, 0xd5, 0xb3, 0xd5, 0xd4, 0xd5, 0xd4, 0xd5, 0x15, 0xde,
        0x37, 0xde, 0xd4, 0xd5, 0x15, 0xde, 0xd4, 0xd5, 0x93, 0xcd, 0x93, 0xcd,
        0xb3, 0xd5, 0xf5, 0xd5, 0xf5, 0xd5, 0x32, 0xc5, 0x8e, 0xb4, 0x2c, 0xb4,
        0xad, 0xc4, 0x30, 0xcd, 0xb2, 0xd5, 0xf4, 0xdd, 0x15, 0xde, 0x35, 0xde,
        0x36, 0xe6, 0x35, 0xde, 0x36, 0xe6, 0x36, 0xe6, 0x77, 0xe6, 0xb8, 0xee,
        0xd9, 0xee, 0xfa, 0xf6, 0xfa, 0xee, 0x1b, 0xf7, 0xbf, 0xff, 0x00, 0x00,
        0xff, 0xff, 0x00, 0x00, 0x00, 0x00, 0x00, 0x00, 0x00, 0x00, 0x00, 0x00,
        0x00, 0x00, 0x00, 0x00, 0x00, 0x00, 0x00, 0x00, 0x00, 0x00, 0x00, 0x00,
        0x00, 0x00, 0x00, 0x00, 0x00, 0x00, 0x00, 0x00, 0x00, 0x00, 0x00, 0x00,
        0x00, 0x00, 0x00, 0x00, 0x00, 0x00, 0x00, 0x00, 0x00, 0x00, 0x00, 0x00,
        0x00, 0x00, 0x00, 0x00, 0x00, 0x00, 0x00, 0x00, 0x00, 0x00, 0x00, 0x00,
        0x00, 0x00, 0x00, 0x00, 0x00, 0x00, 0x00, 0x00, 0x00, 0x00, 0x00, 0x00,
        0x00, 0x00, 0x00, 0x00, 0x00, 0x00, 0x00, 0x00, 0x00, 0x00, 0x00, 0x00,
        0x00, 0x00, 0x00, 0x00, 0x00, 0x00, 0x00, 0x00, 0x00, 0x00, 0x00, 0x00,
        0x00, 0x00, 0x00, 0x00, 0x00, 0x00, 0x00, 0x00, 0x00, 0x00, 0x00, 0x00,
        0x00, 0x00, 0x00, 0x00, 0x00, 0x00, 0x00, 0x00, 0x00, 0x00, 0x00, 0x00,
        0x00, 0x00, 0x00, 0x00, 0x00, 0x00, 0x00, 0x00, 0x00, 0x00, 0x00, 0x00,
        0x00, 0x00, 0x00, 0x00, 0x00, 0x00, 0x00, 0x00, 0x00, 0x00, 0x00, 0x00,
        0x00, 0x00, 0x00, 0x00, 0x00, 0x00, 0x00, 0x00, 0x00, 0x00, 0x00, 0x00,
        0x00, 0x00, 0x00, 0x00, 0x00, 0x00, 0x00, 0x00, 0x00, 0x00, 0x00, 0x00,
        0x00, 0x00, 0x00, 0x00, 0x00, 0x00, 0x00, 0x00, 0x00, 0x00, 0x00, 0x00,
        0x00, 0x00, 0x00, 0x00, 0x00, 0x00, 0x00, 0x00, 0x00, 0x00, 0x00, 0x00,
        0x00, 0x00, 0x00, 0x00, 0x00, 0x00, 0x00, 0x00, 0x00, 0x00, 0x00, 0x00,
        0x00, 0x00, 0x00, 0x00, 0x00, 0x00, 0x00, 0x00, 0x00, 0x00, 0x00, 0x00,
        0x00, 0x00, 0xff, 0xff, 0xff, 0xff, 0xbf, 0xff, 0x1b, 0xf7, 0xfa, 0xee,
        0xb9, 0xee, 0x57, 0xde, 0x57, 0xe6, 0x15, 0xde, 0x35, 0xde, 0x15, 0xe6,
        0x77, 0xe6, 0x35, 0xde, 0x35, 0xde, 0x77, 0xe6, 0x98, 0xe6, 0xb8, 0xe6,
        0x98, 0xe6, 0x77, 0xe6, 0x77, 0xe6, 0x77, 0xe6, 0x98, 0xe6, 0x98, 0xe6,
        0x98, 0xe6, 0xb8, 0xee, 0xd9, 0xee, 0xb8, 0xf6, 0x97, 0xee, 0xb8, 0xf6,
        0x97, 0xee, 0xb8, 0xf6, 0xb8, 0xf6, 0xd8, 0xf6, 0xd8, 0xf6, 0xb8, 0xf6,
        0x97, 0xee, 0xb8, 0xf6, 0xb8, 0xf6, 0x96, 0xee, 0x96, 0xee, 0x55, 0xee,
        0xd8, 0xf6, 0x3a, 0xf7, 0x3a, 0xf7, 0x3a, 0xf7, 0x1b, 0xf7, 0x1a, 0xf7,
        0xd9, 0xee, 0xd9, 0xee, 0xfa, 0xf6, 0xf9, 0xf6, 0xd8, 0xf6, 0xb8, 0xf6,
        0xf9, 0xf6, 0xf9, 0xf6, 0xd8, 0xf6, 0xb8, 0xf6, 0xd8, 0xf6, 0xb8, 0xf6,
        0x96, 0xee, 0x55, 0xee, 0x35, 0xe6, 0x96, 0xee, 0x97, 0xee, 0x55, 0xee,
        0x35, 0xe6, 0xd2, 0xe5, 0x91, 0xdd, 0x76, 0xee, 0x55, 0xee, 0x76, 0xee,
        0x76, 0xee, 0xd2, 0xe5, 0xd2, 0xe5, 0x14, 0xe6, 0x91, 0xdd, 0x91, 0xdd,
        0xb2, 0xdd, 0x35, 0xe6, 0x34, 0xe6, 0x14, 0xe6, 0x35, 0xe6, 0x35, 0xe6,
        0x35, 0xe6, 0x77, 0xe6, 0x77, 0xe6, 0xd4, 0xdd, 0x35, 0xde, 0x14, 0xde,
        0x71, 0xd5, 0x71, 0xd5, 0xf4, 0xdd, 0x51, 0xcd, 0x6d, 0xb4, 0x51, 0xcd,
        0x57, 0xde, 0x35, 0xde, 0x15, 0xde, 0x15, 0xde, 0x36, 0xe6, 0x57, 0xe6,
        0x98, 0xe6, 0xb8, 0xe6, 0xb8, 0xe6, 0x98, 0xe6, 0x16, 0xd6, 0xd4, 0xd5,
        0xb4, 0xcd, 0xf5, 0xd5, 0x53, 0xc5, 0x10, 0xc5, 0x92, 0xd5, 0xb3, 0xd5,
        0x51, 0xcd, 0x50, 0xcd, 0x71, 0xd5, 0xd4, 0xdd, 0xf4, 0xdd, 0xb2, 0xd5,
        0xb3, 0xd5, 0xd4, 0xdd, 0x15, 0xde, 0x71, 0xd5, 0xf4, 0xdd, 0xd9, 0xee,
        0xf9, 0xee, 0x1a, 0xf7, 0x5b, 0xf7, 0x1b, 0xf7, 0x5c, 0xf7, 0xff, 0xff,
        0x00, 0x00, 0xff, 0xff, 0x00, 0x00, 0x00, 0x00, 0x00, 0x00, 0x00, 0x00,
        0x00, 0x00, 0x00, 0x00, 0x00, 0x00, 0x00, 0x00, 0x00, 0x00, 0x00, 0x00,
        0x00, 0x00, 0x00, 0x00, 0x00, 0x00, 0x00, 0x00, 0x00, 0x00, 0x00, 0x00,
        0x00, 0x00, 0x00, 0x00, 0x00, 0x00, 0x00, 0x00, 0x00, 0x00, 0x00, 0x00,
        0x00, 0x00, 0x00, 0x00, 0x00, 0x00, 0x00, 0x00, 0x00, 0x00, 0x00, 0x00,
        0x00, 0x00, 0x00, 0x00, 0x00, 0x00, 0x00, 0x00, 0x00, 0x00, 0x00, 0x00,
        0x00, 0x00, 0x00, 0x00, 0x00, 0x00, 0x00, 0x00, 0x00, 0x00, 0x00, 0x00,
        0x00, 0x00, 0x00, 0x00, 0x00, 0x00, 0x00, 0x00, 0x00, 0x00, 0x00, 0x00,
        0x00, 0x00, 0x00, 0x00, 0x00, 0x00, 0x00, 0x00, 0x00, 0x00, 0x00, 0x00,
        0x00, 0x00, 0x00, 0x00, 0x00, 0x00, 0x00, 0x00, 0x00, 0x00, 0x00, 0x00,
        0x00, 0x00, 0x00, 0x00, 0x00, 0x00, 0x00, 0x00, 0x00, 0x00, 0x00, 0x00,
        0x00, 0x00, 0x00, 0x00, 0x00, 0x00, 0x00, 0x00, 0x00, 0x00, 0x00, 0x00,
        0x00, 0x00, 0x00, 0x00, 0x00, 0x00, 0x00, 0x00, 0x00, 0x00, 0x00, 0x00,
        0x00, 0x00, 0x00, 0x00, 0x00, 0x00, 0x00, 0x00, 0x00, 0x00, 0x00, 0x00,
        0x00, 0x00, 0x00, 0x00, 0x00, 0x00, 0x00, 0x00, 0x00, 0x00, 0x00, 0x00,
        0x00, 0x00, 0x00, 0x00, 0x00, 0x00, 0x00, 0x00, 0x00, 0x00, 0x00, 0x00,
        0x00, 0x00, 0x00, 0x00, 0x00, 0x00, 0x00, 0x00, 0x00, 0x00, 0x00, 0x00,
        0x00, 0x00, 0x00, 0x00, 0x00, 0x00, 0x00, 0x00, 0x00, 0x00, 0x00, 0x00,
        0x00, 0x00, 0x00, 0x00, 0xff, 0xff, 0xbf, 0xff, 0x5c, 0xf7, 0xfa, 0xee,
        0xb9, 0xee, 0x35, 0xde, 0xd4, 0xd5, 0xd4, 0xdd, 0xd4, 0xdd, 0xd4, 0xdd,
        0xf4, 0xdd, 0x36, 0xe6, 0x77, 0xe6, 0xb8, 0xee, 0x77, 0xe6, 0x77, 0xe6,
        0x57, 0xde, 0x57, 0xe6, 0x57, 0xe6, 0x98, 0xe6, 0x57, 0xe6, 0x77, 0xe6,
        0xd9, 0xee, 0x1a, 0xf7, 0x1a, 0xf7, 0x97, 0xee, 0x56, 0xe6, 0x76, 0xee,
        0x97, 0xee, 0xd8, 0xf6, 0xd8, 0xf6, 0xb8, 0xf6, 0xb8, 0xf6, 0xb8, 0xf6,
        0xd8, 0xf6, 0xf9, 0xf6, 0xd8, 0xf6, 0xb8, 0xf6, 0x96, 0xee, 0x96, 0xee,
        0x96, 0xee, 0xd8, 0xf6, 0x1a, 0xf7, 0xb8, 0xee, 0xd8, 0xee, 0x98, 0xe6,
        0x35, 0xe6, 0xd8, 0xee, 0xd9, 0xee, 0xd8, 0xee, 0xf9, 0xf6, 0xd9, 0xee,
        0xd8, 0xf6, 0xd8, 0xf6, 0xb7, 0xf6, 0x97, 0xee, 0xd8, 0xf6, 0x76, 0xee,
        0x34, 0xe6, 0x34, 0xe6, 0x97, 0xee, 0x96, 0xee, 0x55, 0xee, 0xf3, 0xe5,
        0x35, 0xe6, 0x34, 0xe6, 0x35, 0xe6, 0x55, 0xee, 0x34, 0xe6, 0x76, 0xee,
        0x76, 0xee, 0x91, 0xdd, 0xd2, 0xe5, 0x56, 0xe6, 0x14, 0xe6, 0x14, 0xe6,
        0xd2, 0xe5, 0x35, 0xe6, 0x35, 0xe6, 0x34, 0xe6, 0x34, 0xe6, 0x56, 0xe6,
        0x35, 0xe6, 0x56, 0xe6, 0x35, 0xde, 0x71, 0xd5, 0xd3, 0xdd, 0x35, 0xde,
        0xb2, 0xd5, 0xd3, 0xdd, 0xf4, 0xdd, 0xb3, 0xd5, 0xcf, 0xbc, 0x8d, 0xbc,
        0x72, 0xcd, 0xd4, 0xd5, 0x35, 0xde, 0x36, 0xe6, 0x35, 0xde, 0x15, 0xde,
        0xd4, 0xd5, 0xd4, 0xd5, 0x15, 0xde, 0xd4, 0xd5, 0xd4, 0xd5, 0xb3, 0xd5,
        0x72, 0xcd, 0x72, 0xcd, 0x93, 0xcd, 0xae, 0xbc, 0xcf, 0xbc, 0x10, 0xc5,
        0x92, 0xd5, 0x92, 0xd5, 0x71, 0xd5, 0xb2, 0xd5, 0x36, 0xe6, 0x77, 0xe6,
        0x15, 0xde, 0x92, 0xd5, 0x51, 0xcd, 0x71, 0xd5, 0xd3, 0xdd, 0x15, 0xe6,
        0x77, 0xe6, 0xb8, 0xee, 0xd9, 0xee, 0xfa, 0xee, 0x1b, 0xf7, 0xff, 0xff,
        0x00, 0x00, 0x00, 0x00, 0x00, 0x00, 0x00, 0x00, 0x00, 0x00, 0x00, 0x00,
        0x00, 0x00, 0x00, 0x00, 0x00, 0x00, 0x00, 0x00, 0x00, 0x00, 0x00, 0x00,
        0x00, 0x00, 0x00, 0x00, 0x00, 0x00, 0x00, 0x00, 0x00, 0x00, 0x00, 0x00,
        0x00, 0x00, 0x00, 0x00, 0x00, 0x00, 0x00, 0x00, 0x00, 0x00, 0x00, 0x00,
        0x00, 0x00, 0x00, 0x00, 0x00, 0x00, 0x00, 0x00, 0x00, 0x00, 0x00, 0x00,
        0x00, 0x00, 0x00, 0x00, 0x00, 0x00, 0x00, 0x00, 0x00, 0x00, 0x00, 0x00,
        0x00, 0x00, 0x00, 0x00, 0x00, 0x00, 0x00, 0x00, 0x00, 0x00, 0x00, 0x00,
        0x00, 0x00, 0x00, 0x00, 0x00, 0x00, 0x00, 0x00, 0x00, 0x00, 0x00, 0x00,
        0x00, 0x00, 0x00, 0x00, 0x00, 0x00, 0x00, 0x00, 0x00, 0x00, 0x00, 0x00,
        0x00, 0x00, 0x00, 0x00, 0x00, 0x00, 0x00, 0x00, 0x00, 0x00, 0x00, 0x00,
        0x00, 0x00, 0x00, 0x00, 0x00, 0x00, 0x00, 0x00, 0x00, 0x00, 0x00, 0x00,
        0x00, 0x00, 0x00, 0x00, 0x00, 0x00, 0x00, 0x00, 0x00, 0x00, 0x00, 0x00,
        0x00, 0x00, 0x00, 0x00, 0x00, 0x00, 0x00, 0x00, 0x00, 0x00, 0x00, 0x00,
        0x00, 0x00, 0x00, 0x00, 0x00, 0x00, 0x00, 0x00, 0x00, 0x00, 0x00, 0x00,
        0x00, 0x00, 0x00, 0x00, 0x00, 0x00, 0x00, 0x00, 0x00, 0x00, 0x00, 0x00,
        0x00, 0x00, 0x00, 0x00, 0x00, 0x00, 0x00, 0x00, 0x00, 0x00, 0x00, 0x00,
        0x00, 0x00, 0x00, 0x00, 0x00, 0x00, 0x00, 0x00, 0x00, 0x00, 0x00, 0x00,
        0x00, 0x00, 0x00, 0x00, 0x00, 0x00, 0x00, 0x00, 0x00, 0x00, 0x00, 0x00,
        0x00, 0x00, 0xff, 0xff, 0xff, 0xff, 0xff, 0xff, 0xff, 0xff, 0x5c, 0xf7,
        0x5b, 0xf7, 0x57, 0xde, 0xf4, 0xdd, 0x15, 0xde, 0x35, 0xde, 0x36, 0xe6,
        0x36, 0xe6, 0x36, 0xe6, 0x77, 0xe6, 0x15, 0xe6, 0x35, 0xde, 0x77, 0xe6,
        0x77, 0xe6, 0x57, 0xe6, 0x77, 0xe6, 0x35, 0xde, 0x36, 0xe6, 0x98, 0xe6,
        0xf9, 0xee, 0xf9, 0xee, 0xd9, 0xee, 0x97, 0xee, 0x56, 0xe6, 0x56, 0xe6,
        0xd8, 0xee, 0xf9, 0xf6, 0xd8, 0xf6, 0xb8, 0xf6, 0xb7, 0xf6, 0x76, 0xee,
        0x96, 0xee, 0x97, 0xee, 0xd8, 0xf6, 0xd8, 0xf6, 0x97, 0xee, 0x76, 0xee,
        0x34, 0xe6, 0x14, 0xe6, 0x50, 0xd5, 0xac, 0xc4, 0x4c, 0xbc, 0x09, 0xb4,
        0x2b, 0xbc, 0xce, 0xc4, 0x0f, 0xcd, 0xb2, 0xd5, 0x97, 0xee, 0xb8, 0xee,
        0xb8, 0xee, 0xb8, 0xee, 0xb8, 0xee, 0xd9, 0xee, 0xd9, 0xee, 0x76, 0xee,
        0x35, 0xe6, 0x97, 0xee, 0x96, 0xee, 0x55, 0xee, 0x35, 0xe6, 0x55, 0xee,
        0x76, 0xee, 0x35, 0xe6, 0x14, 0xe6, 0x76, 0xee, 0x55, 0xee, 0x97, 0xee,
        0x35, 0xe6, 0x34, 0xe6, 0x34, 0xe6, 0x97, 0xee, 0x76, 0xee, 0x14, 0xe6,
        0x91, 0xdd, 0x35, 0xe6, 0x76, 0xee, 0x34, 0xe6, 0x35, 0xe6, 0x35, 0xe6,
        0x15, 0xe6, 0x56, 0xe6, 0x36, 0xe6, 0xb2, 0xd5, 0x91, 0xd5, 0xf4, 0xdd,
        0xf4, 0xdd, 0xf4, 0xdd, 0x15, 0xe6, 0xb3, 0xd5, 0x92, 0xd5, 0x10, 0xc5,
        0xcf, 0xbc, 0x51, 0xcd, 0xd4, 0xd5, 0x35, 0xde, 0x16, 0xd6, 0x93, 0xcd,
        0x10, 0xc5, 0xef, 0xc4, 0xb3, 0xd5, 0x15, 0xde, 0xd4, 0xd5, 0x93, 0xcd,
        0xb4, 0xcd, 0xb4, 0xcd, 0xb4, 0xcd, 0x32, 0xc5, 0xcf, 0xbc, 0xef, 0xc4,
        0x30, 0xcd, 0x92, 0xd5, 0x15, 0xde, 0xd4, 0xd5, 0xd4, 0xdd, 0x57, 0xe6,
        0x57, 0xe6, 0x35, 0xde, 0x92, 0xd5, 0x92, 0xd5, 0xd4, 0xdd, 0x35, 0xde,
        0x77, 0xe6, 0x57, 0xe6, 0x77, 0xe6, 0xb8, 0xe6, 0x1b, 0xf7, 0xff, 0xff,
        0x00, 0x00, 0x00, 0x00, 0x00, 0x00, 0x00, 0x00, 0x00, 0x00, 0x00, 0x00,
        0x00, 0x00, 0x00, 0x00, 0x00, 0x00, 0x00, 0x00, 0x00, 0x00, 0x00, 0x00,
        0x00, 0x00, 0x00, 0x00, 0x00, 0x00, 0x00, 0x00, 0x00, 0x00, 0x00, 0x00,
        0x00, 0x00, 0x00, 0x00, 0x00, 0x00, 0x00, 0x00, 0x00, 0x00, 0x00, 0x00,
        0x00, 0x00, 0x00, 0x00, 0x00, 0x00, 0x00, 0x00, 0x00, 0x00, 0x00, 0x00,
        0x00, 0x00, 0x00, 0x00, 0x00, 0x00, 0x00, 0x00, 0x00, 0x00, 0x00, 0x00,
        0x00, 0x00, 0x00, 0x00, 0x00, 0x00, 0x00, 0x00, 0x00, 0x00, 0x00, 0x00,
        0x00, 0x00, 0x00, 0x00, 0x00, 0x00, 0x00, 0x00, 0x00, 0x00, 0x00, 0x00,
        0x00, 0x00, 0x00, 0x00, 0x00, 0x00, 0x00, 0x00, 0x00, 0x00, 0x00, 0x00,
        0x00, 0x00, 0x00, 0x00, 0x00, 0x00, 0x00, 0x00, 0x00, 0x00, 0x00, 0x00,
        0x00, 0x00, 0x00, 0x00, 0x00, 0x00, 0x00, 0x00, 0x00, 0x00, 0x00, 0x00,
        0x00, 0x00, 0x00, 0x00, 0x00, 0x00, 0x00, 0x00, 0x00, 0x00, 0x00, 0x00,
        0x00, 0x00, 0x00, 0x00, 0x00, 0x00, 0x00, 0x00, 0x00, 0x00, 0x00, 0x00,
        0x00, 0x00, 0x00, 0x00, 0x00, 0x00, 0x00, 0x00, 0x00, 0x00, 0x00, 0x00,
        0x00, 0x00, 0x00, 0x00, 0x00, 0x00, 0x00, 0x00, 0x00, 0x00, 0x00, 0x00,
        0x00, 0x00, 0x00, 0x00, 0x00, 0x00, 0x00, 0x00, 0x00, 0x00, 0x00, 0x00,
        0x00, 0x00, 0x00, 0x00, 0x00, 0x00, 0x00, 0x00, 0x00, 0x00, 0x00, 0x00,
        0x00, 0x00, 0x00, 0x00, 0x00, 0x00, 0x00, 0x00, 0x00, 0x00, 0x00, 0x00,
        0x00, 0x00, 0x00, 0x00, 0x00, 0x00, 0xff, 0xff, 0xff, 0xff, 0x1b, 0xf7,
        0x5b, 0xf7, 0x57, 0xe6, 0x35, 0xde, 0x15, 0xde, 0xb3, 0xd5, 0x15, 0xde,
        0x57, 0xe6, 0x35, 0xde, 0x77, 0xe6, 0x77, 0xe6, 0x77, 0xe6, 0x57, 0xe6,
        0x77, 0xe6, 0x76, 0xee, 0x76, 0xee, 0x57, 0xe6, 0x98, 0xe6, 0xd8, 0xee,
        0x77, 0xe6, 0x77, 0xe6, 0x77, 0xe6, 0xb8, 0xee, 0xd9, 0xee, 0xd8, 0xee,
        0x76, 0xee, 0x56, 0xe6, 0xb8, 0xee, 0xb7, 0xf6, 0x96, 0xee, 0x35, 0xe6,
        0x34, 0xe6, 0xb2, 0xdd, 0x34, 0xe6, 0x35, 0xe6, 0x76, 0xee, 0x76, 0xee,
        0xd2, 0xe5, 0x50, 0xd5, 0xcc, 0xcc, 0x6b, 0xc4, 0x4b, 0xbc, 0x6b, 0xc4,
        0x8c, 0xcc, 0x6b, 0xc4, 0x6b, 0xc4, 0x0f, 0xcd, 0x0f, 0xcd, 0x50, 0xcd,
        0x2f, 0xd5, 0x14, 0xde, 0xd9, 0xee, 0x98, 0xe6, 0xd9, 0xee, 0x15, 0xe6,
        0x36, 0xe6, 0xf9, 0xf6, 0xf9, 0xf6, 0x96, 0xee, 0x96, 0xee, 0xb7, 0xf6,
        0x76, 0xee, 0xd3, 0xdd, 0xf3, 0xe5, 0x56, 0xe6, 0x97, 0xee, 0x97, 0xee,
        0x97, 0xee, 0x97, 0xee, 0x76, 0xee, 0x56, 0xe6, 0x56, 0xe6, 0xd3, 0xdd,
        0x34, 0xe6, 0x35, 0xe6, 0x97, 0xee, 0x56, 0xe6, 0x76, 0xee, 0x98, 0xe6,
        0x35, 0xe6, 0x56, 0xe6, 0x57, 0xe6, 0xf4, 0xdd, 0x71, 0xd5, 0xb2, 0xd5,
        0xf4, 0xdd, 0xf4, 0xdd, 0x35, 0xde, 0xf4, 0xdd, 0xb2, 0xd5, 0xb3, 0xd5,
        0xb3, 0xd5, 0x92, 0xd5, 0xf0, 0xbc, 0xae, 0xbc, 0xae, 0xbc, 0x6d, 0xb4,
        0x4d, 0xac, 0x2c, 0xb4, 0x8d, 0xbc, 0xcf, 0xbc, 0x10, 0xc5, 0x92, 0xd5,
        0xcf, 0xbc, 0x4d, 0xac, 0xf0, 0xbc, 0xae, 0xbc, 0xcf, 0xbc, 0x72, 0xcd,
        0x92, 0xd5, 0xd4, 0xdd, 0x15, 0xde, 0xd4, 0xd5, 0xb3, 0xd5, 0x92, 0xd5,
        0x92, 0xd5, 0xf4, 0xdd, 0x36, 0xe6, 0x77, 0xe6, 0x77, 0xe6, 0x77, 0xe6,
        0x36, 0xe6, 0x15, 0xde, 0x77, 0xe6, 0xfa, 0xf6, 0x5c, 0xf7, 0x00, 0x00,
        0xff, 0xff, 0x00, 0x00, 0x00, 0x00, 0x00, 0x00, 0x00, 0x00, 0x00, 0x00,
        0x00, 0x00, 0x00, 0x00, 0x00, 0x00, 0x00, 0x00, 0x00, 0x00, 0x00, 0x00,
        0x00, 0x00, 0x00, 0x00, 0x00, 0x00, 0x00, 0x00, 0x00, 0x00, 0x00, 0x00,
        0x00, 0x00, 0x00, 0x00, 0x00, 0x00, 0x00, 0x00, 0x00, 0x00, 0x00, 0x00,
        0x00, 0x00, 0x00, 0x00, 0x00, 0x00, 0x00, 0x00, 0x00, 0x00, 0x00, 0x00,
        0x00, 0x00, 0x00, 0x00, 0x00, 0x00, 0x00, 0x00, 0x00, 0x00, 0x00, 0x00,
        0x00, 0x00, 0x00, 0x00, 0x00, 0x00, 0x00, 0x00, 0x00, 0x00, 0x00, 0x00,
        0x00, 0x00, 0x00, 0x00, 0x00, 0x00, 0x00, 0x00, 0x00, 0x00, 0x00, 0x00,
        0x00, 0x00, 0x00, 0x00, 0x00, 0x00, 0x00, 0x00, 0x00, 0x00, 0x00, 0x00,
        0x00, 0x00, 0x00, 0x00, 0x00, 0x00, 0x00, 0x00, 0x00, 0x00, 0x00, 0x00,
        0x00, 0x00, 0x00, 0x00, 0x00, 0x00, 0x00, 0x00, 0x00, 0x00, 0x00, 0x00,
        0x00, 0x00, 0x00, 0x00, 0x00, 0x00, 0x00, 0x00, 0x00, 0x00, 0x00, 0x00,
        0x00, 0x00, 0x00, 0x00, 0x00, 0x00, 0x00, 0x00, 0x00, 0x00, 0x00, 0x00,
        0x00, 0x00, 0x00, 0x00, 0x00, 0x00, 0x00, 0x00, 0x00, 0x00, 0x00, 0x00,
        0x00, 0x00, 0x00, 0x00, 0x00, 0x00, 0x00, 0x00, 0x00, 0x00, 0x00, 0x00,
        0x00, 0x00, 0x00, 0x00, 0x00, 0x00, 0x00, 0x00, 0x00, 0x00, 0x00, 0x00,
        0x00, 0x00, 0x00, 0x00, 0x00, 0x00, 0x00, 0x00, 0x00, 0x00, 0x00, 0x00,
        0x00, 0x00, 0x00, 0x00, 0x00, 0x00, 0x00, 0x00, 0x00, 0x00, 0x00, 0x00,
        0x00, 0x00, 0x00, 0x00, 0xff, 0xff, 0xff, 0xff, 0x5c, 0xf7, 0xfa, 0xee,
        0x16, 0xd6, 0xd4, 0xd5, 0x35, 0xde, 0x35, 0xde, 0xd4, 0xdd, 0xb3, 0xd5,
        0xd4, 0xd5, 0x35, 0xde, 0xb8, 0xe6, 0x98, 0xe6, 0x98, 0xe6, 0x98, 0xe6,
        0x77, 0xe6, 0x98, 0xe6, 0x98, 0xe6, 0x77, 0xe6, 0x77, 0xe6, 0x36, 0xe6,
        0x56, 0xe6, 0x77, 0xe6, 0x98, 0xe6, 0x98, 0xe6, 0x98, 0xe6, 0x56, 0xe6,
        0x34, 0xe6, 0x56, 0xe6, 0x97, 0xee, 0xb8, 0xf6, 0x96, 0xee, 0x55, 0xee,
        0x50, 0xd5, 0xee, 0xcc, 0x91, 0xd5, 0xb2, 0xd5, 0x14, 0xe6, 0x14, 0xe6,
        0x34, 0xe6, 0x14, 0xe6, 0xf3, 0xe5, 0xf3, 0xe5, 0x14, 0xee, 0xf3, 0xe5,
        0x91, 0xdd, 0xcc, 0xcc, 0xee, 0xcc, 0xcd, 0xcc, 0x8c, 0xc4, 0x4b, 0xbc,
        0x09, 0xb4, 0x50, 0xcd, 0xb2, 0xd5, 0xb2, 0xd5, 0xf4, 0xdd, 0xd4, 0xdd,
        0xfa, 0xf6, 0x1a, 0xf7, 0xf9, 0xf6, 0xd8, 0xf6, 0xf9, 0xf6, 0xb8, 0xf6,
        0x14, 0xe6, 0xb2, 0xdd, 0xb2, 0xdd, 0x91, 0xd5, 0x76, 0xee, 0xb8, 0xee,
        0x97, 0xee, 0xb8, 0xee, 0xd9, 0xee, 0x56, 0xe6, 0x35, 0xe6, 0x97, 0xee,
        0x97, 0xee, 0x97, 0xee, 0xd9, 0xee, 0x97, 0xee, 0x98, 0xe6, 0xf9, 0xee,
        0xb8, 0xe6, 0x77, 0xe6, 0x98, 0xe6, 0xf4, 0xdd, 0x71, 0xd5, 0xce, 0xc4,
        0x50, 0xcd, 0xf4, 0xdd, 0xb2, 0xd5, 0xb3, 0xd5, 0xb3, 0xd5, 0x35, 0xde,
        0x15, 0xde, 0xb3, 0xd5, 0xcf, 0xbc, 0x0c, 0xac, 0xae, 0xbc, 0xcf, 0xbc,
        0x10, 0xc5, 0xae, 0xbc, 0x2c, 0xb4, 0x2b, 0xb4, 0x89, 0xa3, 0xca, 0xa3,
        0xca, 0xa3, 0x28, 0x93, 0xca, 0xa3, 0x2b, 0xb4, 0x2b, 0xb4, 0xcf, 0xbc,
        0x10, 0xc5, 0xcf, 0xbc, 0x72, 0xcd, 0x72, 0xcd, 0x10, 0xc5, 0xf0, 0xbc,
        0x10, 0xc5, 0x50, 0xcd, 0x15, 0xde, 0x36, 0xe6, 0x57, 0xe6, 0x77, 0xe6,
        0x77, 0xe6, 0xb8, 0xe6, 0xd9, 0xee, 0xd9, 0xee, 0x5c, 0xf7, 0xff, 0xff,
        0xff, 0xff, 0x00, 0x00, 0x00, 0x00, 0x00, 0x00, 0x00, 0x00, 0x00, 0x00,
        0x00, 0x00, 0x00, 0x00, 0x00, 0x00, 0x00, 0x00, 0x00, 0x00, 0x00, 0x00,
        0x00, 0x00, 0x00, 0x00, 0x00, 0x00, 0x00, 0x00, 0x00, 0x00, 0x00, 0x00,
        0x00, 0x00, 0x00, 0x00, 0x00, 0x00, 0x00, 0x00, 0x00, 0x00, 0x00, 0x00,
        0x00, 0x00, 0x00, 0x00, 0x00, 0x00, 0x00, 0x00, 0x00, 0x00, 0x00, 0x00,
        0x00, 0x00, 0x00, 0x00, 0x00, 0x00, 0x00, 0x00, 0x00, 0x00, 0x00, 0x00,
        0x00, 0x00, 0x00, 0x00, 0x00, 0x00, 0x00, 0x00, 0x00, 0x00, 0x00, 0x00,
        0x00, 0x00, 0x00, 0x00, 0x00, 0x00, 0x00, 0x00, 0x00, 0x00, 0x00, 0x00,
        0x00, 0x00, 0x00, 0x00, 0x00, 0x00, 0x00, 0x00, 0x00, 0x00, 0x00, 0x00,
        0x00, 0x00, 0x00, 0x00, 0x00, 0x00, 0x00, 0x00, 0x00, 0x00, 0x00, 0x00,
        0x00, 0x00, 0x00, 0x00, 0x00, 0x00, 0x00, 0x00, 0x00, 0x00, 0x00, 0x00,
        0x00, 0x00, 0x00, 0x00, 0x00, 0x00, 0x00, 0x00, 0x00, 0x00, 0x00, 0x00,
        0x00, 0x00, 0x00, 0x00, 0x00, 0x00, 0x00, 0x00, 0x00, 0x00, 0x00, 0x00,
        0x00, 0x00, 0x00, 0x00, 0x00, 0x00, 0x00, 0x00, 0x00, 0x00, 0x00, 0x00,
        0x00, 0x00, 0x00, 0x00, 0x00, 0x00, 0x00, 0x00, 0x00, 0x00, 0x00, 0x00,
        0x00, 0x00, 0x00, 0x00, 0x00, 0x00, 0x00, 0x00, 0x00, 0x00, 0x00, 0x00,
        0x00, 0x00, 0x00, 0x00, 0x00, 0x00, 0x00, 0x00, 0x00, 0x00, 0x00, 0x00,
        0x00, 0x00, 0x00, 0x00, 0x00, 0x00, 0x00, 0x00, 0x00, 0x00, 0x00, 0x00,
        0x00, 0x00, 0x00, 0x00, 0xff, 0xff, 0xff, 0xff, 0xfa, 0xee, 0x57, 0xde,
        0x32, 0xc5, 0x72, 0xcd, 0xb3, 0xd5, 0xb3, 0xd5, 0x15, 0xde, 0x15, 0xde,
        0x35, 0xde, 0x98, 0xe6, 0xb8, 0xee, 0x35, 0xde, 0x36, 0xe6, 0x98, 0xe6,
        0x98, 0xe6, 0x98, 0xe6, 0x36, 0xe6, 0x15, 0xde, 0x77, 0xe6, 0x98, 0xe6,
        0x98, 0xe6, 0x77, 0xe6, 0x15, 0xe6, 0x56, 0xe6, 0x77, 0xe6, 0x77, 0xe6,
        0x56, 0xe6, 0xb2, 0xdd, 0x91, 0xd5, 0x56, 0xe6, 0xb8, 0xf6, 0x76, 0xee,
        0x91, 0xdd, 0x4f, 0xd5, 0x2e, 0xd5, 0x4b, 0xbc, 0x4b, 0xbc, 0x0f, 0xcd,
        0xb2, 0xdd, 0xd2, 0xe5, 0x35, 0xe6, 0x35, 0xe6, 0xd2, 0xe5, 0x91, 0xdd,
        0xf3, 0xe5, 0x91, 0xdd, 0x70, 0xdd, 0x2e, 0xd5, 0xee, 0xcc, 0xee, 0xcc,
        0xee, 0xcc, 0x50, 0xcd, 0x70, 0xd5, 0xce, 0xc4, 0xce, 0xc4, 0xd3, 0xdd,
        0xd8, 0xee, 0x1a, 0xf7, 0x1a, 0xf7, 0xf9, 0xf6, 0xf9, 0xf6, 0x56, 0xe6,
        0x34, 0xe6, 0xd2, 0xe5, 0xb2, 0xdd, 0xb2, 0xdd, 0xd3, 0xdd, 0x14, 0xde,
        0xd3, 0xdd, 0x56, 0xe6, 0xb8, 0xee, 0x15, 0xe6, 0x14, 0xe6, 0xf9, 0xee,
        0x98, 0xe6, 0x97, 0xee, 0xf9, 0xee, 0xd8, 0xee, 0x77, 0xe6, 0x98, 0xe6,
        0xd9, 0xee, 0x36, 0xe6, 0x57, 0xe6, 0x15, 0xe6, 0xd4, 0xdd, 0x50, 0xcd,
        0x30, 0xcd, 0xd4, 0xd5, 0x92, 0xd5, 0xef, 0xc4, 0xb3, 0xd5, 0x57, 0xde,
        0xd4, 0xd5, 0x10, 0xc5, 0xcf, 0xbc, 0x10, 0xc5, 0x92, 0xd5, 0xb3, 0xd5,
        0x15, 0xde, 0x57, 0xde, 0xd4, 0xd5, 0x93, 0xcd, 0xf0, 0xbc, 0x6d, 0xb4,
        0x2c, 0xb4, 0x48, 0x9b, 0xca, 0xa3, 0x8d, 0xbc, 0xef, 0xc4, 0x10, 0xc5,
        0xae, 0xbc, 0xcb, 0x9b, 0xe8, 0x82, 0xe8, 0x82, 0x2b, 0xb4, 0x30, 0xcd,
        0x92, 0xd5, 0x92, 0xd5, 0xb3, 0xd5, 0x92, 0xd5, 0x92, 0xd5, 0xd4, 0xdd,
        0x36, 0xe6, 0xb8, 0xe6, 0xf9, 0xee, 0xd9, 0xee, 0x1b, 0xf7, 0xff, 0xff,
        0x00, 0x00, 0x00, 0x00, 0x00, 0x00, 0x00, 0x00, 0x00, 0x00, 0x00, 0x00,
        0x00, 0x00, 0x00, 0x00, 0x00, 0x00, 0x00, 0x00, 0x00, 0x00, 0x00, 0x00,
        0x00, 0x00, 0x00, 0x00, 0x00, 0x00, 0x00, 0x00, 0x00, 0x00, 0x00, 0x00,
        0x00, 0x00, 0x00, 0x00, 0x00, 0x00, 0x00, 0x00, 0x00, 0x00, 0x00, 0x00,
        0x00, 0x00, 0x00, 0x00, 0x00, 0x00, 0x00, 0x00, 0x00, 0x00, 0x00, 0x00,
        0x00, 0x00, 0x00, 0x00, 0x00, 0x00, 0x00, 0x00, 0x00, 0x00, 0x00, 0x00,
        0x00, 0x00, 0x00, 0x00, 0x00, 0x00, 0x00, 0x00, 0x00, 0x00, 0x00, 0x00,
        0x00, 0x00, 0x00, 0x00, 0x00, 0x00, 0x00, 0x00, 0x00, 0x00, 0x00, 0x00,
        0x00, 0x00, 0x00, 0x00, 0x00, 0x00, 0x00, 0x00, 0x00, 0x00, 0x00, 0x00,
        0x00, 0x00, 0x00, 0x00, 0x00, 0x00, 0x00, 0x00, 0x00, 0x00, 0x00, 0x00,
        0x00, 0x00, 0x00, 0x00, 0x00, 0x00, 0x00, 0x00, 0x00, 0x00, 0x00, 0x00,
        0x00, 0x00, 0x00, 0x00, 0x00, 0x00, 0x00, 0x00, 0x00, 0x00, 0x00, 0x00,
        0x00, 0x00, 0x00, 0x00, 0x00, 0x00, 0x00, 0x00, 0x00, 0x00, 0x00, 0x00,
        0x00, 0x00, 0x00, 0x00, 0x00, 0x00, 0x00, 0x00, 0x00, 0x00, 0x00, 0x00,
        0x00, 0x00, 0x00, 0x00, 0x00, 0x00, 0x00, 0x00, 0x00, 0x00, 0x00, 0x00,
        0x00, 0x00, 0x00, 0x00, 0x00, 0x00, 0x00, 0x00, 0x00, 0x00, 0x00, 0x00,
        0x00, 0x00, 0x00, 0x00, 0x00, 0x00, 0x00, 0x00, 0x00, 0x00, 0x00, 0x00,
        0x00, 0x00, 0x00, 0x00, 0x00, 0x00, 0x00, 0x00, 0x00, 0x00, 0x00, 0x00,
        0x00, 0x00, 0xff, 0xff, 0xff, 0xff, 0x5c, 0xf7, 0xfa, 0xee, 0xf5, 0xd5,
        0x93, 0xcd, 0xd4, 0xdd, 0x92, 0xd5, 0xb3, 0xd5, 0x15, 0xde, 0xf4, 0xdd,
        0x15, 0xde, 0x35, 0xde, 0x57, 0xe6, 0x77, 0xe6, 0x98, 0xe6, 0xd9, 0xee,
        0xd9, 0xee, 0x77, 0xe6, 0x36, 0xe6, 0x15, 0xde, 0x77, 0xe6, 0x77, 0xe6,
        0x14, 0xde, 0xd4, 0xdd, 0x14, 0xde, 0x15, 0xe6, 0x36, 0xe6, 0x35, 0xde,
        0xd3, 0xdd, 0x70, 0xd5, 0x50, 0xcd, 0x91, 0xd5, 0x15, 0xe6, 0x35, 0xe6,
        0x14, 0xe6, 0xb2, 0xdd, 0xee, 0xcc, 0x8c, 0xc4, 0xac, 0xc4, 0xcd, 0xcc,
        0xac, 0xc4, 0x50, 0xd5, 0x50, 0xd5, 0x91, 0xdd, 0xd2, 0xe5, 0x35, 0xe6,
        0xd2, 0xe5, 0x70, 0xdd, 0x91, 0xdd, 0x91, 0xdd, 0xf3, 0xe5, 0xd2, 0xe5,
        0xd2, 0xe5, 0xd3, 0xdd, 0x70, 0xd5, 0x2f, 0xd5, 0xd3, 0xdd, 0xd3, 0xdd,
        0x76, 0xee, 0x1a, 0xf7, 0x1a, 0xf7, 0x1a, 0xf7, 0xb8, 0xee, 0x76, 0xee,
        0x76, 0xee, 0xf3, 0xe5, 0xd2, 0xe5, 0xd3, 0xdd, 0xb2, 0xdd, 0xee, 0xcc,
        0x2f, 0xd5, 0xd3, 0xdd, 0xd3, 0xdd, 0x14, 0xe6, 0x14, 0xe6, 0xb8, 0xee,
        0x98, 0xe6, 0x56, 0xe6, 0x98, 0xe6, 0xb8, 0xee, 0x98, 0xe6, 0x76, 0xee,
        0x98, 0xe6, 0x76, 0xee, 0x15, 0xe6, 0x15, 0xde, 0xd3, 0xdd, 0xf4, 0xdd,
        0xf4, 0xdd, 0x15, 0xde, 0x15, 0xde, 0xef, 0xc4, 0xef, 0xc4, 0x92, 0xd5,
        0x51, 0xcd, 0x72, 0xcd, 0x51, 0xcd, 0x92, 0xd5, 0xd4, 0xd5, 0xd4, 0xd5,
        0x16, 0xd6, 0x37, 0xde, 0x16, 0xd6, 0xd4, 0xd5, 0xb3, 0xd5, 0x93, 0xcd,
        0xf0, 0xbc, 0x2c, 0xb4, 0x6d, 0xb4, 0xad, 0xc4, 0xef, 0xc4, 0xef, 0xc4,
        0x10, 0xc5, 0x4d, 0xac, 0x28, 0x93, 0xc6, 0x8a, 0x47, 0xa3, 0xce, 0xc4,
        0xd4, 0xdd, 0x16, 0xd6, 0x15, 0xde, 0x51, 0xcd, 0x51, 0xcd, 0xb2, 0xd5,
        0xd4, 0xdd, 0x36, 0xe6, 0xd9, 0xee, 0x5b, 0xf7, 0x1b, 0xf7, 0xbf, 0xff,
        0xff, 0xff, 0x00, 0x00, 0x00, 0x00, 0x00, 0x00, 0x00, 0x00, 0x00, 0x00,
        0x00, 0x00, 0x00, 0x00, 0x00, 0x00, 0x00, 0x00, 0x00, 0x00, 0x00, 0x00,
        0x00, 0x00, 0x00, 0x00, 0x00, 0x00, 0x00, 0x00, 0x00, 0x00, 0x00, 0x00,
        0x00, 0x00, 0x00, 0x00, 0x00, 0x00, 0x00, 0x00, 0x00, 0x00, 0x00, 0x00,
        0x00, 0x00, 0x00, 0x00, 0x00, 0x00, 0x00, 0x00, 0x00, 0x00, 0x00, 0x00,
        0x00, 0x00, 0x00, 0x00, 0x00, 0x00, 0x00, 0x00, 0x00, 0x00, 0x00, 0x00,
        0x00, 0x00, 0x00, 0x00, 0x00, 0x00, 0x00, 0x00, 0x00, 0x00, 0x00, 0x00,
        0x00, 0x00, 0x00, 0x00, 0x00, 0x00, 0x00, 0x00, 0x00, 0x00, 0x00, 0x00,
        0x00, 0x00, 0x00, 0x00, 0x00, 0x00, 0x00, 0x00, 0x00, 0x00, 0x00, 0x00,
        0x00, 0x00, 0x00, 0x00, 0x00, 0x00, 0x00, 0x00, 0x00, 0x00, 0x00, 0x00,
        0x00, 0x00, 0x00, 0x00, 0x00, 0x00, 0x00, 0x00, 0x00, 0x00, 0x00, 0x00,
        0x00, 0x00, 0x00, 0x00, 0x00, 0x00, 0x00, 0x00, 0x00, 0x00, 0x00, 0x00,
        0x00, 0x00, 0x00, 0x00, 0x00, 0x00, 0x00, 0x00, 0x00, 0x00, 0x00, 0x00,
        0x00, 0x00, 0x00, 0x00, 0x00, 0x00, 0x00, 0x00, 0x00, 0x00, 0x00, 0x00,
        0x00, 0x00, 0x00, 0x00, 0x00, 0x00, 0x00, 0x00, 0x00, 0x00, 0x00, 0x00,
        0x00, 0x00, 0x00, 0x00, 0x00, 0x00, 0x00, 0x00, 0x00, 0x00, 0x00, 0x00,
        0x00, 0x00, 0x00, 0x00, 0x00, 0x00, 0x00, 0x00, 0x00, 0x00, 0x00, 0x00,
        0x00, 0x00, 0x00, 0x00, 0x00, 0x00, 0x00, 0x00, 0x00, 0x00, 0x00, 0x00,
        0xff, 0xff, 0x00, 0x00, 0x7d, 0xf7, 0xfa, 0xee, 0x57, 0xde, 0x53, 0xc5,
        0x51, 0xcd, 0xb2, 0xd5, 0xf4, 0xdd, 0xf4, 0xdd, 0xf4, 0xdd, 0xf4, 0xdd,
        0xd4, 0xdd, 0xb3, 0xd5, 0xd4, 0xd5, 0x77, 0xe6, 0x98, 0xe6, 0xb9, 0xee,
        0xb9, 0xee, 0xd9, 0xee, 0x77, 0xe6, 0x36, 0xe6, 0x57, 0xe6, 0x36, 0xe6,
        0x36, 0xe6, 0x35, 0xde, 0xd4, 0xdd, 0xb2, 0xd5, 0x71, 0xd5, 0x0f, 0xcd,
        0x50, 0xcd, 0xb2, 0xd5, 0x50, 0xcd, 0xce, 0xc4, 0x71, 0xd5, 0x56, 0xe6,
        0xb7, 0xf6, 0x34, 0xe6, 0xb2, 0xdd, 0x91, 0xdd, 0x2f, 0xd5, 0xcd, 0xcc,
        0xac, 0xc4, 0x4f, 0xd5, 0x4f, 0xd5, 0xb2, 0xdd, 0x34, 0xe6, 0x91, 0xdd,
        0x70, 0xdd, 0xd2, 0xe5, 0x34, 0xe6, 0x97, 0xee, 0x76, 0xee, 0x76, 0xee,
        0x55, 0xee, 0x55, 0xee, 0x35, 0xe6, 0x35, 0xe6, 0x76, 0xee, 0xd3, 0xdd,
        0x14, 0xde, 0x98, 0xe6, 0xf9, 0xee, 0x1a, 0xf7, 0x98, 0xe6, 0x97, 0xee,
        0x98, 0xe6, 0xd2, 0xe5, 0xf3, 0xe5, 0xd3, 0xdd, 0x70, 0xd5, 0xac, 0xc4,
        0xee, 0xcc, 0xb2, 0xdd, 0xd3, 0xdd, 0x35, 0xe6, 0x34, 0xe6, 0x97, 0xee,
        0xb8, 0xee, 0x14, 0xe6, 0xd2, 0xe5, 0x35, 0xe6, 0x56, 0xe6, 0x98, 0xe6,
        0x77, 0xe6, 0x77, 0xe6, 0x15, 0xe6, 0x14, 0xde, 0x14, 0xde, 0xd4, 0xdd,
        0x35, 0xde, 0x35, 0xde, 0x15, 0xde, 0x10, 0xc5, 0xea, 0xab, 0x8d, 0xbc,
        0x51, 0xcd, 0xb3, 0xd5, 0xf4, 0xdd, 0x92, 0xd5, 0xf4, 0xdd, 0x37, 0xde,
        0x37, 0xde, 0xd4, 0xd5, 0xd4, 0xd5, 0xb3, 0xd5, 0x51, 0xcd, 0x51, 0xcd,
        0x51, 0xcd, 0x51, 0xcd, 0x92, 0xd5, 0x92, 0xd5, 0x72, 0xcd, 0x51, 0xcd,
        0x10, 0xc5, 0x92, 0xd5, 0xb3, 0xd5, 0x72, 0xcd, 0xb3, 0xd5, 0xd4, 0xdd,
        0x15, 0xde, 0x92, 0xd5, 0x51, 0xcd, 0xb3, 0xd5, 0xb3, 0xd5, 0x36, 0xe6,
        0x98, 0xe6, 0xb8, 0xe6, 0xd9, 0xee, 0x5b, 0xf7, 0x1b, 0xf7, 0xbf, 0xff,
        0x00, 0x00, 0x00, 0x00, 0x00, 0x00, 0x00, 0x00, 0x00, 0x00, 0x00, 0x00,
        0x00, 0x00, 0x00, 0x00, 0x00, 0x00, 0x00, 0x00, 0x00, 0x00, 0x00, 0x00,
        0x00, 0x00, 0x00, 0x00, 0x00, 0x00, 0x00, 0x00, 0x00, 0x00, 0x00, 0x00,
        0x00, 0x00, 0x00, 0x00, 0x00, 0x00, 0x00, 0x00, 0x00, 0x00, 0x00, 0x00,
        0x00, 0x00, 0x00, 0x00, 0x00, 0x00, 0x00, 0x00, 0x00, 0x00, 0x00, 0x00,
        0x00, 0x00, 0x00, 0x00, 0x00, 0x00, 0x00, 0x00, 0x00, 0x00, 0x00, 0x00,
        0x00, 0x00, 0x00, 0x00, 0x00, 0x00, 0x00, 0x00, 0x00, 0x00, 0x00, 0x00,
        0x00, 0x00, 0x00, 0x00, 0x00, 0x00, 0x00, 0x00, 0x00, 0x00, 0x00, 0x00,
        0x00, 0x00, 0x00, 0x00, 0x00, 0x00, 0x00, 0x00, 0x00, 0x00, 0x00, 0x00,
        0x00, 0x00, 0x00, 0x00, 0x00, 0x00, 0x00, 0x00, 0x00, 0x00, 0x00, 0x00,
        0x00, 0x00, 0x00, 0x00, 0x00, 0x00, 0x00, 0x00, 0x00, 0x00, 0x00, 0x00,
        0x00, 0x00, 0x00, 0x00, 0x00, 0x00, 0x00, 0x00, 0x00, 0x00, 0x00, 0x00,
        0x00, 0x00, 0x00, 0x00, 0x00, 0x00, 0x00, 0x00, 0x00, 0x00, 0x00, 0x00,
        0x00, 0x00, 0x00, 0x00, 0x00, 0x00, 0x00, 0x00, 0x00, 0x00, 0x00, 0x00,
        0x00, 0x00, 0x00, 0x00, 0x00, 0x00, 0x00, 0x00, 0x00, 0x00, 0x00, 0x00,
        0x00, 0x00, 0x00, 0x00, 0x00, 0x00, 0x00, 0x00, 0x00, 0x00, 0x00, 0x00,
        0x00, 0x00, 0x00, 0x00, 0x00, 0x00, 0x00, 0x00, 0x00, 0x00, 0x00, 0x00,
        0x00, 0x00, 0x00, 0x00, 0x00, 0x00, 0x00, 0x00, 0x00, 0x00, 0x00, 0x00,
        0xff, 0xff, 0xff, 0xff, 0x5c, 0xf7, 0xfa, 0xee, 0x16, 0xd6, 0x32, 0xc5,
        0x72, 0xcd, 0xd4, 0xdd, 0xd4, 0xdd, 0x35, 0xde, 0x36, 0xe6, 0x15, 0xde,
        0xd4, 0xdd, 0xb3, 0xd5, 0xf4, 0xdd, 0x36, 0xe6, 0x77, 0xe6, 0xb8, 0xe6,
        0x98, 0xe6, 0x36, 0xe6, 0x36, 0xe6, 0x36, 0xe6, 0x77, 0xe6, 0x35, 0xde,
        0x14, 0xde, 0x14, 0xde, 0x14, 0xde, 0xb2, 0xd5, 0x91, 0xd5, 0xd4, 0xdd,
        0x15, 0xe6, 0x35, 0xe6, 0x91, 0xd5, 0x70, 0xd5, 0xb2, 0xd5, 0x14, 0xde,
        0x34, 0xe6, 0x35, 0xe6, 0x96, 0xee, 0x34, 0xe6, 0x14, 0xe6, 0x91, 0xdd,
        0xd2, 0xe5, 0xf3, 0xe5, 0xf3, 0xe5, 0x96, 0xee, 0x35, 0xe6, 0xd2, 0xe5,
        0x76, 0xee, 0x96, 0xee, 0x97, 0xee, 0xd8, 0xf6, 0xf9, 0xf6, 0xf9, 0xf6,
        0x1a, 0xf7, 0xd8, 0xf6, 0xb8, 0xee, 0xd8, 0xf6, 0x97, 0xee, 0x15, 0xe6,
        0xf4, 0xdd, 0xd3, 0xdd, 0xf9, 0xee, 0xf9, 0xee, 0xb8, 0xee, 0xd8, 0xf6,
        0x97, 0xee, 0x56, 0xe6, 0x35, 0xe6, 0x34, 0xe6, 0x50, 0xd5, 0x0d, 0xd5,
        0x2f, 0xd5, 0x50, 0xd5, 0xd3, 0xdd, 0x97, 0xee, 0x76, 0xee, 0xb8, 0xee,
        0xd9, 0xee, 0x35, 0xe6, 0xd2, 0xe5, 0xd3, 0xdd, 0xd3, 0xdd, 0x56, 0xe6,
        0xd9, 0xee, 0x98, 0xe6, 0x36, 0xe6, 0x57, 0xe6, 0x35, 0xde, 0x15, 0xe6,
        0x15, 0xde, 0xd4, 0xdd, 0x72, 0xcd, 0xef, 0xc4, 0x2c, 0xb4, 0x8d, 0xbc,
        0xef, 0xc4, 0xd4, 0xdd, 0x15, 0xde, 0x36, 0xe6, 0x37, 0xde, 0x37, 0xde,
        0x37, 0xde, 0x35, 0xde, 0x15, 0xde, 0x35, 0xde, 0x15, 0xde, 0x15, 0xde,
        0xd4, 0xdd, 0xb3, 0xd5, 0xb3, 0xd5, 0xb3, 0xd5, 0x72, 0xcd, 0x92, 0xd5,
        0xb3, 0xd5, 0xd4, 0xd5, 0x37, 0xde, 0xf5, 0xd5, 0x15, 0xde, 0x57, 0xe6,
        0xd4, 0xdd, 0xb3, 0xd5, 0x92, 0xd5, 0x14, 0xde, 0x77, 0xe6, 0x98, 0xe6,
        0xf9, 0xee, 0x1b, 0xf7, 0xfa, 0xf6, 0xfa, 0xee, 0xfa, 0xee, 0x1b, 0xf7,
        0xbf, 0xff, 0x00, 0x00, 0xff, 0xff, 0x00, 0x00, 0x00, 0x00, 0x00, 0x00,
        0x00, 0x00, 0x00, 0x00, 0x00, 0x00, 0x00, 0x00, 0x00, 0x00, 0x00, 0x00,
        0x00, 0x00, 0x00, 0x00, 0x00, 0x00, 0x00, 0x00, 0x00, 0x00, 0x00, 0x00,
        0x00, 0x00, 0x00, 0x00, 0x00, 0x00, 0x00, 0x00, 0x00, 0x00, 0x00, 0x00,
        0x00, 0x00, 0x00, 0x00, 0x00, 0x00, 0x00, 0x00, 0x00, 0x00, 0x00, 0x00,
        0x00, 0x00, 0x00, 0x00, 0x00, 0x00, 0x00, 0x00, 0x00, 0x00, 0x00, 0x00,
        0x00, 0x00, 0x00, 0x00, 0x00, 0x00, 0x00, 0x00, 0x00, 0x00, 0x00, 0x00,
        0x00, 0x00, 0x00, 0x00, 0x00, 0x00, 0x00, 0x00, 0x00, 0x00, 0x00, 0x00,
        0x00, 0x00, 0x00, 0x00, 0x00, 0x00, 0x00, 0x00, 0x00, 0x00, 0x00, 0x00,
        0x00, 0x00, 0x00, 0x00, 0x00, 0x00, 0x00, 0x00, 0x00, 0x00, 0x00, 0x00,
        0x00, 0x00, 0x00, 0x00, 0x00, 0x00, 0x00, 0x00, 0x00, 0x00, 0x00, 0x00,
        0x00, 0x00, 0x00, 0x00, 0x00, 0x00, 0x00, 0x00, 0x00, 0x00, 0x00, 0x00,
        0x00, 0x00, 0x00, 0x00, 0x00, 0x00, 0x00, 0x00, 0x00, 0x00, 0x00, 0x00,
        0x00, 0x00, 0x00, 0x00, 0x00, 0x00, 0x00, 0x00, 0x00, 0x00, 0x00, 0x00,
        0x00, 0x00, 0x00, 0x00, 0x00, 0x00, 0x00, 0x00, 0x00, 0x00, 0x00, 0x00,
        0x00, 0x00, 0x00, 0x00, 0x00, 0x00, 0x00, 0x00, 0x00, 0x00, 0x00, 0x00,
        0x00, 0x00, 0x00, 0x00, 0x00, 0x00, 0x00, 0x00, 0x00, 0x00, 0x00, 0x00,
        0x00, 0x00, 0x00, 0x00, 0x00, 0x00, 0x00, 0x00, 0x00, 0x00, 0x00, 0x00,
        0xff, 0xff, 0x00, 0x00, 0x5c, 0xf7, 0xb9, 0xee, 0xf5, 0xd5, 0xd4, 0xd5,
        0x92, 0xd5, 0x92, 0xd5, 0x15, 0xde, 0x35, 0xde, 0x15, 0xe6, 0x15, 0xe6,
        0xd3, 0xdd, 0xd3, 0xdd, 0x77, 0xe6, 0x98, 0xe6, 0x98, 0xe6, 0xd9, 0xe6,
        0xd9, 0xee, 0xd9, 0xee, 0xd9, 0xee, 0xb8, 0xe6, 0x98, 0xe6, 0x77, 0xe6,
        0x77, 0xe6, 0xb8, 0xe6, 0x77, 0xe6, 0x56, 0xe6, 0x36, 0xe6, 0x15, 0xe6,
        0x14, 0xde, 0xd3, 0xdd, 0x91, 0xd5, 0x50, 0xd5, 0xcd, 0xcc, 0x91, 0xd5,
        0x35, 0xe6, 0xb8, 0xf6, 0xd8, 0xee, 0xd9, 0xee, 0xf9, 0xf6, 0xb8, 0xf6,
        0xb7, 0xf6, 0x96, 0xee, 0xb8, 0xf6, 0xb8, 0xf6, 0xb7, 0xf6, 0xd8, 0xf6,
        0xd8, 0xf6, 0xf9, 0xf6, 0xd9, 0xee, 0xf9, 0xee, 0xf9, 0xee, 0x1a, 0xf7,
        0x1b, 0xf7, 0x1a, 0xf7, 0xd9, 0xee, 0xf9, 0xf6, 0xb8, 0xee, 0x97, 0xee,
        0xb2, 0xd5, 0x14, 0xde, 0xb8, 0xee, 0x98, 0xe6, 0xb8, 0xee, 0x1a, 0xf7,
        0xd9, 0xee, 0xd9, 0xee, 0x76, 0xee, 0x76, 0xee, 0xf3, 0xe5, 0x70, 0xdd,
        0x4f, 0xd5, 0x50, 0xd5, 0x50, 0xd5, 0x34, 0xe6, 0xb8, 0xee, 0xb8, 0xee,
        0xb8, 0xee, 0xb8, 0xee, 0x97, 0xee, 0x35, 0xe6, 0x14, 0xe6, 0x15, 0xe6,
        0x77, 0xe6, 0xb9, 0xee, 0xd9, 0xee, 0xb8, 0xe6, 0x57, 0xe6, 0x77, 0xe6,
        0x77, 0xe6, 0x36, 0xe6, 0x51, 0xcd, 0x71, 0xd5, 0x92, 0xd5, 0x71, 0xd5,
        0x30, 0xcd, 0xd4, 0xdd, 0x15, 0xde, 0x36, 0xe6, 0x57, 0xde, 0x57, 0xe6,
        0x15, 0xde, 0x35, 0xde, 0x35, 0xde, 0x35, 0xde, 0x57, 0xde, 0x77, 0xe6,
        0x77, 0xe6, 0x57, 0xde, 0x35, 0xde, 0x36, 0xe6, 0x15, 0xde, 0x37, 0xde,
        0x37, 0xde, 0xb4, 0xcd, 0x32, 0xc5, 0xef, 0xc4, 0x51, 0xcd, 0xd4, 0xd5,
        0xb3, 0xd5, 0xd4, 0xd5, 0x15, 0xe6, 0x77, 0xe6, 0xb8, 0xe6, 0x98, 0xe6,
        0xf9, 0xee, 0x1a, 0xf7, 0x1a, 0xf7, 0xd9, 0xee, 0xd9, 0xee, 0xfa, 0xee,
        0x7d, 0xf7, 0x00, 0x00, 0xff, 0xff, 0x00, 0x00, 0x00, 0x00, 0x00, 0x00,
        0x00, 0x00, 0x00, 0x00, 0x00, 0x00, 0x00, 0x00, 0x00, 0x00, 0x00, 0x00,
        0x00, 0x00, 0x00, 0x00, 0x00, 0x00, 0x00, 0x00, 0x00, 0x00, 0x00, 0x00,
        0x00, 0x00, 0x00, 0x00, 0x00, 0x00, 0x00, 0x00, 0x00, 0x00, 0x00, 0x00,
        0x00, 0x00, 0x00, 0x00, 0x00, 0x00, 0x00, 0x00, 0x00, 0x00, 0x00, 0x00,
        0x00, 0x00, 0x00, 0x00, 0x00, 0x00, 0x00, 0x00, 0x00, 0x00, 0x00, 0x00,
        0x00, 0x00, 0x00, 0x00, 0x00, 0x00, 0x00, 0x00, 0x00, 0x00, 0x00, 0x00,
        0x00, 0x00, 0x00, 0x00, 0x00, 0x00, 0x00, 0x00, 0x00, 0x00, 0x00, 0x00,
        0x00, 0x00, 0x00, 0x00, 0x00, 0x00, 0x00, 0x00, 0x00, 0x00, 0x00, 0x00,
        0x00, 0x00, 0x00, 0x00, 0x00, 0x00, 0x00, 0x00, 0x00, 0x00, 0x00, 0x00,
        0x00, 0x00, 0x00, 0x00, 0x00, 0x00, 0x00, 0x00, 0x00, 0x00, 0x00, 0x00,
        0x00, 0x00, 0x00, 0x00, 0x00, 0x00, 0x00, 0x00, 0x00, 0x00, 0x00, 0x00,
        0x00, 0x00, 0x00, 0x00, 0x00, 0x00, 0x00, 0x00, 0x00, 0x00, 0x00, 0x00,
        0x00, 0x00, 0x00, 0x00, 0x00, 0x00, 0x00, 0x00, 0x00, 0x00, 0x00, 0x00,
        0x00, 0x00, 0x00, 0x00, 0x00, 0x00, 0x00, 0x00, 0x00, 0x00, 0x00, 0x00,
        0x00, 0x00, 0x00, 0x00, 0x00, 0x00, 0x00, 0x00, 0x00, 0x00, 0x00, 0x00,
        0x00, 0x00, 0x00, 0x00, 0x00, 0x00, 0x00, 0x00, 0x00, 0x00, 0x00, 0x00,
        0x00, 0x00, 0x00, 0x00, 0x00, 0x00, 0x00, 0x00, 0xff, 0xff, 0xff, 0xff,
        0x00, 0x00, 0x5c, 0xf7, 0x57, 0xde, 0xd4, 0xd5, 0x72, 0xcd, 0x51, 0xcd,
        0x72, 0xcd, 0x92, 0xd5, 0x14, 0xde, 0x35, 0xde, 0x77, 0xe6, 0x98, 0xe6,
        0xb8, 0xee, 0xd9, 0xee, 0xd9, 0xee, 0xd9, 0xee, 0xb8, 0xe6, 0x98, 0xe6,
        0xb8, 0xe6, 0x77, 0xe6, 0x77, 0xe6, 0x77, 0xe6, 0xb8, 0xee, 0xf9, 0xee,
        0xd9, 0xee, 0x98, 0xe6, 0x77, 0xe6, 0x15, 0xe6, 0x14, 0xde, 0xd3, 0xdd,
        0xb2, 0xd5, 0x14, 0xde, 0x97, 0xee, 0x76, 0xee, 0x76, 0xee, 0x97, 0xee,
        0xb8, 0xf6, 0xd8, 0xee, 0xd9, 0xee, 0xf9, 0xf6, 0xd9, 0xee, 0xfa, 0xf6,
        0xd8, 0xee, 0xd8, 0xee, 0xd9, 0xee, 0xd9, 0xee, 0xb8, 0xee, 0xd8, 0xee,
        0xd9, 0xee, 0xd9, 0xee, 0xd8, 0xf6, 0xf9, 0xee, 0xd8, 0xf6, 0xd8, 0xf6,
        0xb8, 0xee, 0x76, 0xee, 0x34, 0xe6, 0x34, 0xe6, 0xb2, 0xdd, 0xd3, 0xdd,
        0xd4, 0xdd, 0x77, 0xe6, 0xb8, 0xee, 0xb8, 0xee, 0xb8, 0xee, 0xb8, 0xee,
        0xd9, 0xee, 0xb8, 0xee, 0xb8, 0xee, 0xd8, 0xf6, 0x76, 0xee, 0x14, 0xe6,
        0xb2, 0xdd, 0xb2, 0xdd, 0x50, 0xd5, 0x14, 0xe6, 0x76, 0xee, 0x97, 0xee,
        0x97, 0xee, 0xd9, 0xee, 0xf9, 0xee, 0xd9, 0xee, 0x98, 0xe6, 0x77, 0xe6,
        0x56, 0xe6, 0x36, 0xe6, 0x98, 0xe6, 0x57, 0xe6, 0x36, 0xe6, 0x57, 0xe6,
        0x98, 0xe6, 0x57, 0xde, 0xd4, 0xdd, 0xb3, 0xd5, 0x36, 0xe6, 0xd4, 0xd5,
        0xd4, 0xdd, 0xf4, 0xdd, 0xd4, 0xd5, 0xd4, 0xd5, 0xd4, 0xdd, 0x36, 0xe6,
        0x36, 0xe6, 0x15, 0xde, 0x35, 0xde, 0x36, 0xe6, 0x57, 0xe6, 0x77, 0xe6,
        0x57, 0xde, 0x57, 0xe6, 0x78, 0xde, 0x98, 0xe6, 0x37, 0xde, 0x16, 0xd6,
        0xd4, 0xd5, 0x32, 0xc5, 0xae, 0xbc, 0x51, 0xcd, 0xd4, 0xd5, 0xd4, 0xd5,
        0x15, 0xde, 0x36, 0xe6, 0x57, 0xde, 0x77, 0xe6, 0x98, 0xe6, 0x98, 0xe6,
        0x98, 0xe6, 0xf5, 0xd5, 0xb3, 0xd5, 0x15, 0xde, 0x36, 0xe6, 0xd9, 0xee,
        0x5c, 0xf7, 0x00, 0x00, 0xff, 0xff, 0x00, 0x00, 0x00, 0x00, 0x00, 0x00,
        0x00, 0x00, 0x00, 0x00, 0x00, 0x00, 0x00, 0x00, 0x00, 0x00, 0x00, 0x00,
        0x00, 0x00, 0x00, 0x00, 0x00, 0x00, 0x00, 0x00, 0x00, 0x00, 0x00, 0x00,
        0x00, 0x00, 0x00, 0x00, 0x00, 0x00, 0x00, 0x00, 0x00, 0x00, 0x00, 0x00,
        0x00, 0x00, 0x00, 0x00, 0x00, 0x00, 0x00, 0x00, 0x00, 0x00, 0x00, 0x00,
        0x00, 0x00, 0x00, 0x00, 0x00, 0x00, 0x00, 0x00, 0x00, 0x00, 0x00, 0x00,
        0x00, 0x00, 0x00, 0x00, 0x00, 0x00, 0x00, 0x00, 0x00, 0x00, 0x00, 0x00,
        0x00, 0x00, 0x00, 0x00, 0x00, 0x00, 0x00, 0x00, 0x00, 0x00, 0x00, 0x00,
        0x00, 0x00, 0x00, 0x00, 0x00, 0x00, 0x00, 0x00, 0x00, 0x00, 0x00, 0x00,
        0x00, 0x00, 0x00, 0x00, 0x00, 0x00, 0x00, 0x00, 0x00, 0x00, 0x00, 0x00,
        0x00, 0x00, 0x00, 0x00, 0x00, 0x00, 0x00, 0x00, 0x00, 0x00, 0x00, 0x00,
        0x00, 0x00, 0x00, 0x00, 0x00, 0x00, 0x00, 0x00, 0x00, 0x00, 0x00, 0x00,
        0x00, 0x00, 0x00, 0x00, 0x00, 0x00, 0x00, 0x00, 0x00, 0x00, 0x00, 0x00,
        0x00, 0x00, 0x00, 0x00, 0x00, 0x00, 0x00, 0x00, 0x00, 0x00, 0x00, 0x00,
        0x00, 0x00, 0x00, 0x00, 0x00, 0x00, 0x00, 0x00, 0x00, 0x00, 0x00, 0x00,
        0x00, 0x00, 0x00, 0x00, 0x00, 0x00, 0x00, 0x00, 0x00, 0x00, 0x00, 0x00,
        0x00, 0x00, 0x00, 0x00, 0x00, 0x00, 0x00, 0x00, 0x00, 0x00, 0x00, 0x00,
        0x00, 0x00, 0x00, 0x00, 0x00, 0x00, 0x00, 0x00, 0xff, 0xff, 0x00, 0x00,
        0x5c, 0xf7, 0x98, 0xe6, 0xb4, 0xcd, 0xf0, 0xbc, 0xcf, 0xbc, 0x51, 0xcd,
        0xb3, 0xd5, 0x14, 0xde, 0x35, 0xde, 0x77, 0xe6, 0xd9, 0xee, 0xb8, 0xee,
        0xd9, 0xee, 0x97, 0xee, 0x77, 0xe6, 0x98, 0xe6, 0xd9, 0xee, 0xd9, 0xee,
        0xf9, 0xee, 0xb8, 0xe6, 0xb8, 0xe6, 0xd9, 0xee, 0xf9, 0xee, 0xf9, 0xee,
        0xb8, 0xe6, 0x77, 0xe6, 0x77, 0xe6, 0x35, 0xde, 0x97, 0xee, 0x97, 0xee,
        0x98, 0xe6, 0xf9, 0xee, 0x1a, 0xf7, 0x1a, 0xf7, 0xf9, 0xf6, 0xf9, 0xf6,
        0xb8, 0xf6, 0x97, 0xee, 0xb8, 0xee, 0xd9, 0xee, 0xfa, 0xee, 0xfa, 0xee,
        0xfa, 0xee, 0xb9, 0xee, 0xfa, 0xf6, 0xd9, 0xee, 0xd9, 0xee, 0xd9, 0xee,
        0xfa, 0xee, 0xfa, 0xf6, 0xf9, 0xf6, 0x1b, 0xf7, 0x1a, 0xf7, 0xb8, 0xee,
        0xb8, 0xee, 0x76, 0xee, 0x35, 0xe6, 0xd2, 0xe5, 0xee, 0xcc, 0x0f, 0xcd,
        0x30, 0xcd, 0x77, 0xe6, 0xf9, 0xee, 0xd9, 0xee, 0xb8, 0xee, 0xb8, 0xee,
        0x97, 0xee, 0x97, 0xee, 0xd9, 0xee, 0xd8, 0xf6, 0xd8, 0xf6, 0x97, 0xee,
        0x35, 0xe6, 0x35, 0xe6, 0x14, 0xe6, 0xd2, 0xe5, 0x97, 0xee, 0x97, 0xee,
        0x97, 0xee, 0xb8, 0xee, 0xd9, 0xee, 0xd9, 0xee, 0xd9, 0xee, 0x77, 0xe6,
        0x15, 0xe6, 0x15, 0xe6, 0x35, 0xe6, 0x36, 0xe6, 0x15, 0xe6, 0x35, 0xde,
        0x36, 0xe6, 0x57, 0xe6, 0x77, 0xe6, 0x98, 0xe6, 0x98, 0xe6, 0x37, 0xde,
        0x35, 0xde, 0x92, 0xd5, 0x92, 0xd5, 0xb3, 0xd5, 0xf4, 0xdd, 0x36, 0xe6,
        0x35, 0xde, 0x35, 0xde, 0x36, 0xe6, 0x36, 0xe6, 0x57, 0xde, 0x57, 0xde,
        0x57, 0xde, 0x16, 0xd6, 0xf5, 0xd5, 0x93, 0xcd, 0xcf, 0xbc, 0x8e, 0xb4,
        0x10, 0xc5, 0xd4, 0xd5, 0x37, 0xde, 0x15, 0xde, 0x16, 0xd6, 0x37, 0xde,
        0x15, 0xde, 0x15, 0xde, 0x57, 0xde, 0x98, 0xe6, 0x37, 0xde, 0x37, 0xde,
        0x37, 0xde, 0xd4, 0xd5, 0xd4, 0xd5, 0xb3, 0xd5, 0xb3, 0xd5, 0x57, 0xe6,
        0x1b, 0xf7, 0x00, 0x00, 0xff, 0xff, 0x00, 0x00, 0x00, 0x00, 0x00, 0x00,
        0x00, 0x00, 0x00, 0x00, 0x00, 0x00, 0x00, 0x00, 0x00, 0x00, 0x00, 0x00,
        0x00, 0x00, 0x00, 0x00, 0x00, 0x00, 0x00, 0x00, 0x00, 0x00, 0x00, 0x00,
        0x00, 0x00, 0x00, 0x00, 0x00, 0x00, 0x00, 0x00, 0x00, 0x00, 0x00, 0x00,
        0x00, 0x00, 0x00, 0x00, 0x00, 0x00, 0x00, 0x00, 0x00, 0x00, 0x00, 0x00,
        0x00, 0x00, 0x00, 0x00, 0x00, 0x00, 0x00, 0x00, 0x00, 0x00, 0x00, 0x00,
        0x00, 0x00, 0x00, 0x00, 0x00, 0x00, 0x00, 0x00, 0x00, 0x00, 0x00, 0x00,
        0x00, 0x00, 0x00, 0x00, 0x00, 0x00, 0x00, 0x00, 0x00, 0x00, 0x00, 0x00,
        0x00, 0x00, 0x00, 0x00, 0x00, 0x00, 0x00, 0x00, 0x00, 0x00, 0x00, 0x00,
        0x00, 0x00, 0x00, 0x00, 0x00, 0x00, 0x00, 0x00, 0x00, 0x00, 0x00, 0x00,
        0x00, 0x00, 0x00, 0x00, 0x00, 0x00, 0x00, 0x00, 0x00, 0x00, 0x00, 0x00,
        0x00, 0x00, 0x00, 0x00, 0x00, 0x00, 0x00, 0x00, 0x00, 0x00, 0x00, 0x00,
        0x00, 0x00, 0x00, 0x00, 0x00, 0x00, 0x00, 0x00, 0x00, 0x00, 0x00, 0x00,
        0x00, 0x00, 0x00, 0x00, 0x00, 0x00, 0x00, 0x00, 0x00, 0x00, 0x00, 0x00,
        0x00, 0x00, 0x00, 0x00, 0x00, 0x00, 0x00, 0x00, 0x00, 0x00, 0x00, 0x00,
        0x00, 0x00, 0x00, 0x00, 0x00, 0x00, 0x00, 0x00, 0x00, 0x00, 0x00, 0x00,
        0x00, 0x00, 0x00, 0x00, 0x00, 0x00, 0x00, 0x00, 0x00, 0x00, 0x00, 0x00,
        0x00, 0x00, 0x00, 0x00, 0x00, 0x00, 0xff, 0xff, 0xff, 0xff, 0x5c, 0xf7,
        0xd9, 0xee, 0x37, 0xde, 0x93, 0xcd, 0xb4, 0xcd, 0xb3, 0xd5, 0x72, 0xcd,
        0x92, 0xd5, 0xf4, 0xdd, 0x35, 0xde, 0x77, 0xe6, 0x98, 0xe6, 0x77, 0xe6,
        0x98, 0xe6, 0x77, 0xe6, 0xf4, 0xdd, 0x15, 0xde, 0xb8, 0xe6, 0xd9, 0xee,
        0xd9, 0xee, 0xf9, 0xee, 0xf9, 0xee, 0xd9, 0xee, 0xb8, 0xe6, 0xb8, 0xee,
        0xd9, 0xee, 0xb8, 0xe6, 0xd9, 0xee, 0xd9, 0xee, 0xb8, 0xee, 0xd9, 0xee,
        0x76, 0xee, 0x97, 0xee, 0x1a, 0xf7, 0xfa, 0xf6, 0xfa, 0xf6, 0xd8, 0xf6,
        0xb7, 0xf6, 0x56, 0xe6, 0x97, 0xee, 0x76, 0xee, 0x76, 0xee, 0xfa, 0xee,
        0xd9, 0xee, 0xd9, 0xee, 0xfa, 0xee, 0xd9, 0xee, 0xb8, 0xee, 0x98, 0xe6,
        0x98, 0xe6, 0x77, 0xe6, 0xd8, 0xee, 0x1b, 0xf7, 0xf9, 0xee, 0x97, 0xee,
        0x98, 0xe6, 0xb8, 0xee, 0x97, 0xee, 0x35, 0xe6, 0x15, 0xe6, 0xd3, 0xdd,
        0x71, 0xd5, 0x91, 0xd5, 0x15, 0xe6, 0xd3, 0xdd, 0x91, 0xd5, 0x15, 0xe6,
        0x98, 0xe6, 0xb8, 0xee, 0xd9, 0xee, 0xd9, 0xee, 0xf9, 0xee, 0xb8, 0xee,
        0x98, 0xe6, 0xd9, 0xee, 0xd3, 0xdd, 0xd2, 0xe5, 0xd8, 0xf6, 0xf9, 0xee,
        0xd9, 0xee, 0xd9, 0xee, 0x97, 0xee, 0xf9, 0xee, 0xd9, 0xee, 0x98, 0xe6,
        0x15, 0xe6, 0x14, 0xde, 0xd3, 0xdd, 0x15, 0xe6, 0x77, 0xe6, 0x77, 0xe6,
        0x57, 0xe6, 0x36, 0xe6, 0x77, 0xe6, 0x98, 0xe6, 0x99, 0xe6, 0x36, 0xe6,
        0x15, 0xde, 0x15, 0xde, 0x15, 0xde, 0x35, 0xde, 0x35, 0xde, 0x35, 0xde,
        0x36, 0xe6, 0x57, 0xe6, 0x57, 0xe6, 0x57, 0xde, 0x57, 0xde, 0x15, 0xde,
        0x93, 0xcd, 0x10, 0xc5, 0xf0, 0xbc, 0x32, 0xc5, 0xef, 0xc4, 0xef, 0xc4,
        0x10, 0xc5, 0x51, 0xcd, 0x92, 0xd5, 0x15, 0xde, 0xd4, 0xd5, 0x15, 0xde,
        0x35, 0xde, 0x37, 0xde, 0x37, 0xde, 0x16, 0xd6, 0xf5, 0xd5, 0xd4, 0xd5,
        0x93, 0xcd, 0x93, 0xcd, 0x92, 0xd5, 0x10, 0xc5, 0x51, 0xcd, 0x76, 0xee,
        0x1b, 0xf7, 0xff, 0xff, 0xff, 0xff, 0x00, 0x00, 0x00, 0x00, 0x00, 0x00,
        0x00, 0x00, 0x00, 0x00, 0x00, 0x00, 0x00, 0x00, 0x00, 0x00, 0x00, 0x00,
        0x00, 0x00, 0x00, 0x00, 0x00, 0x00, 0x00, 0x00, 0x00, 0x00, 0x00, 0x00,
        0x00, 0x00, 0x00, 0x00, 0x00, 0x00, 0x00, 0x00, 0x00, 0x00, 0x00, 0x00,
        0x00, 0x00, 0x00, 0x00, 0x00, 0x00, 0x00, 0x00, 0x00, 0x00, 0x00, 0x00,
        0x00, 0x00, 0x00, 0x00, 0x00, 0x00, 0x00, 0x00, 0x00, 0x00, 0x00, 0x00,
        0x00, 0x00, 0x00, 0x00, 0x00, 0x00, 0x00, 0x00, 0x00, 0x00, 0x00, 0x00,
        0x00, 0x00, 0x00, 0x00, 0x00, 0x00, 0x00, 0x00, 0x00, 0x00, 0x00, 0x00,
        0x00, 0x00, 0x00, 0x00, 0x00, 0x00, 0x00, 0x00, 0x00, 0x00, 0x00, 0x00,
        0x00, 0x00, 0x00, 0x00, 0x00, 0x00, 0x00, 0x00, 0x00, 0x00, 0x00, 0x00,
        0x00, 0x00, 0x00, 0x00, 0x00, 0x00, 0x00, 0x00, 0x00, 0x00, 0x00, 0x00,
        0x00, 0x00, 0x00, 0x00, 0x00, 0x00, 0x00, 0x00, 0x00, 0x00, 0x00, 0x00,
        0x00, 0x00, 0x00, 0x00, 0x00, 0x00, 0x00, 0x00, 0x00, 0x00, 0x00, 0x00,
        0x00, 0x00, 0x00, 0x00, 0x00, 0x00, 0x00, 0x00, 0x00, 0x00, 0x00, 0x00,
        0x00, 0x00, 0x00, 0x00, 0x00, 0x00, 0x00, 0x00, 0x00, 0x00, 0x00, 0x00,
        0x00, 0x00, 0x00, 0x00, 0x00, 0x00, 0x00, 0x00, 0x00, 0x00, 0x00, 0x00,
        0x00, 0x00, 0x00, 0x00, 0x00, 0x00, 0x00, 0x00, 0x00, 0x00, 0x00, 0x00,
        0x00, 0x00, 0x00, 0x00, 0xff, 0xff, 0xff, 0xff, 0xff, 0xff, 0xfa, 0xee,
        0xd9, 0xe6, 0xb4, 0xcd, 0x53, 0xc5, 0x72, 0xcd, 0xf0, 0xbc, 0x51, 0xcd,
        0x92, 0xd5, 0xd4, 0xdd, 0x15, 0xe6, 0x77, 0xe6, 0x98, 0xe6, 0x98, 0xe6,
        0x77, 0xe6, 0x15, 0xe6, 0xf4, 0xdd, 0x57, 0xe6, 0x98, 0xe6, 0x98, 0xe6,
        0xd9, 0xee, 0xf9, 0xee, 0xd9, 0xee, 0x98, 0xe6, 0x98, 0xe6, 0x98, 0xe6,
        0xb8, 0xee, 0x98, 0xe6, 0x77, 0xe6, 0x77, 0xe6, 0x77, 0xe6, 0x97, 0xee,
        0xd9, 0xee, 0xf9, 0xf6, 0x1a, 0xf7, 0xd8, 0xee, 0xd8, 0xee, 0xd9, 0xee,
        0xd8, 0xee, 0x76, 0xee, 0xb2, 0xdd, 0xd2, 0xe5, 0x14, 0xe6, 0x36, 0xe6,
        0x77, 0xe6, 0x76, 0xee, 0xb2, 0xdd, 0xd3, 0xdd, 0x56, 0xe6, 0x14, 0xde,
        0x91, 0xd5, 0xb2, 0xd5, 0x50, 0xcd, 0x15, 0xe6, 0xf4, 0xdd, 0x30, 0xcd,
        0xd4, 0xdd, 0x98, 0xe6, 0x98, 0xe6, 0x98, 0xe6, 0x98, 0xe6, 0x97, 0xee,
        0xb2, 0xd5, 0x91, 0xd5, 0x15, 0xe6, 0x70, 0xd5, 0xac, 0xc4, 0x70, 0xd5,
        0x36, 0xe6, 0xb8, 0xee, 0xd9, 0xee, 0xd9, 0xee, 0x1a, 0xf7, 0xf9, 0xee,
        0xf9, 0xee, 0xf9, 0xee, 0x76, 0xee, 0xf3, 0xe5, 0xb8, 0xf6, 0x1a, 0xf7,
        0xd9, 0xee, 0xf9, 0xee, 0xb8, 0xee, 0x1a, 0xf7, 0xd9, 0xee, 0xd9, 0xee,
        0x57, 0xe6, 0x34, 0xe6, 0x14, 0xe6, 0xd3, 0xdd, 0x77, 0xe6, 0x98, 0xe6,
        0x98, 0xe6, 0x36, 0xe6, 0x98, 0xe6, 0x98, 0xe6, 0x37, 0xde, 0x16, 0xd6,
        0xd4, 0xd5, 0x36, 0xe6, 0x57, 0xe6, 0x57, 0xe6, 0x57, 0xde, 0x57, 0xe6,
        0x57, 0xe6, 0x57, 0xde, 0x57, 0xde, 0x57, 0xde, 0xb3, 0xd5, 0xef, 0xc4,
        0xce, 0xc4, 0xef, 0xc4, 0x72, 0xcd, 0x92, 0xd5, 0xb3, 0xd5, 0x15, 0xde,
        0x35, 0xde, 0x35, 0xde, 0x35, 0xde, 0x57, 0xe6, 0x37, 0xde, 0x57, 0xde,
        0x77, 0xe6, 0x78, 0xde, 0x57, 0xe6, 0x15, 0xde, 0x92, 0xd5, 0x72, 0xcd,
        0x92, 0xd5, 0x32, 0xc5, 0x92, 0xd5, 0xb3, 0xd5, 0xd4, 0xdd, 0x76, 0xee,
        0x1b, 0xf7, 0xff, 0xff, 0xff, 0xff, 0x00, 0x00, 0x00, 0x00, 0x00, 0x00,
        0x00, 0x00, 0x00, 0x00, 0x00, 0x00, 0x00, 0x00, 0x00, 0x00, 0x00, 0x00,
        0x00, 0x00, 0x00, 0x00, 0x00, 0x00, 0x00, 0x00, 0x00, 0x00, 0x00, 0x00,
        0x00, 0x00, 0x00, 0x00, 0x00, 0x00, 0x00, 0x00, 0x00, 0x00, 0x00, 0x00,
        0x00, 0x00, 0x00, 0x00, 0x00, 0x00, 0x00, 0x00, 0x00, 0x00, 0x00, 0x00,
        0x00, 0x00, 0x00, 0x00, 0x00, 0x00, 0x00, 0x00, 0x00, 0x00, 0x00, 0x00,
        0x00, 0x00, 0x00, 0x00, 0x00, 0x00, 0x00, 0x00, 0x00, 0x00, 0x00, 0x00,
        0x00, 0x00, 0x00, 0x00, 0x00, 0x00, 0x00, 0x00, 0x00, 0x00, 0x00, 0x00,
        0x00, 0x00, 0x00, 0x00, 0x00, 0x00, 0x00, 0x00, 0x00, 0x00, 0x00, 0x00,
        0x00, 0x00, 0x00, 0x00, 0x00, 0x00, 0x00, 0x00, 0x00, 0x00, 0x00, 0x00,
        0x00, 0x00, 0x00, 0x00, 0x00, 0x00, 0x00, 0x00, 0x00, 0x00, 0x00, 0x00,
        0x00, 0x00, 0x00, 0x00, 0x00, 0x00, 0x00, 0x00, 0x00, 0x00, 0x00, 0x00,
        0x00, 0x00, 0x00, 0x00, 0x00, 0x00, 0x00, 0x00, 0x00, 0x00, 0x00, 0x00,
        0x00, 0x00, 0x00, 0x00, 0x00, 0x00, 0x00, 0x00, 0x00, 0x00, 0x00, 0x00,
        0x00, 0x00, 0x00, 0x00, 0x00, 0x00, 0x00, 0x00, 0x00, 0x00, 0x00, 0x00,
        0x00, 0x00, 0x00, 0x00, 0x00, 0x00, 0x00, 0x00, 0x00, 0x00, 0x00, 0x00,
        0x00, 0x00, 0x00, 0x00, 0x00, 0x00, 0x00, 0x00, 0x00, 0x00, 0x00, 0x00,
        0x00, 0x00, 0x00, 0x00, 0x00, 0x00, 0xff, 0xff, 0x7d, 0xf7, 0xd9, 0xee,
        0x38, 0xd6, 0xb0, 0xb4, 0xb0, 0xb4, 0x8e, 0xb4, 0xae, 0xbc, 0x10, 0xc5,
        0xb3, 0xd5, 0x35, 0xde, 0x35, 0xde, 0xd4, 0xdd, 0x15, 0xe6, 0x35, 0xde,
        0x36, 0xe6, 0x77, 0xe6, 0x57, 0xe6, 0x36, 0xe6, 0x36, 0xe6, 0x77, 0xe6,
        0xd9, 0xee, 0x98, 0xe6, 0x77, 0xe6, 0x36, 0xe6, 0x77, 0xe6, 0x77, 0xe6,
        0x77, 0xe6, 0x77, 0xe6, 0x77, 0xe6, 0x97, 0xee, 0x97, 0xee, 0xb8, 0xee,
        0x98, 0xe6, 0xd9, 0xee, 0xf9, 0xf6, 0xfa, 0xf6, 0xfa, 0xee, 0x5b, 0xf7,
        0xd8, 0xee, 0x96, 0xee, 0x35, 0xe6, 0xd2, 0xe5, 0x4f, 0xdd, 0xb2, 0xdd,
        0xd2, 0xe5, 0x70, 0xd5, 0x6b, 0xc4, 0x4b, 0xbc, 0x0f, 0xcd, 0xee, 0xcc,
        0x8c, 0xc4, 0xce, 0xc4, 0xcd, 0xcc, 0xd3, 0xdd, 0x70, 0xd5, 0x0f, 0xcd,
        0x71, 0xd5, 0xb2, 0xd5, 0x35, 0xde, 0x77, 0xe6, 0x77, 0xe6, 0x97, 0xee,
        0x35, 0xe6, 0x14, 0xe6, 0x15, 0xe6, 0x70, 0xd5, 0xee, 0xcc, 0x91, 0xd5,
        0x15, 0xe6, 0xb8, 0xee, 0xd9, 0xee, 0xd9, 0xee, 0xf9, 0xee, 0x1a, 0xf7,
        0x1b, 0xf7, 0x1b, 0xf7, 0xd9, 0xee, 0x97, 0xee, 0xb8, 0xee, 0xf9, 0xee,
        0x76, 0xee, 0xb8, 0xee, 0xb8, 0xee, 0xb8, 0xee, 0xf9, 0xee, 0xd8, 0xee,
        0x98, 0xe6, 0x56, 0xe6, 0x35, 0xe6, 0x77, 0xe6, 0x77, 0xe6, 0x35, 0xde,
        0xf4, 0xdd, 0x57, 0xe6, 0x98, 0xe6, 0xb9, 0xee, 0x35, 0xde, 0x57, 0xe6,
        0xd4, 0xdd, 0x35, 0xde, 0x57, 0xe6, 0x57, 0xe6, 0x57, 0xe6, 0x57, 0xde,
        0x98, 0xe6, 0x98, 0xe6, 0x57, 0xde, 0x15, 0xde, 0xb3, 0xd5, 0x51, 0xcd,
        0x71, 0xd5, 0xd4, 0xdd, 0x35, 0xde, 0x57, 0xe6, 0x57, 0xe6, 0x57, 0xde,
        0x98, 0xe6, 0x78, 0xde, 0x98, 0xe6, 0x98, 0xe6, 0xb9, 0xee, 0xd9, 0xee,
        0xd9, 0xee, 0x98, 0xe6, 0x16, 0xd6, 0xb4, 0xcd, 0x53, 0xc5, 0x51, 0xcd,
        0xcf, 0xbc, 0x8e, 0xb4, 0x51, 0xcd, 0xd4, 0xd5, 0x77, 0xe6, 0x1a, 0xef,
        0xbf, 0xff, 0x00, 0x00, 0xff, 0xff, 0x00, 0x00, 0x00, 0x00, 0x00, 0x00,
        0x00, 0x00, 0x00, 0x00, 0x00, 0x00, 0x00, 0x00, 0x00, 0x00, 0x00, 0x00,
        0x00, 0x00, 0x00, 0x00, 0x00, 0x00, 0x00, 0x00, 0x00, 0x00, 0x00, 0x00,
        0x00, 0x00, 0x00, 0x00, 0x00, 0x00, 0x00, 0x00, 0x00, 0x00, 0x00, 0x00,
        0x00, 0x00, 0x00, 0x00, 0x00, 0x00, 0x00, 0x00, 0x00, 0x00, 0x00, 0x00,
        0x00, 0x00, 0x00, 0x00, 0x00, 0x00, 0x00, 0x00, 0x00, 0x00, 0x00, 0x00,
        0x00, 0x00, 0x00, 0x00, 0x00, 0x00, 0x00, 0x00, 0x00, 0x00, 0x00, 0x00,
        0x00, 0x00, 0x00, 0x00, 0x00, 0x00, 0x00, 0x00, 0x00, 0x00, 0x00, 0x00,
        0x00, 0x00, 0x00, 0x00, 0x00, 0x00, 0x00, 0x00, 0x00, 0x00, 0x00, 0x00,
        0x00, 0x00, 0x00, 0x00, 0x00, 0x00, 0x00, 0x00, 0x00, 0x00, 0x00, 0x00,
        0x00, 0x00, 0x00, 0x00, 0x00, 0x00, 0x00, 0x00, 0x00, 0x00, 0x00, 0x00,
        0x00, 0x00, 0x00, 0x00, 0x00, 0x00, 0x00, 0x00, 0x00, 0x00, 0x00, 0x00,
        0x00, 0x00, 0x00, 0x00, 0x00, 0x00, 0x00, 0x00, 0x00, 0x00, 0x00, 0x00,
        0x00, 0x00, 0x00, 0x00, 0x00, 0x00, 0x00, 0x00, 0x00, 0x00, 0x00, 0x00,
        0x00, 0x00, 0x00, 0x00, 0x00, 0x00, 0x00, 0x00, 0x00, 0x00, 0x00, 0x00,
        0x00, 0x00, 0x00, 0x00, 0x00, 0x00, 0x00, 0x00, 0x00, 0x00, 0x00, 0x00,
        0x00, 0x00, 0x00, 0x00, 0x00, 0x00, 0x00, 0x00, 0x00, 0x00, 0x00, 0x00,
        0x00, 0x00, 0x00, 0x00, 0xff, 0xff, 0x00, 0x00, 0x5c, 0xf7, 0x99, 0xe6,
        0x32, 0xc5, 0x6f, 0xac, 0xec, 0xa3, 0x6a, 0x9b, 0x4d, 0xac, 0xcf, 0xbc,
        0x10, 0xc5, 0x92, 0xd5, 0xd4, 0xdd, 0xf4, 0xdd, 0x14, 0xde, 0x35, 0xde,
        0x36, 0xe6, 0x15, 0xe6, 0xf4, 0xdd, 0x15, 0xde, 0x36, 0xe6, 0x98, 0xe6,
        0x98, 0xe6, 0x77, 0xe6, 0x77, 0xe6, 0x77, 0xe6, 0x77, 0xe6, 0x36, 0xe6,
        0x35, 0xde, 0x77, 0xe6, 0x36, 0xe6, 0x36, 0xe6, 0x36, 0xe6, 0x14, 0xde,
        0x14, 0xde, 0x97, 0xee, 0xf9, 0xf6, 0xfa, 0xf6, 0xfa, 0xf6, 0xf9, 0xf6,
        0xf9, 0xf6, 0xf9, 0xf6, 0xd8, 0xf6, 0xb7, 0xf6, 0xb7, 0xf6, 0x96, 0xee,
        0x35, 0xe6, 0x70, 0xdd, 0x2e, 0xd5, 0x2f, 0xd5, 0x2e, 0xd5, 0xcd, 0xcc,
        0x2f, 0xd5, 0x91, 0xd5, 0x15, 0xe6, 0x35, 0xe6, 0x15, 0xe6, 0x35, 0xe6,
        0xf4, 0xdd, 0xd4, 0xdd, 0x15, 0xe6, 0x77, 0xe6, 0x77, 0xe6, 0x98, 0xe6,
        0x97, 0xee, 0x15, 0xe6, 0x14, 0xe6, 0x91, 0xd5, 0x70, 0xd5, 0xd3, 0xdd,
        0x77, 0xe6, 0x98, 0xe6, 0xd9, 0xee, 0x1a, 0xf7, 0xf9, 0xee, 0xf9, 0xee,
        0xf9, 0xee, 0x1a, 0xf7, 0xf9, 0xee, 0xd9, 0xee, 0xd9, 0xee, 0xf9, 0xee,
        0xb8, 0xee, 0xd9, 0xee, 0x97, 0xee, 0x97, 0xee, 0xb8, 0xe6, 0xd9, 0xee,
        0x98, 0xe6, 0x77, 0xe6, 0x57, 0xe6, 0x36, 0xe6, 0x77, 0xe6, 0x57, 0xe6,
        0x14, 0xde, 0x36, 0xe6, 0x98, 0xe6, 0x99, 0xe6, 0x98, 0xe6, 0x36, 0xe6,
        0x36, 0xe6, 0x35, 0xde, 0x77, 0xe6, 0x36, 0xe6, 0x77, 0xe6, 0x77, 0xe6,
        0x98, 0xe6, 0x98, 0xe6, 0x57, 0xe6, 0x15, 0xde, 0x35, 0xde, 0x57, 0xe6,
        0x57, 0xe6, 0x36, 0xe6, 0x78, 0xde, 0x98, 0xe6, 0x57, 0xde, 0x98, 0xe6,
        0x78, 0xde, 0x78, 0xde, 0xd9, 0xee, 0xd9, 0xee, 0xd9, 0xee, 0x38, 0xd6,
        0x16, 0xd6, 0x38, 0xd6, 0xb4, 0xcd, 0x53, 0xc5, 0xf0, 0xbc, 0x32, 0xc5,
        0x92, 0xd5, 0x10, 0xc5, 0x30, 0xcd, 0xd4, 0xdd, 0x98, 0xe6, 0xfa, 0xee,
        0x5c, 0xf7, 0xff, 0xff, 0x00, 0x00, 0x00, 0x00, 0x00, 0x00, 0x00, 0x00,
        0x00, 0x00, 0x00, 0x00, 0x00, 0x00, 0x00, 0x00, 0x00, 0x00, 0x00, 0x00,
        0x00, 0x00, 0x00, 0x00, 0x00, 0x00, 0x00, 0x00, 0x00, 0x00, 0x00, 0x00,
        0x00, 0x00, 0x00, 0x00, 0x00, 0x00, 0x00, 0x00, 0x00, 0x00, 0x00, 0x00,
        0x00, 0x00, 0x00, 0x00, 0x00, 0x00, 0x00, 0x00, 0x00, 0x00, 0x00, 0x00,
        0x00, 0x00, 0x00, 0x00, 0x00, 0x00, 0x00, 0x00, 0x00, 0x00, 0x00, 0x00,
        0x00, 0x00, 0x00, 0x00, 0x00, 0x00, 0x00, 0x00, 0x00, 0x00, 0x00, 0x00,
        0x00, 0x00, 0x00, 0x00, 0x00, 0x00, 0x00, 0x00, 0x00, 0x00, 0x00, 0x00,
        0x00, 0x00, 0x00, 0x00, 0x00, 0x00, 0x00, 0x00, 0x00, 0x00, 0x00, 0x00,
        0x00, 0x00, 0x00, 0x00, 0x00, 0x00, 0x00, 0x00, 0x00, 0x00, 0x00, 0x00,
        0x00, 0x00, 0x00, 0x00, 0x00, 0x00, 0x00, 0x00, 0x00, 0x00, 0x00, 0x00,
        0x00, 0x00, 0x00, 0x00, 0x00, 0x00, 0x00, 0x00, 0x00, 0x00, 0x00, 0x00,
        0x00, 0x00, 0x00, 0x00, 0x00, 0x00, 0x00, 0x00, 0x00, 0x00, 0x00, 0x00,
        0x00, 0x00, 0x00, 0x00, 0x00, 0x00, 0x00, 0x00, 0x00, 0x00, 0x00, 0x00,
        0x00, 0x00, 0x00, 0x00, 0x00, 0x00, 0x00, 0x00, 0x00, 0x00, 0x00, 0x00,
        0x00, 0x00, 0x00, 0x00, 0x00, 0x00, 0x00, 0x00, 0x00, 0x00, 0x00, 0x00,
        0x00, 0x00, 0x00, 0x00, 0x00, 0x00, 0x00, 0x00, 0x00, 0x00, 0x00, 0x00,
        0xff, 0xff, 0xff, 0xff, 0x00, 0x00, 0x5c, 0xf7, 0xd9, 0xee, 0x93, 0xcd,
        0xb0, 0xb4, 0x4d, 0xac, 0xec, 0xa3, 0x8e, 0xb4, 0x4d, 0xac, 0x4d, 0xac,
        0xcf, 0xbc, 0xf4, 0xdd, 0x77, 0xe6, 0xb8, 0xee, 0xd9, 0xee, 0x77, 0xe6,
        0x77, 0xe6, 0x36, 0xe6, 0x36, 0xe6, 0xb8, 0xe6, 0x77, 0xe6, 0x77, 0xe6,
        0xb8, 0xee, 0x98, 0xe6, 0x77, 0xe6, 0xd9, 0xee, 0xb8, 0xee, 0x77, 0xe6,
        0xf4, 0xdd, 0x35, 0xde, 0x15, 0xde, 0xd4, 0xdd, 0xb2, 0xd5, 0xf4, 0xdd,
        0xf4, 0xdd, 0x15, 0xe6, 0xb8, 0xee, 0xd8, 0xee, 0xd8, 0xee, 0xfa, 0xf6,
        0x5b, 0xf7, 0x5b, 0xf7, 0xfa, 0xee, 0xfa, 0xee, 0x5b, 0xf7, 0xfa, 0xf6,
        0xfa, 0xf6, 0x97, 0xee, 0x56, 0xe6, 0x35, 0xe6, 0xd3, 0xdd, 0xd3, 0xdd,
        0x35, 0xe6, 0x97, 0xee, 0x97, 0xee, 0x98, 0xe6, 0xb8, 0xee, 0x98, 0xe6,
        0x56, 0xe6, 0xd4, 0xdd, 0x15, 0xde, 0x98, 0xe6, 0xb8, 0xee, 0x97, 0xee,
        0xb8, 0xee, 0x97, 0xee, 0x97, 0xee, 0xd3, 0xdd, 0xf4, 0xdd, 0x97, 0xee,
        0x97, 0xee, 0x77, 0xe6, 0xf9, 0xee, 0x1a, 0xf7, 0xf9, 0xee, 0xd9, 0xee,
        0xd9, 0xee, 0x1a, 0xf7, 0xf9, 0xee, 0xd9, 0xee, 0xf9, 0xee, 0x1a, 0xf7,
        0x1a, 0xf7, 0xf9, 0xee, 0xb8, 0xee, 0x97, 0xee, 0x97, 0xee, 0xb8, 0xe6,
        0xd9, 0xee, 0x98, 0xe6, 0x36, 0xe6, 0xf4, 0xdd, 0xf4, 0xdd, 0x98, 0xe6,
        0x98, 0xe6, 0x77, 0xe6, 0x98, 0xe6, 0xd9, 0xee, 0x98, 0xe6, 0x98, 0xe6,
        0x35, 0xde, 0x57, 0xe6, 0x77, 0xe6, 0x57, 0xe6, 0x77, 0xe6, 0x98, 0xe6,
        0x77, 0xe6, 0x77, 0xe6, 0x36, 0xe6, 0x77, 0xe6, 0x57, 0xe6, 0x57, 0xde,
        0x57, 0xde, 0x57, 0xe6, 0x36, 0xe6, 0x57, 0xe6, 0x57, 0xe6, 0x78, 0xde,
        0x98, 0xe6, 0xd9, 0xe6, 0x78, 0xde, 0x93, 0xcd, 0x32, 0xc5, 0xf0, 0xbc,
        0x6f, 0xac, 0xcc, 0x93, 0x8b, 0x93, 0xcb, 0x9b, 0x6d, 0xb4, 0x8d, 0xbc,
        0xef, 0xc4, 0x71, 0xd5, 0xd3, 0xdd, 0x56, 0xe6, 0xb9, 0xee, 0xfa, 0xee,
        0x1b, 0xf7, 0xff, 0xff, 0x00, 0x00, 0xff, 0xff, 0x00, 0x00, 0x00, 0x00,
        0x00, 0x00, 0x00, 0x00, 0x00, 0x00, 0x00, 0x00, 0x00, 0x00, 0x00, 0x00,
        0x00, 0x00, 0x00, 0x00, 0x00, 0x00, 0x00, 0x00, 0x00, 0x00, 0x00, 0x00,
        0x00, 0x00, 0x00, 0x00, 0x00, 0x00, 0x00, 0x00, 0x00, 0x00, 0x00, 0x00,
        0x00, 0x00, 0x00, 0x00, 0x00, 0x00, 0x00, 0x00, 0x00, 0x00, 0x00, 0x00,
        0x00, 0x00, 0x00, 0x00, 0x00, 0x00, 0x00, 0x00, 0x00, 0x00, 0x00, 0x00,
        0x00, 0x00, 0x00, 0x00, 0x00, 0x00, 0x00, 0x00, 0x00, 0x00, 0x00, 0x00,
        0x00, 0x00, 0x00, 0x00, 0x00, 0x00, 0x00, 0x00, 0x00, 0x00, 0x00, 0x00,
        0x00, 0x00, 0x00, 0x00, 0x00, 0x00, 0x00, 0x00, 0x00, 0x00, 0x00, 0x00,
        0x00, 0x00, 0x00, 0x00, 0x00, 0x00, 0x00, 0x00, 0x00, 0x00, 0x00, 0x00,
        0x00, 0x00, 0x00, 0x00, 0x00, 0x00, 0x00, 0x00, 0x00, 0x00, 0x00, 0x00,
        0x00, 0x00, 0x00, 0x00, 0x00, 0x00, 0x00, 0x00, 0x00, 0x00, 0x00, 0x00,
        0x00, 0x00, 0x00, 0x00, 0x00, 0x00, 0x00, 0x00, 0x00, 0x00, 0x00, 0x00,
        0x00, 0x00, 0x00, 0x00, 0x00, 0x00, 0x00, 0x00, 0x00, 0x00, 0x00, 0x00,
        0x00, 0x00, 0x00, 0x00, 0x00, 0x00, 0x00, 0x00, 0x00, 0x00, 0x00, 0x00,
        0x00, 0x00, 0x00, 0x00, 0x00, 0x00, 0x00, 0x00, 0x00, 0x00, 0x00, 0x00,
        0x00, 0x00, 0x00, 0x00, 0x00, 0x00, 0x00, 0x00, 0x00, 0x00, 0xff, 0xff,
        0xff, 0xff, 0x00, 0x00, 0x5c, 0xf7, 0x99, 0xe6, 0xb4, 0xcd, 0x2e, 0xa4,
        0xec, 0xa3, 0x4d, 0xac, 0xf0, 0xbc, 0x10, 0xc5, 0xf0, 0xbc, 0x72, 0xcd,
        0xd4, 0xd5, 0x35, 0xde, 0x57, 0xe6, 0x98, 0xe6, 0xd9, 0xee, 0xb8, 0xe6,
        0x98, 0xe6, 0x77, 0xe6, 0x98, 0xe6, 0x77, 0xe6, 0xd9, 0xee, 0xd9, 0xee,
        0xb8, 0xe6, 0x77, 0xe6, 0x98, 0xe6, 0x98, 0xe6, 0x36, 0xe6, 0x15, 0xe6,
        0xf4, 0xdd, 0x51, 0xcd, 0x51, 0xcd, 0x92, 0xd5, 0x92, 0xd5, 0x72, 0xcd,
        0xd4, 0xdd, 0x77, 0xe6, 0xb8, 0xe6, 0x57, 0xe6, 0x36, 0xe6, 0xf4, 0xdd,
        0x11, 0xc5, 0x4f, 0xa4, 0x11, 0xc5, 0x53, 0xc5, 0x72, 0xcd, 0x57, 0xde,
        0x16, 0xd6, 0x98, 0xe6, 0x98, 0xe6, 0x98, 0xe6, 0x98, 0xe6, 0x98, 0xe6,
        0xd9, 0xee, 0xd8, 0xee, 0xf9, 0xf6, 0xf9, 0xee, 0xf9, 0xee, 0xd9, 0xee,
        0x77, 0xe6, 0x14, 0xde, 0xf4, 0xdd, 0xf4, 0xdd, 0x98, 0xe6, 0xb8, 0xe6,
        0xb8, 0xee, 0x97, 0xee, 0x56, 0xe6, 0xd3, 0xdd, 0x56, 0xe6, 0x56, 0xe6,
        0x97, 0xee, 0x98, 0xe6, 0xd9, 0xee, 0x1a, 0xf7, 0x1b, 0xf7, 0xd9, 0xee,
        0xf9, 0xee, 0x1a, 0xf7, 0xd9, 0xee, 0xd9, 0xee, 0xd8, 0xf6, 0xf9, 0xee,
        0xf9, 0xee, 0x77, 0xe6, 0x77, 0xe6, 0x56, 0xe6, 0x97, 0xee, 0xd9, 0xee,
        0x98, 0xe6, 0x98, 0xe6, 0x77, 0xe6, 0x76, 0xee, 0x15, 0xe6, 0x76, 0xee,
        0xb9, 0xee, 0xb8, 0xe6, 0x77, 0xe6, 0x77, 0xe6, 0xb8, 0xe6, 0x98, 0xe6,
        0x77, 0xe6, 0x77, 0xe6, 0x98, 0xe6, 0x98, 0xe6, 0x57, 0xe6, 0x77, 0xe6,
        0x77, 0xe6, 0x77, 0xe6, 0x98, 0xe6, 0x98, 0xe6, 0x98, 0xe6, 0x36, 0xe6,
        0x36, 0xe6, 0x57, 0xde, 0x57, 0xde, 0x98, 0xe6, 0x99, 0xe6, 0x98, 0xe6,
        0xb4, 0xcd, 0x6f, 0xac, 0x4b, 0x83, 0xc9, 0x7a, 0x29, 0x83, 0xa7, 0x7a,
        0x29, 0x83, 0x8b, 0x93, 0xcb, 0x9b, 0x89, 0xa3, 0xea, 0xab, 0x8d, 0xbc,
        0x30, 0xcd, 0xd3, 0xdd, 0x56, 0xe6, 0xd9, 0xee, 0xd9, 0xee, 0xfa, 0xee,
        0x1b, 0xf7, 0x7d, 0xf7, 0x00, 0x00, 0xff, 0xff, 0x00, 0x00, 0x00, 0x00,
        0x00, 0x00, 0x00, 0x00, 0x00, 0x00, 0x00, 0x00, 0x00, 0x00, 0x00, 0x00,
        0x00, 0x00, 0x00, 0x00, 0x00, 0x00, 0x00, 0x00, 0x00, 0x00, 0x00, 0x00,
        0x00, 0x00, 0x00, 0x00, 0x00, 0x00, 0x00, 0x00, 0x00, 0x00, 0x00, 0x00,
        0x00, 0x00, 0x00, 0x00, 0x00, 0x00, 0x00, 0x00, 0x00, 0x00, 0x00, 0x00,
        0x00, 0x00, 0x00, 0x00, 0x00, 0x00, 0x00, 0x00, 0x00, 0x00, 0x00, 0x00,
        0x00, 0x00, 0x00, 0x00, 0x00, 0x00, 0x00, 0x00, 0x00, 0x00, 0x00, 0x00,
        0x00, 0x00, 0x00, 0x00, 0x00, 0x00, 0x00, 0x00, 0x00, 0x00, 0x00, 0x00,
        0x00, 0x00, 0x00, 0x00, 0x00, 0x00, 0x00, 0x00, 0x00, 0x00, 0x00, 0x00,
        0x00, 0x00, 0x00, 0x00, 0x00, 0x00, 0x00, 0x00, 0x00, 0x00, 0x00, 0x00,
        0x00, 0x00, 0x00, 0x00, 0x00, 0x00, 0x00, 0x00, 0x00, 0x00, 0x00, 0x00,
        0x00, 0x00, 0x00, 0x00, 0x00, 0x00, 0x00, 0x00, 0x00, 0x00, 0x00, 0x00,
        0x00, 0x00, 0x00, 0x00, 0x00, 0x00, 0x00, 0x00, 0x00, 0x00, 0x00, 0x00,
        0x00, 0x00, 0x00, 0x00, 0x00, 0x00, 0x00, 0x00, 0x00, 0x00, 0x00, 0x00,
        0x00, 0x00, 0x00, 0x00, 0x00, 0x00, 0x00, 0x00, 0x00, 0x00, 0x00, 0x00,
        0x00, 0x00, 0x00, 0x00, 0x00, 0x00, 0x00, 0x00, 0x00, 0x00, 0x00, 0x00,
        0x00, 0x00, 0x00, 0x00, 0x00, 0x00, 0xff, 0xff, 0xff, 0xff, 0x00, 0x00,
        0x00, 0x00, 0x5c, 0xf7, 0xd9, 0xee, 0xb4, 0xcd, 0x2e, 0xa4, 0x4a, 0x8b,
        0xcb, 0x9b, 0x8e, 0xb4, 0xec, 0xa3, 0xcb, 0x9b, 0xae, 0xbc, 0x93, 0xcd,
        0x35, 0xde, 0x35, 0xde, 0x15, 0xde, 0x57, 0xe6, 0x77, 0xe6, 0x57, 0xe6,
        0x36, 0xe6, 0x57, 0xe6, 0x57, 0xe6, 0x77, 0xe6, 0x98, 0xe6, 0x98, 0xe6,
        0xb8, 0xe6, 0xd9, 0xee, 0xd9, 0xee, 0x98, 0xe6, 0x36, 0xe6, 0x36, 0xe6,
        0xd4, 0xdd, 0x51, 0xcd, 0x51, 0xcd, 0x10, 0xc5, 0x51, 0xcd, 0xcf, 0xbc,
        0x8e, 0xb4, 0x0c, 0xac, 0x0c, 0xac, 0xea, 0xab, 0x6a, 0x9b, 0xe8, 0x82,
        0x66, 0x7a, 0xa7, 0x82, 0x6a, 0x9b, 0x6a, 0x9b, 0xcb, 0x9b, 0x4a, 0x8b,
        0xcb, 0x9b, 0xec, 0xa3, 0x8e, 0xb4, 0x10, 0xc5, 0x15, 0xde, 0x36, 0xe6,
        0xf4, 0xdd, 0x76, 0xee, 0xb9, 0xee, 0xfa, 0xf6, 0x1a, 0xf7, 0xb8, 0xe6,
        0x57, 0xe6, 0x57, 0xe6, 0x77, 0xe6, 0xd4, 0xdd, 0x15, 0xde, 0xf9, 0xee,
        0xd9, 0xee, 0x98, 0xe6, 0x15, 0xe6, 0x35, 0xe6, 0x56, 0xe6, 0xb8, 0xee,
        0x77, 0xe6, 0xb8, 0xee, 0xb8, 0xee, 0x1a, 0xf7, 0x1a, 0xf7, 0xd9, 0xee,
        0xf9, 0xee, 0xd9, 0xee, 0xd9, 0xee, 0xb8, 0xee, 0x98, 0xe6, 0x77, 0xe6,
        0x98, 0xe6, 0x15, 0xe6, 0x35, 0xe6, 0x76, 0xee, 0x98, 0xe6, 0xd9, 0xee,
        0x76, 0xee, 0x56, 0xe6, 0xd9, 0xee, 0xd9, 0xee, 0xb9, 0xee, 0x98, 0xe6,
        0x98, 0xe6, 0xd9, 0xee, 0x98, 0xe6, 0x77, 0xe6, 0xb8, 0xe6, 0x98, 0xe6,
        0x77, 0xe6, 0x77, 0xe6, 0xb8, 0xe6, 0x77, 0xe6, 0x98, 0xe6, 0x98, 0xe6,
        0xd9, 0xee, 0x98, 0xe6, 0x98, 0xe6, 0x98, 0xe6, 0x98, 0xe6, 0x78, 0xde,
        0x57, 0xde, 0x78, 0xde, 0x78, 0xde, 0xb4, 0xcd, 0x53, 0xc5, 0x32, 0xc5,
        0x2e, 0xa4, 0xc9, 0x7a, 0xc5, 0x51, 0x84, 0x49, 0x23, 0x41, 0xc5, 0x51,
        0xc4, 0x61, 0x66, 0x7a, 0x6a, 0x9b, 0x6d, 0xb4, 0x6d, 0xb4, 0x0f, 0xcd,
        0x71, 0xd5, 0xf4, 0xdd, 0x56, 0xe6, 0x98, 0xe6, 0xb9, 0xee, 0xb9, 0xee,
        0xfa, 0xee, 0xbf, 0xff, 0x00, 0x00, 0xff, 0xff, 0x00, 0x00, 0x00, 0x00,
        0x00, 0x00, 0x00, 0x00, 0x00, 0x00, 0x00, 0x00, 0x00, 0x00, 0x00, 0x00,
        0x00, 0x00, 0x00, 0x00, 0x00, 0x00, 0x00, 0x00, 0x00, 0x00, 0x00, 0x00,
        0x00, 0x00, 0x00, 0x00, 0x00, 0x00, 0x00, 0x00, 0x00, 0x00, 0x00, 0x00,
        0x00, 0x00, 0x00, 0x00, 0x00, 0x00, 0x00, 0x00, 0x00, 0x00, 0x00, 0x00,
        0x00, 0x00, 0x00, 0x00, 0x00, 0x00, 0x00, 0x00, 0x00, 0x00, 0x00, 0x00,
        0x00, 0x00, 0x00, 0x00, 0x00, 0x00, 0x00, 0x00, 0x00, 0x00, 0x00, 0x00,
        0x00, 0x00, 0x00, 0x00, 0x00, 0x00, 0x00, 0x00, 0x00, 0x00, 0x00, 0x00,
        0x00, 0x00, 0x00, 0x00, 0x00, 0x00, 0x00, 0x00, 0x00, 0x00, 0x00, 0x00,
        0x00, 0x00, 0x00, 0x00, 0x00, 0x00, 0x00, 0x00, 0x00, 0x00, 0x00, 0x00,
        0x00, 0x00, 0x00, 0x00, 0x00, 0x00, 0x00, 0x00, 0x00, 0x00, 0x00, 0x00,
        0x00, 0x00, 0x00, 0x00, 0x00, 0x00, 0x00, 0x00, 0x00, 0x00, 0x00, 0x00,
        0x00, 0x00, 0x00, 0x00, 0x00, 0x00, 0x00, 0x00, 0x00, 0x00, 0x00, 0x00,
        0x00, 0x00, 0x00, 0x00, 0x00, 0x00, 0x00, 0x00, 0x00, 0x00, 0x00, 0x00,
        0x00, 0x00, 0x00, 0x00, 0x00, 0x00, 0x00, 0x00, 0x00, 0x00, 0x00, 0x00,
        0x00, 0x00, 0x00, 0x00, 0x00, 0x00, 0x00, 0x00, 0x00, 0x00, 0x00, 0x00,
        0x00, 0x00, 0x00, 0x00, 0x00, 0x00, 0x00, 0x00, 0x00, 0x00, 0xbf, 0xff,
        0x1b, 0xf7, 0x99, 0xe6, 0x38, 0xd6, 0xb0, 0xb4, 0x8b, 0x93, 0x29, 0x83,
        0x4a, 0x8b, 0x29, 0x83, 0x6a, 0x9b, 0x8e, 0xb4, 0x8e, 0xb4, 0xcf, 0xbc,
        0xae, 0xbc, 0x92, 0xd5, 0x36, 0xe6, 0x77, 0xe6, 0x57, 0xe6, 0x77, 0xe6,
        0x36, 0xe6, 0x36, 0xe6, 0x98, 0xe6, 0x98, 0xe6, 0x35, 0xde, 0x77, 0xe6,
        0xb8, 0xe6, 0x98, 0xe6, 0x98, 0xe6, 0xb8, 0xee, 0xf9, 0xee, 0xf9, 0xee,
        0xd9, 0xee, 0x36, 0xe6, 0x71, 0xd5, 0xef, 0xc4, 0xea, 0xab, 0x28, 0x93,
        0xe7, 0x92, 0x48, 0x9b, 0xe7, 0x92, 0xe8, 0x82, 0xe8, 0x82, 0xe7, 0x92,
        0x28, 0x93, 0xe7, 0x92, 0x28, 0x93, 0xe8, 0x82, 0x25, 0x72, 0x25, 0x72,
        0x65, 0x82, 0xe7, 0x92, 0xae, 0xbc, 0xef, 0xc4, 0x70, 0xd5, 0xb2, 0xd5,
        0xf4, 0xdd, 0x15, 0xe6, 0xd9, 0xee, 0xd9, 0xee, 0x98, 0xe6, 0x77, 0xe6,
        0x77, 0xe6, 0x36, 0xe6, 0xb8, 0xe6, 0x35, 0xde, 0xb2, 0xd5, 0xd9, 0xee,
        0xb8, 0xee, 0xd9, 0xee, 0x98, 0xe6, 0x97, 0xee, 0xb8, 0xee, 0xb8, 0xee,
        0xd8, 0xf6, 0xd8, 0xf6, 0xf9, 0xee, 0x1a, 0xf7, 0xb8, 0xee, 0xb8, 0xee,
        0xd9, 0xee, 0xb8, 0xee, 0xb8, 0xee, 0xb8, 0xee, 0x97, 0xee, 0x35, 0xe6,
        0x56, 0xe6, 0xd3, 0xdd, 0x97, 0xee, 0x97, 0xee, 0xb8, 0xee, 0xfa, 0xf6,
        0xb9, 0xee, 0xf4, 0xdd, 0x76, 0xee, 0x98, 0xe6, 0x98, 0xe6, 0xb9, 0xee,
        0xd9, 0xee, 0xd9, 0xee, 0xd9, 0xee, 0xd9, 0xe6, 0xd9, 0xee, 0x98, 0xe6,
        0x77, 0xe6, 0x77, 0xe6, 0xb8, 0xe6, 0x77, 0xe6, 0x98, 0xe6, 0xb8, 0xe6,
        0x98, 0xe6, 0x57, 0xde, 0x57, 0xe6, 0x77, 0xe6, 0x57, 0xde, 0x37, 0xde,
        0x57, 0xde, 0x78, 0xde, 0x37, 0xde, 0x93, 0xcd, 0x2e, 0xa4, 0x06, 0x5a,
        0x06, 0x5a, 0xc5, 0x51, 0xc5, 0x51, 0x23, 0x41, 0x23, 0x41, 0x23, 0x41,
        0xc4, 0x61, 0x66, 0x7a, 0xe7, 0x92, 0xea, 0xab, 0xad, 0xc4, 0x71, 0xd5,
        0xd3, 0xdd, 0xf4, 0xdd, 0x14, 0xde, 0x97, 0xee, 0x98, 0xe6, 0x98, 0xe6,
        0xfa, 0xee, 0xff, 0xff, 0x00, 0x00, 0xff, 0xff, 0x00, 0x00, 0x00, 0x00,
        0x00, 0x00, 0x00, 0x00, 0x00, 0x00, 0x00, 0x00, 0x00, 0x00, 0x00, 0x00,
        0x00, 0x00, 0x00, 0x00, 0x00, 0x00, 0x00, 0x00, 0x00, 0x00, 0x00, 0x00,
        0x00, 0x00, 0x00, 0x00, 0x00, 0x00, 0x00, 0x00, 0x00, 0x00, 0x00, 0x00,
        0x00, 0x00, 0x00, 0x00, 0x00, 0x00, 0x00, 0x00, 0x00, 0x00, 0x00, 0x00,
        0x00, 0x00, 0x00, 0x00, 0x00, 0x00, 0x00, 0x00, 0x00, 0x00, 0x00, 0x00,
        0x00, 0x00, 0x00, 0x00, 0x00, 0x00, 0x00, 0x00, 0x00, 0x00, 0x00, 0x00,
        0x00, 0x00, 0x00, 0x00, 0x00, 0x00, 0x00, 0x00, 0x00, 0x00, 0x00, 0x00,
        0x00, 0x00, 0x00, 0x00, 0x00, 0x00, 0x00, 0x00, 0x00, 0x00, 0x00, 0x00,
        0x00, 0x00, 0x00, 0x00, 0x00, 0x00, 0x00, 0x00, 0x00, 0x00, 0x00, 0x00,
        0x00, 0x00, 0x00, 0x00, 0x00, 0x00, 0x00, 0x00, 0x00, 0x00, 0x00, 0x00,
        0x00, 0x00, 0x00, 0x00, 0x00, 0x00, 0x00, 0x00, 0x00, 0x00, 0x00, 0x00,
        0x00, 0x00, 0x00, 0x00, 0x00, 0x00, 0x00, 0x00, 0x00, 0x00, 0x00, 0x00,
        0x00, 0x00, 0x00, 0x00, 0x00, 0x00, 0x00, 0x00, 0x00, 0x00, 0x00, 0x00,
        0x00, 0x00, 0x00, 0x00, 0x00, 0x00, 0x00, 0x00, 0x00, 0x00, 0x00, 0x00,
        0x00, 0x00, 0x00, 0x00, 0x00, 0x00, 0x00, 0x00, 0x00, 0x00, 0x00, 0x00,
        0x00, 0x00, 0x00, 0x00, 0xff, 0xff, 0xbf, 0xff, 0x5c, 0xf7, 0xd9, 0xee,
        0x99, 0xe6, 0x38, 0xd6, 0x32, 0xc5, 0xf0, 0xbc, 0xec, 0xa3, 0x4a, 0x8b,
        0x4a, 0x8b, 0xcb, 0x9b, 0xec, 0xa3, 0x8e, 0xb4, 0xcf, 0xbc, 0xf0, 0xbc,
        0x32, 0xc5, 0xb3, 0xd5, 0x15, 0xde, 0x77, 0xe6, 0x77, 0xe6, 0x98, 0xe6,
        0x77, 0xe6, 0x36, 0xe6, 0x36, 0xe6, 0x35, 0xde, 0x36, 0xe6, 0x77, 0xe6,
        0x77, 0xe6, 0x98, 0xe6, 0xf9, 0xee, 0x98, 0xe6, 0x98, 0xe6, 0xd9, 0xee,
        0x77, 0xe6, 0x35, 0xde, 0xb2, 0xd5, 0xce, 0xc4, 0x2b, 0xbc, 0x68, 0xa3,
        0xe7, 0x92, 0xa7, 0x82, 0x26, 0x6a, 0x26, 0x6a, 0xa7, 0x82, 0xe8, 0x82,
        0x48, 0x9b, 0x28, 0x93, 0xc6, 0x8a, 0x25, 0x72, 0x65, 0x82, 0xe7, 0x92,
        0xca, 0xa3, 0x30, 0xcd, 0x70, 0xd5, 0xb2, 0xdd, 0xd2, 0xe5, 0x56, 0xe6,
        0x96, 0xee, 0x98, 0xe6, 0xd9, 0xee, 0x77, 0xe6, 0x77, 0xe6, 0x98, 0xe6,
        0x77, 0xe6, 0x15, 0xe6, 0xd9, 0xee, 0x36, 0xe6, 0xd3, 0xdd, 0x77, 0xe6,
        0xb8, 0xee, 0xd9, 0xee, 0xf9, 0xee, 0xb8, 0xee, 0xd9, 0xee, 0xf9, 0xee,
        0xf9, 0xee, 0xf9, 0xee, 0xf9, 0xee, 0x1a, 0xf7, 0xf9, 0xee, 0xf9, 0xee,
        0xb8, 0xee, 0x98, 0xe6, 0x97, 0xee, 0x97, 0xee, 0x97, 0xee, 0x77, 0xe6,
        0x35, 0xe6, 0x34, 0xe6, 0x97, 0xee, 0xd9, 0xee, 0xd8, 0xee, 0xfa, 0xf6,
        0xfa, 0xf6, 0x36, 0xe6, 0x15, 0xe6, 0x98, 0xe6, 0x77, 0xe6, 0xb9, 0xee,
        0xd9, 0xee, 0x98, 0xe6, 0xd9, 0xee, 0xfa, 0xee, 0xb8, 0xe6, 0x77, 0xe6,
        0xb8, 0xe6, 0x77, 0xe6, 0x77, 0xe6, 0xb8, 0xe6, 0x98, 0xe6, 0x77, 0xe6,
        0x57, 0xde, 0x98, 0xe6, 0x57, 0xde, 0x37, 0xde, 0xd4, 0xd5, 0x16, 0xd6,
        0xf5, 0xd5, 0x93, 0xcd, 0x32, 0xc5, 0x2e, 0xa4, 0xcc, 0x93, 0xc9, 0x7a,
        0x84, 0x49, 0x23, 0x41, 0xe3, 0x30, 0x23, 0x41, 0x23, 0x41, 0x84, 0x49,
        0xc4, 0x61, 0x66, 0x7a, 0x89, 0xa3, 0xad, 0xc4, 0x51, 0xcd, 0xd4, 0xdd,
        0x14, 0xde, 0x15, 0xe6, 0x35, 0xde, 0x57, 0xe6, 0x57, 0xe6, 0xb9, 0xee,
        0x5c, 0xf7, 0x00, 0x00, 0xff, 0xff, 0x00, 0x00, 0x00, 0x00, 0x00, 0x00,
        0x00, 0x00, 0x00, 0x00, 0x00, 0x00, 0x00, 0x00, 0x00, 0x00, 0x00, 0x00,
        0x00, 0x00, 0x00, 0x00, 0x00, 0x00, 0x00, 0x00, 0x00, 0x00, 0x00, 0x00,
        0x00, 0x00, 0x00, 0x00, 0x00, 0x00, 0x00, 0x00, 0x00, 0x00, 0x00, 0x00,
        0x00, 0x00, 0x00, 0x00, 0x00, 0x00, 0x00, 0x00, 0x00, 0x00, 0x00, 0x00,
        0x00, 0x00, 0x00, 0x00, 0x00, 0x00, 0x00, 0x00, 0x00, 0x00, 0x00, 0x00,
        0x00, 0x00, 0x00, 0x00, 0x00, 0x00, 0x00, 0x00, 0x00, 0x00, 0x00, 0x00,
        0x00, 0x00, 0x00, 0x00, 0x00, 0x00, 0x00, 0x00, 0x00, 0x00, 0x00, 0x00,
        0x00, 0x00, 0x00, 0x00, 0x00, 0x00, 0x00, 0x00, 0x00, 0x00, 0x00, 0x00,
        0x00, 0x00, 0x00, 0x00, 0x00, 0x00, 0x00, 0x00, 0x00, 0x00, 0x00, 0x00,
        0x00, 0x00, 0x00, 0x00, 0x00, 0x00, 0x00, 0x00, 0x00, 0x00, 0x00, 0x00,
        0x00, 0x00, 0x00, 0x00, 0x00, 0x00, 0x00, 0x00, 0x00, 0x00, 0x00, 0x00,
        0x00, 0x00, 0x00, 0x00, 0x00, 0x00, 0x00, 0x00, 0x00, 0x00, 0x00, 0x00,
        0x00, 0x00, 0x00, 0x00, 0x00, 0x00, 0x00, 0x00, 0x00, 0x00, 0x00, 0x00,
        0x00, 0x00, 0x00, 0x00, 0x00, 0x00, 0x00, 0x00, 0x00, 0x00, 0x00, 0x00,
        0x00, 0x00, 0x00, 0x00, 0x00, 0x00, 0x00, 0x00, 0x00, 0x00, 0x00, 0x00,
        0xff, 0xff, 0xff, 0xff, 0xff, 0xff, 0x7d, 0xf7, 0x5c, 0xf7, 0x1b, 0xf7,
        0x38, 0xd6, 0x32, 0xc5, 0x32, 0xc5, 0x8e, 0xb4, 0xec, 0xa3, 0xec, 0xa3,
        0x4d, 0xac, 0x4d, 0xac, 0xec, 0xa3, 0x4d, 0xac, 0x8e, 0xb4, 0x8e, 0xb4,
        0x10, 0xc5, 0x10, 0xc5, 0xd4, 0xd5, 0x77, 0xe6, 0x98, 0xe6, 0x98, 0xe6,
        0x77, 0xe6, 0x36, 0xe6, 0x57, 0xe6, 0x77, 0xe6, 0x77, 0xe6, 0x77, 0xe6,
        0x77, 0xe6, 0x77, 0xe6, 0xb8, 0xee, 0x98, 0xe6, 0xd9, 0xee, 0xf9, 0xee,
        0xd9, 0xee, 0x77, 0xe6, 0x36, 0xe6, 0xd3, 0xdd, 0x2f, 0xd5, 0x4c, 0xbc,
        0x48, 0x9b, 0xe8, 0x82, 0xa7, 0x82, 0xe8, 0x82, 0x48, 0x9b, 0x89, 0xa3,
        0x48, 0x9b, 0xe7, 0x92, 0xe7, 0x92, 0x68, 0xa3, 0xea, 0xab, 0xad, 0xc4,
        0x71, 0xd5, 0x91, 0xd5, 0xf3, 0xe5, 0x96, 0xee, 0x97, 0xee, 0xd9, 0xee,
        0xd9, 0xee, 0xfa, 0xee, 0xb9, 0xee, 0xd9, 0xee, 0xb9, 0xee, 0xd9, 0xee,
        0x98, 0xe6, 0x98, 0xe6, 0x56, 0xe6, 0x98, 0xe6, 0x56, 0xe6, 0x56, 0xe6,
        0x98, 0xe6, 0x1a, 0xf7, 0x1a, 0xf7, 0x1a, 0xf7, 0xf9, 0xee, 0xd8, 0xf6,
        0xf9, 0xee, 0xb8, 0xee, 0xb8, 0xee, 0x1b, 0xf7, 0x1a, 0xf7, 0x1a, 0xf7,
        0xd9, 0xee, 0xb8, 0xee, 0x97, 0xee, 0x56, 0xe6, 0x56, 0xe6, 0x97, 0xee,
        0x35, 0xe6, 0x35, 0xe6, 0x97, 0xee, 0xd9, 0xee, 0xd9, 0xee, 0xfa, 0xee,
        0xd9, 0xee, 0x76, 0xee, 0x56, 0xe6, 0xd9, 0xee, 0xb9, 0xee, 0xb9, 0xee,
        0xb9, 0xee, 0xb8, 0xe6, 0x98, 0xe6, 0xb8, 0xe6, 0xd9, 0xe6, 0x77, 0xe6,
        0x98, 0xe6, 0x98, 0xe6, 0x77, 0xe6, 0x77, 0xe6, 0x77, 0xe6, 0x57, 0xe6,
        0x36, 0xe6, 0x57, 0xde, 0x37, 0xde, 0xb4, 0xcd, 0xf0, 0xbc, 0x32, 0xc5,
        0x93, 0xcd, 0x6f, 0xac, 0x88, 0x6a, 0x47, 0x6a, 0xc9, 0x7a, 0xc9, 0x7a,
        0x47, 0x6a, 0xc5, 0x51, 0x84, 0x49, 0x84, 0x49, 0x84, 0x59, 0xc4, 0x61,
        0x66, 0x7a, 0x48, 0x9b, 0xad, 0xc4, 0x30, 0xcd, 0x92, 0xd5, 0x92, 0xd5,
        0xb2, 0xd5, 0xd3, 0xdd, 0xf4, 0xdd, 0x14, 0xde, 0x36, 0xe6, 0xb9, 0xee,
        0x5c, 0xf7, 0x00, 0x00, 0xff, 0xff, 0x00, 0x00, 0x00, 0x00, 0x00, 0x00,
        0x00, 0x00, 0x00, 0x00, 0x00, 0x00, 0x00, 0x00, 0x00, 0x00, 0x00, 0x00,
        0x00, 0x00, 0x00, 0x00, 0x00, 0x00, 0x00, 0x00, 0x00, 0x00, 0x00, 0x00,
        0x00, 0x00, 0x00, 0x00, 0x00, 0x00, 0x00, 0x00, 0x00, 0x00, 0x00, 0x00,
        0x00, 0x00, 0x00, 0x00, 0x00, 0x00, 0x00, 0x00, 0x00, 0x00, 0x00, 0x00,
        0x00, 0x00, 0x00, 0x00, 0x00, 0x00, 0x00, 0x00, 0x00, 0x00, 0x00, 0x00,
        0x00, 0x00, 0x00, 0x00, 0x00, 0x00, 0x00, 0x00, 0x00, 0x00, 0x00, 0x00,
        0x00, 0x00, 0x00, 0x00, 0x00, 0x00, 0x00, 0x00, 0x00, 0x00, 0x00, 0x00,
        0x00, 0x00, 0x00, 0x00, 0x00, 0x00, 0x00, 0x00, 0x00, 0x00, 0x00, 0x00,
        0x00, 0x00, 0x00, 0x00, 0x00, 0x00, 0x00, 0x00, 0x00, 0x00, 0x00, 0x00,
        0x00, 0x00, 0x00, 0x00, 0x00, 0x00, 0x00, 0x00, 0x00, 0x00, 0x00, 0x00,
        0x00, 0x00, 0x00, 0x00, 0x00, 0x00, 0x00, 0x00, 0x00, 0x00, 0x00, 0x00,
        0x00, 0x00, 0x00, 0x00, 0x00, 0x00, 0x00, 0x00, 0x00, 0x00, 0x00, 0x00,
        0x00, 0x00, 0x00, 0x00, 0x00, 0x00, 0x00, 0x00, 0x00, 0x00, 0x00, 0x00,
        0x00, 0x00, 0x00, 0x00, 0x00, 0x00, 0x00, 0x00, 0x00, 0x00, 0x00, 0x00,
        0x00, 0x00, 0x00, 0x00, 0x00, 0x00, 0x00, 0x00, 0x00, 0x00, 0x00, 0x00,
        0xff, 0xff, 0xff, 0xff, 0xff, 0xff, 0x5c, 0xf7, 0x1b, 0xf7, 0x16, 0xd6,
        0xb0, 0xb4, 0x6f, 0xac, 0x8e, 0xb4, 0xcb, 0x9b, 0x0c, 0xac, 0x8e, 0xb4,
        0x4d, 0xac, 0xcb, 0x9b, 0x4d, 0xac, 0x93, 0xcd, 0xb0, 0xb4, 0x4d, 0xac,
        0xae, 0xbc, 0x51, 0xcd, 0xd4, 0xdd, 0xd4, 0xdd, 0x14, 0xde, 0x77, 0xe6,
        0x98, 0xe6, 0x77, 0xe6, 0x77, 0xe6, 0x77, 0xe6, 0x77, 0xe6, 0x77, 0xe6,
        0x98, 0xe6, 0x98, 0xe6, 0x77, 0xe6, 0xd9, 0xee, 0xb8, 0xe6, 0xd9, 0xee,
        0xb8, 0xe6, 0x98, 0xe6, 0xb8, 0xee, 0x97, 0xee, 0x14, 0xe6, 0x2f, 0xd5,
        0x8c, 0xc4, 0x68, 0xa3, 0x48, 0x9b, 0xea, 0xab, 0x0f, 0xcd, 0x70, 0xd5,
        0xad, 0xc4, 0xc9, 0xb3, 0x89, 0xa3, 0x4c, 0xbc, 0x50, 0xcd, 0xd4, 0xdd,
        0xd3, 0xdd, 0x76, 0xee, 0xd9, 0xee, 0xd9, 0xee, 0xfa, 0xee, 0xd9, 0xee,
        0x16, 0xd6, 0x57, 0xde, 0xb9, 0xee, 0xd9, 0xee, 0xb9, 0xee, 0xd9, 0xee,
        0xfa, 0xee, 0xd8, 0xee, 0x97, 0xee, 0xb8, 0xee, 0xb8, 0xee, 0x56, 0xe6,
        0x76, 0xee, 0xf9, 0xee, 0xf9, 0xee, 0xb8, 0xee, 0xd9, 0xee, 0xf9, 0xee,
        0xb8, 0xee, 0xd9, 0xee, 0xb8, 0xee, 0x1a, 0xf7, 0x1b, 0xf7, 0x1a, 0xf7,
        0xf9, 0xee, 0xb8, 0xee, 0x35, 0xe6, 0x77, 0xe6, 0x34, 0xe6, 0x35, 0xe6,
        0x56, 0xe6, 0x97, 0xee, 0xb8, 0xee, 0xd9, 0xee, 0xd9, 0xee, 0xd9, 0xee,
        0xfa, 0xee, 0xb9, 0xee, 0x76, 0xee, 0xd9, 0xee, 0xd9, 0xee, 0xd9, 0xee,
        0xd9, 0xee, 0xb8, 0xe6, 0xb8, 0xe6, 0x98, 0xe6, 0x98, 0xe6, 0x98, 0xe6,
        0x77, 0xe6, 0x77, 0xe6, 0x98, 0xe6, 0x57, 0xe6, 0x57, 0xe6, 0x57, 0xde,
        0xd4, 0xd5, 0x93, 0xcd, 0x93, 0xcd, 0xf0, 0xbc, 0x6f, 0xac, 0x29, 0x83,
        0xc9, 0x7a, 0x4b, 0x83, 0x88, 0x6a, 0xc5, 0x51, 0x84, 0x59, 0x06, 0x5a,
        0x06, 0x5a, 0xc4, 0x61, 0xc4, 0x61, 0xc4, 0x61, 0x66, 0x7a, 0x66, 0x7a,
        0x28, 0x93, 0x2b, 0xb4, 0x0f, 0xcd, 0xb3, 0xd5, 0xd4, 0xdd, 0xd4, 0xdd,
        0xd4, 0xdd, 0x14, 0xde, 0x15, 0xe6, 0x77, 0xe6, 0x98, 0xe6, 0xb9, 0xee,
        0x1b, 0xf7, 0x00, 0x00, 0xff, 0xff, 0x00, 0x00, 0x00, 0x00, 0x00, 0x00,
        0x00, 0x00, 0x00, 0x00, 0x00, 0x00, 0x00, 0x00, 0x00, 0x00, 0x00, 0x00,
        0x00, 0x00, 0x00, 0x00, 0x00, 0x00, 0x00, 0x00, 0x00, 0x00, 0x00, 0x00,
        0x00, 0x00, 0x00, 0x00, 0x00, 0x00, 0x00, 0x00, 0x00, 0x00, 0x00, 0x00,
        0x00, 0x00, 0x00, 0x00, 0x00, 0x00, 0x00, 0x00, 0x00, 0x00, 0x00, 0x00,
        0x00, 0x00, 0x00, 0x00, 0x00, 0x00, 0x00, 0x00, 0x00, 0x00, 0x00, 0x00,
        0x00, 0x00, 0x00, 0x00, 0x00, 0x00, 0x00, 0x00, 0x00, 0x00, 0x00, 0x00,
        0x00, 0x00, 0x00, 0x00, 0x00, 0x00, 0x00, 0x00, 0x00, 0x00, 0x00, 0x00,
        0x00, 0x00, 0x00, 0x00, 0x00, 0x00, 0x00, 0x00, 0x00, 0x00, 0x00, 0x00,
        0x00, 0x00, 0x00, 0x00, 0x00, 0x00, 0x00, 0x00, 0x00, 0x00, 0x00, 0x00,
        0x00, 0x00, 0x00, 0x00, 0x00, 0x00, 0x00, 0x00, 0x00, 0x00, 0x00, 0x00,
        0x00, 0x00, 0x00, 0x00, 0x00, 0x00, 0x00, 0x00, 0x00, 0x00, 0x00, 0x00,
        0x00, 0x00, 0x00, 0x00, 0x00, 0x00, 0x00, 0x00, 0x00, 0x00, 0x00, 0x00,
        0x00, 0x00, 0x00, 0x00, 0x00, 0x00, 0x00, 0x00, 0x00, 0x00, 0x00, 0x00,
        0x00, 0x00, 0x00, 0x00, 0x00, 0x00, 0x00, 0x00, 0x00, 0x00, 0x00, 0x00,
        0x00, 0x00, 0x00, 0x00, 0x00, 0x00, 0x00, 0x00, 0x00, 0x00, 0xff, 0xff,
        0xff, 0xff, 0x5c, 0xf7, 0x1b, 0xf7, 0xd9, 0xee, 0x37, 0xde, 0xf0, 0xbc,
        0x2e, 0xa4, 0xec, 0xa3, 0xcb, 0x9b, 0x6a, 0x9b, 0x0c, 0xac, 0x0c, 0xac,
        0x6a, 0x9b, 0xec, 0xa3, 0xb0, 0xb4, 0x10, 0xc5, 0x32, 0xc5, 0xf0, 0xbc,
        0x10, 0xc5, 0x51, 0xcd, 0xb3, 0xd5, 0x35, 0xde, 0x77, 0xe6, 0x98, 0xe6,
        0x98, 0xe6, 0x77, 0xe6, 0x77, 0xe6, 0x98, 0xe6, 0x36, 0xe6, 0x77, 0xe6,
        0x98, 0xe6, 0xd9, 0xee, 0x98, 0xe6, 0x98, 0xe6, 0xd9, 0xee, 0xd9, 0xee,
        0x77, 0xe6, 0x98, 0xe6, 0x77, 0xe6, 0x56, 0xe6, 0x34, 0xe6, 0xf3, 0xe5,
        0xee, 0xcc, 0x2b, 0xbc, 0x2b, 0xbc, 0x2f, 0xd5, 0x35, 0xe6, 0x76, 0xee,
        0x91, 0xd5, 0x0f, 0xcd, 0x91, 0xd5, 0xd3, 0xdd, 0x56, 0xe6, 0x15, 0xe6,
        0x56, 0xe6, 0x77, 0xe6, 0xf4, 0xdd, 0x57, 0xde, 0xf4, 0xdd, 0x71, 0xd5,
        0x0f, 0xcd, 0x50, 0xcd, 0xd4, 0xdd, 0xf4, 0xdd, 0xd4, 0xdd, 0xb2, 0xd5,
        0x36, 0xe6, 0xfa, 0xf6, 0xd9, 0xee, 0xd9, 0xee, 0xd9, 0xee, 0x77, 0xe6,
        0x56, 0xe6, 0xb8, 0xee, 0xf9, 0xee, 0xb8, 0xee, 0x98, 0xe6, 0x97, 0xee,
        0x98, 0xe6, 0x97, 0xee, 0xd9, 0xee, 0x1b, 0xf7, 0x1b, 0xf7, 0x1a, 0xf7,
        0x1a, 0xf7, 0xd9, 0xee, 0xd3, 0xdd, 0x15, 0xe6, 0x56, 0xe6, 0x97, 0xee,
        0x97, 0xee, 0x97, 0xee, 0xf9, 0xee, 0xd9, 0xee, 0xd9, 0xee, 0xd9, 0xee,
        0xd9, 0xee, 0xd9, 0xee, 0x98, 0xe6, 0x98, 0xe6, 0xb9, 0xee, 0xb9, 0xee,
        0xb8, 0xe6, 0xb8, 0xe6, 0xb8, 0xe6, 0xb8, 0xe6, 0x77, 0xe6, 0x36, 0xe6,
        0x98, 0xe6, 0x15, 0xde, 0x98, 0xe6, 0x37, 0xde, 0xd4, 0xd5, 0xd4, 0xd5,
        0x8e, 0xb4, 0x4a, 0x8b, 0xcc, 0x93, 0x8b, 0x93, 0x29, 0x83, 0xc9, 0x7a,
        0x23, 0x41, 0x84, 0x49, 0x06, 0x5a, 0x47, 0x6a, 0x26, 0x6a, 0x26, 0x6a,
        0x25, 0x72, 0x25, 0x72, 0xa7, 0x82, 0xe7, 0x92, 0xe7, 0x92, 0xe7, 0x92,
        0x48, 0x9b, 0xad, 0xc4, 0x92, 0xd5, 0x71, 0xd5, 0x92, 0xd5, 0xd4, 0xdd,
        0xf4, 0xdd, 0x36, 0xe6, 0x36, 0xe6, 0x36, 0xe6, 0x98, 0xe6, 0xfa, 0xee,
        0x5c, 0xf7, 0x00, 0x00, 0xff, 0xff, 0x00, 0x00, 0x00, 0x00, 0x00, 0x00,
        0x00, 0x00, 0x00, 0x00, 0x00, 0x00, 0x00, 0x00, 0x00, 0x00, 0x00, 0x00,
        0x00, 0x00, 0x00, 0x00, 0x00, 0x00, 0x00, 0x00, 0x00, 0x00, 0x00, 0x00,
        0x00, 0x00, 0x00, 0x00, 0x00, 0x00, 0x00, 0x00, 0x00, 0x00, 0x00, 0x00,
        0x00, 0x00, 0x00, 0x00, 0x00, 0x00, 0x00, 0x00, 0x00, 0x00, 0x00, 0x00,
        0x00, 0x00, 0x00, 0x00, 0x00, 0x00, 0x00, 0x00, 0x00, 0x00, 0x00, 0x00,
        0x00, 0x00, 0x00, 0x00, 0x00, 0x00, 0x00, 0x00, 0x00, 0x00, 0x00, 0x00,
        0x00, 0x00, 0x00, 0x00, 0x00, 0x00, 0x00, 0x00, 0x00, 0x00, 0x00, 0x00,
        0x00, 0x00, 0x00, 0x00, 0x00, 0x00, 0x00, 0x00, 0x00, 0x00, 0x00, 0x00,
        0x00, 0x00, 0x00, 0x00, 0x00, 0x00, 0x00, 0x00, 0x00, 0x00, 0x00, 0x00,
        0x00, 0x00, 0x00, 0x00, 0x00, 0x00, 0x00, 0x00, 0x00, 0x00, 0x00, 0x00,
        0x00, 0x00, 0x00, 0x00, 0x00, 0x00, 0x00, 0x00, 0x00, 0x00, 0x00, 0x00,
        0x00, 0x00, 0x00, 0x00, 0x00, 0x00, 0x00, 0x00, 0x00, 0x00, 0x00, 0x00,
        0x00, 0x00, 0x00, 0x00, 0x00, 0x00, 0x00, 0x00, 0x00, 0x00, 0x00, 0x00,
        0x00, 0x00, 0x00, 0x00, 0x00, 0x00, 0x00, 0x00, 0x00, 0x00, 0x00, 0x00,
        0x00, 0x00, 0x00, 0x00, 0x00, 0x00, 0x00, 0x00, 0x00, 0x00, 0xff, 0xff,
        0xff, 0xff, 0xbf, 0xff, 0x7d, 0xf7, 0xfa, 0xee, 0x38, 0xd6, 0xb0, 0xb4,
        0x8b, 0x93, 0xcb, 0x9b, 0x8b, 0x93, 0x4a, 0x8b, 0x6a, 0x9b, 0xcb, 0x9b,
        0x6a, 0x9b, 0xcb, 0x9b, 0x4d, 0xac, 0x32, 0xc5, 0xb4, 0xcd, 0xd4, 0xd5,
        0x92, 0xd5, 0x92, 0xd5, 0x15, 0xde, 0x77, 0xe6, 0x98, 0xe6, 0x57, 0xde,
        0x98, 0xe6, 0xb8, 0xe6, 0x57, 0xe6, 0x36, 0xe6, 0x98, 0xe6, 0xb8, 0xe6,
        0xd9, 0xee, 0xd9, 0xee, 0x98, 0xe6, 0x98, 0xe6, 0xd9, 0xee, 0xb8, 0xee,
        0x98, 0xe6, 0x35, 0xde, 0x15, 0xe6, 0x35, 0xe6, 0x76, 0xee, 0x14, 0xe6,
        0xb2, 0xdd, 0xf3, 0xe5, 0x35, 0xe6, 0x76, 0xee, 0xd8, 0xf6, 0xf9, 0xf6,
        0xb8, 0xee, 0x97, 0xee, 0x15, 0xe6, 0x36, 0xe6, 0x77, 0xe6, 0x15, 0xe6,
        0x77, 0xe6, 0xf4, 0xdd, 0xd4, 0xd5, 0xf4, 0xdd, 0xb2, 0xd5, 0x0f, 0xcd,
        0xad, 0xc4, 0x50, 0xcd, 0x30, 0xcd, 0x51, 0xcd, 0xb2, 0xd5, 0x30, 0xcd,
        0x71, 0xd5, 0x35, 0xde, 0x56, 0xe6, 0x1a, 0xf7, 0xf9, 0xee, 0x77, 0xe6,
        0x35, 0xe6, 0xb8, 0xee, 0xd9, 0xee, 0x97, 0xee, 0x97, 0xee, 0x35, 0xe6,
        0x56, 0xe6, 0x97, 0xee, 0x97, 0xee, 0x1a, 0xf7, 0x1b, 0xf7, 0x1a, 0xf7,
        0x1a, 0xf7, 0xd9, 0xee, 0xd3, 0xdd, 0x91, 0xd5, 0x34, 0xe6, 0x97, 0xee,
        0xd9, 0xee, 0xd9, 0xee, 0xf9, 0xee, 0xd9, 0xee, 0xd9, 0xee, 0xb9, 0xee,
        0xfa, 0xee, 0xd9, 0xee, 0xb9, 0xee, 0x77, 0xe6, 0x98, 0xe6, 0xd9, 0xee,
        0xb8, 0xe6, 0xb8, 0xe6, 0x98, 0xe6, 0x77, 0xe6, 0x77, 0xe6, 0x35, 0xde,
        0x36, 0xe6, 0xb3, 0xd5, 0xb3, 0xd5, 0x15, 0xde, 0x92, 0xd5, 0x93, 0xcd,
        0x4a, 0x8b, 0xc4, 0x61, 0x84, 0x59, 0x88, 0x6a, 0xa7, 0x7a, 0x26, 0x6a,
        0x47, 0x6a, 0x84, 0x59, 0x84, 0x59, 0x26, 0x6a, 0x66, 0x7a, 0xe8, 0x82,
        0x89, 0xa3, 0x89, 0xa3, 0x2b, 0xb4, 0x8d, 0xbc, 0xef, 0xc4, 0xae, 0xbc,
        0x2c, 0xb4, 0xad, 0xc4, 0x71, 0xd5, 0x71, 0xd5, 0x71, 0xd5, 0x72, 0xcd,
        0x10, 0xc5, 0x71, 0xd5, 0xf4, 0xdd, 0x36, 0xe6, 0x98, 0xe6, 0xfa, 0xee,
        0x5b, 0xf7, 0x00, 0x00, 0xff, 0xff, 0x00, 0x00, 0x00, 0x00, 0x00, 0x00,
        0x00, 0x00, 0x00, 0x00, 0x00, 0x00, 0x00, 0x00, 0x00, 0x00, 0x00, 0x00,
        0x00, 0x00, 0x00, 0x00, 0x00, 0x00, 0x00, 0x00, 0x00, 0x00, 0x00, 0x00,
        0x00, 0x00, 0x00, 0x00, 0x00, 0x00, 0x00, 0x00, 0x00, 0x00, 0x00, 0x00,
        0x00, 0x00, 0x00, 0x00, 0x00, 0x00, 0x00, 0x00, 0x00, 0x00, 0x00, 0x00,
        0x00, 0x00, 0x00, 0x00, 0x00, 0x00, 0x00, 0x00, 0x00, 0x00, 0x00, 0x00,
        0x00, 0x00, 0x00, 0x00, 0x00, 0x00, 0x00, 0x00, 0x00, 0x00, 0x00, 0x00,
        0x00, 0x00, 0x00, 0x00, 0x00, 0x00, 0x00, 0x00, 0x00, 0x00, 0x00, 0x00,
        0x00, 0x00, 0x00, 0x00, 0x00, 0x00, 0x00, 0x00, 0x00, 0x00, 0x00, 0x00,
        0x00, 0x00, 0x00, 0x00, 0x00, 0x00, 0x00, 0x00, 0x00, 0x00, 0x00, 0x00,
        0x00, 0x00, 0x00, 0x00, 0x00, 0x00, 0x00, 0x00, 0x00, 0x00, 0x00, 0x00,
        0x00, 0x00, 0x00, 0x00, 0x00, 0x00, 0x00, 0x00, 0x00, 0x00, 0x00, 0x00,
        0x00, 0x00, 0x00, 0x00, 0x00, 0x00, 0x00, 0x00, 0x00, 0x00, 0x00, 0x00,
        0x00, 0x00, 0x00, 0x00, 0x00, 0x00, 0x00, 0x00, 0x00, 0x00, 0x00, 0x00,
        0x00, 0x00, 0x00, 0x00, 0x00, 0x00, 0x00, 0x00, 0x00, 0x00, 0x00, 0x00,
        0x00, 0x00, 0x00, 0x00, 0x00, 0x00, 0x00, 0x00, 0xff, 0xff, 0x00, 0x00,
        0x00, 0x00, 0x00, 0x00, 0x1b, 0xf7, 0x99, 0xe6, 0x53, 0xc5, 0x6f, 0xac,
        0xec, 0xa3, 0xcc, 0x93, 0x4a, 0x8b, 0x6a, 0x9b, 0xcb, 0x9b, 0x0c, 0xac,
        0x4d, 0xac, 0x0c, 0xac, 0x4d, 0xac, 0x4d, 0xac, 0xf0, 0xbc, 0xb4, 0xcd,
        0xf5, 0xd5, 0xd4, 0xd5, 0xd4, 0xd5, 0xd4, 0xd5, 0x15, 0xde, 0x57, 0xe6,
        0x57, 0xe6, 0x36, 0xe6, 0x77, 0xe6, 0x77, 0xe6, 0x77, 0xe6, 0x77, 0xe6,
        0xb8, 0xe6, 0xb8, 0xe6, 0xb8, 0xee, 0x97, 0xee, 0x97, 0xee, 0xb8, 0xee,
        0x98, 0xe6, 0x97, 0xee, 0x97, 0xee, 0xb8, 0xee, 0x97, 0xee, 0xb7, 0xf6,
        0xd8, 0xf6, 0xd8, 0xf6, 0xb8, 0xf6, 0xb8, 0xf6, 0xf9, 0xf6, 0x1a, 0xf7,
        0xf9, 0xf6, 0x97, 0xee, 0x97, 0xee, 0x36, 0xe6, 0xb3, 0xd5, 0x92, 0xd5,
        0xd4, 0xd5, 0x35, 0xde, 0x36, 0xe6, 0x14, 0xde, 0xd4, 0xd5, 0xce, 0xc4,
        0xb2, 0xd5, 0xd4, 0xdd, 0x71, 0xd5, 0xb3, 0xd5, 0xf4, 0xdd, 0xd4, 0xdd,
        0x35, 0xde, 0x14, 0xde, 0x14, 0xde, 0xd9, 0xee, 0xf9, 0xee, 0x15, 0xe6,
        0x14, 0xde, 0x35, 0xde, 0x77, 0xe6, 0x97, 0xee, 0x56, 0xe6, 0x97, 0xee,
        0x56, 0xe6, 0x76, 0xee, 0xd9, 0xee, 0xd9, 0xee, 0x1b, 0xf7, 0x1b, 0xf7,
        0x1a, 0xf7, 0xd9, 0xee, 0x35, 0xe6, 0xb2, 0xdd, 0x34, 0xe6, 0x56, 0xe6,
        0x97, 0xee, 0xf9, 0xee, 0xf9, 0xf6, 0xd8, 0xee, 0x98, 0xe6, 0x98, 0xe6,
        0xfa, 0xee, 0xfa, 0xee, 0xb9, 0xee, 0xd9, 0xee, 0x77, 0xe6, 0xb8, 0xe6,
        0xb8, 0xe6, 0xd9, 0xee, 0xd9, 0xe6, 0x77, 0xe6, 0x57, 0xe6, 0x57, 0xde,
        0xd4, 0xd5, 0xb3, 0xd5, 0x72, 0xcd, 0xd4, 0xd5, 0x93, 0xcd, 0x51, 0xcd,
        0x29, 0x83, 0x84, 0x49, 0x23, 0x41, 0x84, 0x49, 0x66, 0x7a, 0x26, 0x6a,
        0xc4, 0x61, 0x66, 0x7a, 0x66, 0x7a, 0xa7, 0x82, 0x89, 0xa3, 0x2b, 0xb4,
        0xad, 0xc4, 0x51, 0xcd, 0xb3, 0xd5, 0x15, 0xde, 0x15, 0xde, 0x15, 0xde,
        0xb3, 0xd5, 0x71, 0xd5, 0x92, 0xd5, 0xb3, 0xd5, 0x92, 0xd5, 0xb3, 0xd5,
        0x92, 0xd5, 0xef, 0xc4, 0x92, 0xd5, 0xd4, 0xdd, 0xf4, 0xdd, 0x77, 0xe6,
        0x1b, 0xf7, 0xff, 0xff, 0xff, 0xff, 0x00, 0x00, 0x00, 0x00, 0x00, 0x00,
        0x00, 0x00, 0x00, 0x00, 0x00, 0x00, 0x00, 0x00, 0x00, 0x00, 0x00, 0x00,
        0x00, 0x00, 0x00, 0x00, 0x00, 0x00, 0x00, 0x00, 0x00, 0x00, 0x00, 0x00,
        0x00, 0x00, 0x00, 0x00, 0x00, 0x00, 0x00, 0x00, 0x00, 0x00, 0x00, 0x00,
        0x00, 0x00, 0x00, 0x00, 0x00, 0x00, 0x00, 0x00, 0x00, 0x00, 0x00, 0x00,
        0x00, 0x00, 0x00, 0x00, 0x00, 0x00, 0x00, 0x00, 0x00, 0x00, 0x00, 0x00,
        0x00, 0x00, 0x00, 0x00, 0x00, 0x00, 0x00, 0x00, 0x00, 0x00, 0x00, 0x00,
        0x00, 0x00, 0x00, 0x00, 0x00, 0x00, 0x00, 0x00, 0x00, 0x00, 0x00, 0x00,
        0x00, 0x00, 0x00, 0x00, 0x00, 0x00, 0x00, 0x00, 0x00, 0x00, 0x00, 0x00,
        0x00, 0x00, 0x00, 0x00, 0x00, 0x00, 0x00, 0x00, 0x00, 0x00, 0x00, 0x00,
        0x00, 0x00, 0x00, 0x00, 0x00, 0x00, 0x00, 0x00, 0x00, 0x00, 0x00, 0x00,
        0x00, 0x00, 0x00, 0x00, 0x00, 0x00, 0x00, 0x00, 0x00, 0x00, 0x00, 0x00,
        0x00, 0x00, 0x00, 0x00, 0x00, 0x00, 0x00, 0x00, 0x00, 0x00, 0x00, 0x00,
        0x00, 0x00, 0x00, 0x00, 0x00, 0x00, 0x00, 0x00, 0x00, 0x00, 0x00, 0x00,
        0x00, 0x00, 0x00, 0x00, 0x00, 0x00, 0x00, 0x00, 0x00, 0x00, 0x00, 0x00,
        0x00, 0x00, 0x00, 0x00, 0x00, 0x00, 0x00, 0x00, 0x00, 0x00, 0xff, 0xff,
        0x5c, 0xf7, 0xfa, 0xee, 0x38, 0xd6, 0x6f, 0xac, 0xec, 0xa3, 0x8b, 0x93,
        0x29, 0x83, 0xc9, 0x7a, 0xcb, 0x9b, 0x4d, 0xac, 0xae, 0xbc, 0xf0, 0xbc,
        0xae, 0xbc, 0xcf, 0xbc, 0x10, 0xc5, 0x8e, 0xb4, 0x32, 0xc5, 0x32, 0xc5,
        0x53, 0xc5, 0xb4, 0xcd, 0xd4, 0xd5, 0x15, 0xde, 0xd4, 0xd5, 0xf4, 0xdd,
        0x56, 0xe6, 0xb8, 0xee, 0x77, 0xe6, 0x77, 0xe6, 0x36, 0xe6, 0x77, 0xe6,
        0x57, 0xe6, 0xb8, 0xee, 0xd9, 0xee, 0xb8, 0xee, 0xf9, 0xee, 0xd9, 0xee,
        0x97, 0xee, 0x97, 0xee, 0xb8, 0xee, 0xb8, 0xf6, 0xb8, 0xf6, 0xf9, 0xf6,
        0xf9, 0xf6, 0xf9, 0xf6, 0xf9, 0xf6, 0x1a, 0xf7, 0x1b, 0xf7, 0xf9, 0xf6,
        0xd9, 0xee, 0xb8, 0xe6, 0x15, 0xe6, 0x92, 0xd5, 0x92, 0xd5, 0xef, 0xc4,
        0x51, 0xcd, 0x51, 0xcd, 0x10, 0xc5, 0x10, 0xc5, 0xcf, 0xbc, 0x71, 0xd5,
        0x98, 0xe6, 0xd4, 0xdd, 0xb3, 0xd5, 0x92, 0xd5, 0xd4, 0xd5, 0x92, 0xd5,
        0x15, 0xde, 0x98, 0xe6, 0x56, 0xe6, 0x56, 0xe6, 0x77, 0xe6, 0x15, 0xe6,
        0x14, 0xde, 0xd4, 0xdd, 0xb2, 0xd5, 0xf4, 0xdd, 0x77, 0xe6, 0x77, 0xe6,
        0x98, 0xe6, 0xb8, 0xee, 0xf9, 0xee, 0xf9, 0xee, 0x1a, 0xf7, 0x1b, 0xf7,
        0x1a, 0xf7, 0xd9, 0xee, 0x97, 0xee, 0x14, 0xe6, 0x76, 0xee, 0x97, 0xee,
        0x97, 0xee, 0xf9, 0xee, 0xd9, 0xee, 0xd9, 0xee, 0x57, 0xe6, 0x76, 0xee,
        0xb9, 0xee, 0xd9, 0xee, 0xb9, 0xee, 0xd9, 0xee, 0xb8, 0xe6, 0x98, 0xe6,
        0x98, 0xe6, 0x77, 0xe6, 0xb8, 0xe6, 0xd9, 0xe6, 0x77, 0xe6, 0x57, 0xde,
        0x15, 0xde, 0x92, 0xd5, 0x72, 0xcd, 0x92, 0xd5, 0x72, 0xcd, 0xf0, 0xbc,
        0xa7, 0x7a, 0x84, 0x59, 0x84, 0x49, 0x23, 0x41, 0x84, 0x59, 0x66, 0x7a,
        0x28, 0x93, 0x48, 0x9b, 0xca, 0xa3, 0x89, 0xa3, 0x2b, 0xb4, 0xef, 0xc4,
        0xd4, 0xdd, 0x15, 0xde, 0x57, 0xe6, 0x77, 0xe6, 0x98, 0xe6, 0x98, 0xe6,
        0x57, 0xe6, 0x15, 0xde, 0x15, 0xde, 0x35, 0xde, 0xb3, 0xd5, 0x10, 0xc5,
        0x72, 0xcd, 0x32, 0xc5, 0x8e, 0xb4, 0xae, 0xbc, 0x72, 0xcd, 0x56, 0xe6,
        0xd9, 0xee, 0xff, 0xff, 0x00, 0x00, 0xff, 0xff, 0x00, 0x00, 0x00, 0x00,
        0x00, 0x00, 0x00, 0x00, 0x00, 0x00, 0x00, 0x00, 0x00, 0x00, 0x00, 0x00,
        0x00, 0x00, 0x00, 0x00, 0x00, 0x00, 0x00, 0x00, 0x00, 0x00, 0x00, 0x00,
        0x00, 0x00, 0x00, 0x00, 0x00, 0x00, 0x00, 0x00, 0x00, 0x00, 0x00, 0x00,
        0x00, 0x00, 0x00, 0x00, 0x00, 0x00, 0x00, 0x00, 0x00, 0x00, 0x00, 0x00,
        0x00, 0x00, 0x00, 0x00, 0x00, 0x00, 0x00, 0x00, 0x00, 0x00, 0x00, 0x00,
        0x00, 0x00, 0x00, 0x00, 0x00, 0x00, 0x00, 0x00, 0x00, 0x00, 0x00, 0x00,
        0x00, 0x00, 0x00, 0x00, 0x00, 0x00, 0x00, 0x00, 0x00, 0x00, 0x00, 0x00,
        0x00, 0x00, 0x00, 0x00, 0x00, 0x00, 0x00, 0x00, 0x00, 0x00, 0x00, 0x00,
        0x00, 0x00, 0x00, 0x00, 0x00, 0x00, 0x00, 0x00, 0x00, 0x00, 0x00, 0x00,
        0x00, 0x00, 0x00, 0x00, 0x00, 0x00, 0x00, 0x00, 0x00, 0x00, 0x00, 0x00,
        0x00, 0x00, 0x00, 0x00, 0x00, 0x00, 0x00, 0x00, 0x00, 0x00, 0x00, 0x00,
        0x00, 0x00, 0x00, 0x00, 0x00, 0x00, 0x00, 0x00, 0x00, 0x00, 0x00, 0x00,
        0x00, 0x00, 0x00, 0x00, 0x00, 0x00, 0x00, 0x00, 0x00, 0x00, 0x00, 0x00,
        0x00, 0x00, 0x00, 0x00, 0x00, 0x00, 0x00, 0x00, 0x00, 0x00, 0x00, 0x00,
        0xff, 0xff, 0xff, 0xff, 0xff, 0xff, 0xff, 0xff, 0x7d, 0xf7, 0x1b, 0xf7,
        0x38, 0xd6, 0x93, 0xcd, 0x2e, 0xa4, 0xcb, 0x9b, 0x4a, 0x8b, 0xa7, 0x7a,
        0xa7, 0x7a, 0x6a, 0x9b, 0xcb, 0x9b, 0xcb, 0x9b, 0x0c, 0xac, 0x8e, 0xb4,
        0x8e, 0xb4, 0x8e, 0xb4, 0xb0, 0xb4, 0x93, 0xcd, 0x53, 0xc5, 0x32, 0xc5,
        0x93, 0xcd, 0xb3, 0xd5, 0xb3, 0xd5, 0xb3, 0xd5, 0x15, 0xde, 0x36, 0xe6,
        0x98, 0xe6, 0x77, 0xe6, 0x36, 0xe6, 0x36, 0xe6, 0xf4, 0xdd, 0x35, 0xde,
        0x77, 0xe6, 0x77, 0xe6, 0x98, 0xe6, 0x1a, 0xf7, 0xf9, 0xee, 0xf9, 0xee,
        0xf9, 0xee, 0xf9, 0xee, 0xb8, 0xf6, 0xd8, 0xf6, 0xf9, 0xf6, 0xb8, 0xf6,
        0xb8, 0xf6, 0xb8, 0xf6, 0xd8, 0xf6, 0xb8, 0xee, 0x76, 0xee, 0x76, 0xee,
        0x56, 0xe6, 0xb2, 0xd5, 0x50, 0xcd, 0x0f, 0xcd, 0x4c, 0xbc, 0xad, 0xc4,
        0xad, 0xc4, 0x2b, 0xbc, 0x2b, 0xb4, 0xae, 0xbc, 0xca, 0xa3, 0xcb, 0x9b,
        0xf0, 0xbc, 0x72, 0xcd, 0x32, 0xc5, 0x32, 0xc5, 0x8e, 0xb4, 0xcb, 0x9b,
        0x8e, 0xb4, 0x15, 0xde, 0xb8, 0xee, 0x77, 0xe6, 0x56, 0xe6, 0x15, 0xe6,
        0xf4, 0xdd, 0xd4, 0xdd, 0x71, 0xd5, 0x0f, 0xcd, 0xf4, 0xdd, 0x56, 0xe6,
        0x98, 0xe6, 0xb8, 0xee, 0xf9, 0xee, 0x1a, 0xf7, 0xf9, 0xee, 0x1b, 0xf7,
        0x1b, 0xf7, 0xd9, 0xee, 0x77, 0xe6, 0x56, 0xe6, 0x97, 0xee, 0x97, 0xee,
        0x98, 0xe6, 0xf9, 0xf6, 0xd9, 0xee, 0xd9, 0xee, 0x76, 0xee, 0x15, 0xe6,
        0x77, 0xe6, 0xd9, 0xee, 0xd9, 0xee, 0x98, 0xe6, 0xb8, 0xe6, 0xb8, 0xe6,
        0x77, 0xe6, 0x77, 0xe6, 0x98, 0xe6, 0xb8, 0xe6, 0x77, 0xe6, 0x36, 0xe6,
        0x35, 0xde, 0x72, 0xcd, 0x72, 0xcd, 0x72, 0xcd, 0x72, 0xcd, 0xae, 0xbc,
        0x29, 0x83, 0xc4, 0x61, 0x23, 0x41, 0xc4, 0x61, 0xa7, 0x82, 0x48, 0x9b,
        0x8d, 0xbc, 0xce, 0xc4, 0x30, 0xcd, 0x51, 0xcd, 0x72, 0xcd, 0x92, 0xd5,
        0x15, 0xde, 0x57, 0xe6, 0x98, 0xe6, 0x98, 0xe6, 0xd9, 0xee, 0xfa, 0xf6,
        0x98, 0xe6, 0x35, 0xde, 0xd4, 0xd5, 0x51, 0xcd, 0x51, 0xcd, 0x32, 0xc5,
        0x10, 0xc5, 0x6f, 0xac, 0x4d, 0xac, 0x0c, 0xac, 0x2c, 0xb4, 0x71, 0xd5,
        0x16, 0xd6, 0xbf, 0xff, 0x00, 0x00, 0xff, 0xff, 0x00, 0x00, 0x00, 0x00,
        0x00, 0x00, 0x00, 0x00, 0x00, 0x00, 0x00, 0x00, 0x00, 0x00, 0x00, 0x00,
        0x00, 0x00, 0x00, 0x00, 0x00, 0x00, 0x00, 0x00, 0x00, 0x00, 0x00, 0x00,
        0x00, 0x00, 0x00, 0x00, 0x00, 0x00, 0x00, 0x00, 0x00, 0x00, 0x00, 0x00,
        0x00, 0x00, 0x00, 0x00, 0x00, 0x00, 0x00, 0x00, 0x00, 0x00, 0x00, 0x00,
        0x00, 0x00, 0x00, 0x00, 0x00, 0x00, 0x00, 0x00, 0x00, 0x00, 0x00, 0x00,
        0x00, 0x00, 0x00, 0x00, 0x00, 0x00, 0x00, 0x00, 0x00, 0x00, 0x00, 0x00,
        0x00, 0x00, 0x00, 0x00, 0x00, 0x00, 0x00, 0x00, 0x00, 0x00, 0x00, 0x00,
        0x00, 0x00, 0x00, 0x00, 0x00, 0x00, 0x00, 0x00, 0x00, 0x00, 0x00, 0x00,
        0x00, 0x00, 0x00, 0x00, 0x00, 0x00, 0x00, 0x00, 0x00, 0x00, 0x00, 0x00,
        0x00, 0x00, 0x00, 0x00, 0x00, 0x00, 0x00, 0x00, 0x00, 0x00, 0x00, 0x00,
        0x00, 0x00, 0x00, 0x00, 0x00, 0x00, 0x00, 0x00, 0x00, 0x00, 0x00, 0x00,
        0x00, 0x00, 0x00, 0x00, 0x00, 0x00, 0x00, 0x00, 0x00, 0x00, 0x00, 0x00,
        0x00, 0x00, 0x00, 0x00, 0x00, 0x00, 0x00, 0x00, 0x00, 0x00, 0x00, 0x00,
        0x00, 0x00, 0x00, 0x00, 0x00, 0x00, 0x00, 0x00, 0x00, 0x00, 0x00, 0x00,
        0x00, 0x00, 0x00, 0x00, 0xff, 0xff, 0x7d, 0xf7, 0xfa, 0xee, 0x78, 0xde,
        0x53, 0xc5, 0x6f, 0xac, 0x2e, 0xa4, 0x4a, 0x8b, 0xe8, 0x82, 0xa7, 0x7a,
        0x47, 0x6a, 0xe8, 0x82, 0xa7, 0x7a, 0xe8, 0x82, 0xe8, 0x82, 0x4d, 0xac,
        0xec, 0xa3, 0xcb, 0x9b, 0x8e, 0xb4, 0xb0, 0xb4, 0xf0, 0xbc, 0x32, 0xc5,
        0x32, 0xc5, 0x93, 0xcd, 0xd4, 0xd5, 0x35, 0xde, 0x35, 0xde, 0x98, 0xe6,
        0xd9, 0xe6, 0x77, 0xe6, 0x77, 0xe6, 0x57, 0xe6, 0x35, 0xde, 0x98, 0xe6,
        0x98, 0xe6, 0x57, 0xe6, 0xf9, 0xee, 0x1a, 0xf7, 0xf9, 0xee, 0xf9, 0xee,
        0x1a, 0xf7, 0x1a, 0xf7, 0xf9, 0xf6, 0xd8, 0xf6, 0x97, 0xee, 0x96, 0xee,
        0xd8, 0xf6, 0xb7, 0xf6, 0x96, 0xee, 0x35, 0xe6, 0x14, 0xe6, 0x34, 0xe6,
        0xd2, 0xe5, 0x91, 0xd5, 0x91, 0xd5, 0xcd, 0xcc, 0x50, 0xcd, 0x2f, 0xd5,
        0xcd, 0xcc, 0x0f, 0xcd, 0x51, 0xcd, 0xad, 0xc4, 0xc6, 0x8a, 0xe7, 0x92,
        0xcb, 0x9b, 0x4a, 0x8b, 0x29, 0x83, 0x4a, 0x8b, 0x4a, 0x8b, 0x88, 0x6a,
        0x4a, 0x8b, 0xec, 0xa3, 0x15, 0xde, 0x36, 0xe6, 0x77, 0xe6, 0x77, 0xe6,
        0x56, 0xe6, 0xf4, 0xdd, 0xd4, 0xdd, 0x30, 0xcd, 0x30, 0xcd, 0xf4, 0xdd,
        0x77, 0xe6, 0xd9, 0xee, 0xd9, 0xee, 0xf9, 0xee, 0x1a, 0xf7, 0x1a, 0xf7,
        0x1a, 0xf7, 0xf9, 0xee, 0x77, 0xe6, 0x77, 0xe6, 0xb8, 0xee, 0x98, 0xe6,
        0x98, 0xe6, 0xd8, 0xee, 0xb9, 0xee, 0xb8, 0xe6, 0x77, 0xe6, 0x15, 0xe6,
        0xf4, 0xdd, 0x57, 0xe6, 0xb8, 0xe6, 0x57, 0xe6, 0x77, 0xe6, 0xd9, 0xee,
        0x57, 0xe6, 0x77, 0xe6, 0x98, 0xe6, 0x98, 0xe6, 0x98, 0xe6, 0x36, 0xe6,
        0x35, 0xde, 0x51, 0xcd, 0x51, 0xcd, 0x72, 0xcd, 0x92, 0xd5, 0x8e, 0xb4,
        0xe8, 0x82, 0x66, 0x7a, 0xc4, 0x61, 0xe8, 0x82, 0x2c, 0xb4, 0xef, 0xc4,
        0x92, 0xd5, 0xd4, 0xd5, 0x15, 0xde, 0x37, 0xde, 0x15, 0xde, 0x37, 0xde,
        0x57, 0xe6, 0x37, 0xde, 0x98, 0xe6, 0xfa, 0xee, 0xfa, 0xee, 0xd9, 0xee,
        0xb9, 0xee, 0x16, 0xd6, 0x15, 0xde, 0x32, 0xc5, 0x0c, 0xac, 0x4d, 0xac,
        0x6f, 0xac, 0x2e, 0xa4, 0x8b, 0x93, 0x4d, 0xac, 0x8e, 0xb4, 0xce, 0xc4,
        0x77, 0xe6, 0xff, 0xff, 0x00, 0x00, 0xff, 0xff, 0x00, 0x00, 0x00, 0x00,
        0x00, 0x00, 0x00, 0x00, 0x00, 0x00, 0x00, 0x00, 0x00, 0x00, 0x00, 0x00,
        0x00, 0x00, 0x00, 0x00, 0x00, 0x00, 0x00, 0x00, 0x00, 0x00, 0x00, 0x00,
        0x00, 0x00, 0x00, 0x00, 0x00, 0x00, 0x00, 0x00, 0x00, 0x00, 0x00, 0x00,
        0x00, 0x00, 0x00, 0x00, 0x00, 0x00, 0x00, 0x00, 0x00, 0x00, 0x00, 0x00,
        0x00, 0x00, 0x00, 0x00, 0x00, 0x00, 0x00, 0x00, 0x00, 0x00, 0x00, 0x00,
        0x00, 0x00, 0x00, 0x00, 0x00, 0x00, 0x00, 0x00, 0x00, 0x00, 0x00, 0x00,
        0x00, 0x00, 0x00, 0x00, 0x00, 0x00, 0x00, 0x00, 0x00, 0x00, 0x00, 0x00,
        0x00, 0x00, 0x00, 0x00, 0x00, 0x00, 0x00, 0x00, 0x00, 0x00, 0x00, 0x00,
        0x00, 0x00, 0x00, 0x00, 0x00, 0x00, 0x00, 0x00, 0x00, 0x00, 0x00, 0x00,
        0x00, 0x00, 0x00, 0x00, 0x00, 0x00, 0x00, 0x00, 0x00, 0x00, 0x00, 0x00,
        0x00, 0x00, 0x00, 0x00, 0x00, 0x00, 0x00, 0x00, 0x00, 0x00, 0x00, 0x00,
        0x00, 0x00, 0x00, 0x00, 0x00, 0x00, 0x00, 0x00, 0x00, 0x00, 0x00, 0x00,
        0x00, 0x00, 0x00, 0x00, 0x00, 0x00, 0x00, 0x00, 0x00, 0x00, 0x00, 0x00,
        0x00, 0x00, 0x00, 0x00, 0x00, 0x00, 0x00, 0x00, 0x00, 0x00, 0xff, 0xff,
        0xff, 0xff, 0x7d, 0xf7, 0x5c, 0xf7, 0xfa, 0xee, 0x38, 0xd6, 0x53, 0xc5,
        0xb0, 0xb4, 0x4d, 0xac, 0x4d, 0xac, 0xec, 0xa3, 0x6a, 0x9b, 0xe8, 0x82,
        0xa7, 0x7a, 0x66, 0x7a, 0x26, 0x6a, 0xa7, 0x7a, 0x4d, 0xac, 0xec, 0xa3,
        0xe8, 0x82, 0xcb, 0x9b, 0xec, 0xa3, 0x0c, 0xac, 0xb0, 0xb4, 0xf0, 0xbc,
        0xf0, 0xbc, 0x93, 0xcd, 0x77, 0xe6, 0x77, 0xe6, 0x77, 0xe6, 0xb8, 0xe6,
        0x77, 0xe6, 0x77, 0xe6, 0x77, 0xe6, 0xd9, 0xee, 0xb8, 0xe6, 0x57, 0xe6,
        0x35, 0xde, 0xb8, 0xe6, 0x1a, 0xf7, 0x1a, 0xf7, 0xf9, 0xee, 0x1a, 0xf7,
        0x1b, 0xf7, 0x1b, 0xf7, 0xf9, 0xf6, 0xb8, 0xf6, 0x97, 0xee, 0xf9, 0xf6,
        0xd8, 0xf6, 0xb8, 0xf6, 0xb8, 0xf6, 0x96, 0xee, 0x97, 0xee, 0x76, 0xee,
        0x34, 0xe6, 0x35, 0xe6, 0xd2, 0xe5, 0x35, 0xe6, 0x35, 0xe6, 0xd2, 0xe5,
        0xb2, 0xdd, 0x70, 0xd5, 0xce, 0xc4, 0xa9, 0xab, 0x47, 0xa3, 0x2b, 0xb4,
        0xa7, 0x82, 0xa7, 0x7a, 0x84, 0x59, 0xa7, 0x7a, 0x26, 0x6a, 0xc5, 0x51,
        0x29, 0x83, 0xc4, 0x61, 0x4d, 0xac, 0x92, 0xd5, 0xf4, 0xdd, 0x36, 0xe6,
        0x36, 0xe6, 0x14, 0xde, 0xf4, 0xdd, 0xb2, 0xd5, 0x0f, 0xcd, 0x71, 0xd5,
        0x56, 0xe6, 0xf9, 0xee, 0xd9, 0xee, 0xf9, 0xee, 0x1a, 0xf7, 0x1a, 0xf7,
        0xfa, 0xee, 0xf9, 0xee, 0x98, 0xe6, 0x77, 0xe6, 0x98, 0xe6, 0xb8, 0xee,
        0xb8, 0xe6, 0x98, 0xe6, 0xb9, 0xee, 0x98, 0xe6, 0x77, 0xe6, 0x56, 0xe6,
        0xf4, 0xdd, 0x36, 0xe6, 0x98, 0xe6, 0x77, 0xe6, 0x15, 0xe6, 0x98, 0xe6,
        0x77, 0xe6, 0x77, 0xe6, 0x77, 0xe6, 0x77, 0xe6, 0x98, 0xe6, 0x36, 0xe6,
        0x15, 0xde, 0x51, 0xcd, 0xef, 0xc4, 0x10, 0xc5, 0x92, 0xd5, 0xf0, 0xbc,
        0x26, 0x6a, 0xa7, 0x7a, 0xe8, 0x82, 0x2b, 0xb4, 0xcf, 0xbc, 0x10, 0xc5,
        0x72, 0xcd, 0xb3, 0xd5, 0x16, 0xd6, 0x57, 0xde, 0x57, 0xde, 0x37, 0xde,
        0x57, 0xde, 0x57, 0xde, 0x15, 0xde, 0xb4, 0xcd, 0xfa, 0xee, 0x5b, 0xf7,
        0x57, 0xde, 0xd4, 0xd5, 0x6f, 0xac, 0x6f, 0xac, 0x6f, 0xac, 0x29, 0x83,
        0xc9, 0x7a, 0xa7, 0x7a, 0x29, 0x83, 0xe8, 0x82, 0x6a, 0x9b, 0x51, 0xcd,
        0x37, 0xde, 0x00, 0x00, 0xff, 0xff, 0x00, 0x00, 0x00, 0x00, 0x00, 0x00,
        0x00, 0x00, 0x00, 0x00, 0x00, 0x00, 0x00, 0x00, 0x00, 0x00, 0x00, 0x00,
        0x00, 0x00, 0x00, 0x00, 0x00, 0x00, 0x00, 0x00, 0x00, 0x00, 0x00, 0x00,
        0x00, 0x00, 0x00, 0x00, 0x00, 0x00, 0x00, 0x00, 0x00, 0x00, 0x00, 0x00,
        0x00, 0x00, 0x00, 0x00, 0x00, 0x00, 0x00, 0x00, 0x00, 0x00, 0x00, 0x00,
        0x00, 0x00, 0x00, 0x00, 0x00, 0x00, 0x00, 0x00, 0x00, 0x00, 0x00, 0x00,
        0x00, 0x00, 0x00, 0x00, 0x00, 0x00, 0x00, 0x00, 0x00, 0x00, 0x00, 0x00,
        0x00, 0x00, 0x00, 0x00, 0x00, 0x00, 0x00, 0x00, 0x00, 0x00, 0x00, 0x00,
        0x00, 0x00, 0x00, 0x00, 0x00, 0x00, 0x00, 0x00, 0x00, 0x00, 0x00, 0x00,
        0x00, 0x00, 0x00, 0x00, 0x00, 0x00, 0x00, 0x00, 0x00, 0x00, 0x00, 0x00,
        0x00, 0x00, 0x00, 0x00, 0x00, 0x00, 0x00, 0x00, 0x00, 0x00, 0x00, 0x00,
        0x00, 0x00, 0x00, 0x00, 0x00, 0x00, 0x00, 0x00, 0x00, 0x00, 0x00, 0x00,
        0x00, 0x00, 0x00, 0x00, 0x00, 0x00, 0x00, 0x00, 0x00, 0x00, 0x00, 0x00,
        0x00, 0x00, 0x00, 0x00, 0x00, 0x00, 0x00, 0x00, 0x00, 0x00, 0x00, 0x00,
        0x00, 0x00, 0x00, 0x00, 0x00, 0x00, 0xff, 0xff, 0xff, 0xff, 0xff, 0xff,
        0xbf, 0xff, 0xbf, 0xff, 0x1b, 0xf7, 0x57, 0xde, 0x53, 0xc5, 0x6f, 0xac,
        0x0c, 0xac, 0x8e, 0xb4, 0x8e, 0xb4, 0xec, 0xa3, 0xec, 0xa3, 0x6a, 0x9b,
        0xe8, 0x82, 0xa7, 0x7a, 0xa7, 0x7a, 0xcb, 0x9b, 0x0c, 0xac, 0x29, 0x83,
        0x4a, 0x8b, 0x29, 0x83, 0x4a, 0x8b, 0x4d, 0xac, 0x32, 0xc5, 0xb0, 0xb4,
        0x32, 0xc5, 0x93, 0xcd, 0xd4, 0xd5, 0x35, 0xde, 0x77, 0xe6, 0x57, 0xe6,
        0x77, 0xe6, 0x77, 0xe6, 0xd9, 0xee, 0x77, 0xe6, 0x35, 0xde, 0x77, 0xe6,
        0xd9, 0xee, 0xd9, 0xee, 0x98, 0xe6, 0x98, 0xe6, 0xb8, 0xe6, 0xf9, 0xee,
        0x1b, 0xf7, 0x1b, 0xf7, 0x1a, 0xf7, 0x1a, 0xf7, 0x1a, 0xf7, 0x1a, 0xf7,
        0xb8, 0xf6, 0xb8, 0xf6, 0xb8, 0xf6, 0xb7, 0xf6, 0x97, 0xee, 0x96, 0xee,
        0x76, 0xee, 0x96, 0xee, 0xb8, 0xf6, 0x97, 0xee, 0x76, 0xee, 0x35, 0xe6,
        0xb2, 0xdd, 0x50, 0xd5, 0x8c, 0xc4, 0xc9, 0xb3, 0x2b, 0xbc, 0xa9, 0xab,
        0xc6, 0x8a, 0x66, 0x7a, 0xc4, 0x61, 0xa7, 0x7a, 0x84, 0x59, 0x26, 0x6a,
        0x88, 0x6a, 0xc4, 0x61, 0xe8, 0x82, 0xae, 0xbc, 0x92, 0xd5, 0x36, 0xe6,
        0x36, 0xe6, 0x14, 0xde, 0x14, 0xde, 0xf4, 0xdd, 0xb2, 0xd5, 0x50, 0xcd,
        0xf4, 0xdd, 0xf9, 0xee, 0xf9, 0xee, 0xf9, 0xee, 0x1a, 0xf7, 0x1a, 0xf7,
        0x1b, 0xf7, 0xf9, 0xee, 0xb8, 0xe6, 0x97, 0xee, 0x98, 0xe6, 0xd9, 0xee,
        0xb8, 0xe6, 0xd9, 0xee, 0xb9, 0xee, 0x98, 0xe6, 0x77, 0xe6, 0x56, 0xe6,
        0x35, 0xde, 0x36, 0xe6, 0x77, 0xe6, 0x36, 0xe6, 0x14, 0xde, 0x36, 0xe6,
        0x77, 0xe6, 0x36, 0xe6, 0x98, 0xe6, 0x77, 0xe6, 0x57, 0xde, 0x35, 0xde,
        0xb3, 0xd5, 0x72, 0xcd, 0x10, 0xc5, 0xcf, 0xbc, 0x51, 0xcd, 0x32, 0xc5,
        0x26, 0x6a, 0x28, 0x93, 0x2b, 0xb4, 0x8d, 0xbc, 0xce, 0xc4, 0xce, 0xc4,
        0xce, 0xc4, 0xef, 0xc4, 0x10, 0xc5, 0x72, 0xcd, 0xd4, 0xd5, 0x37, 0xde,
        0x93, 0xcd, 0x92, 0xd5, 0xf5, 0xd5, 0x93, 0xcd, 0x93, 0xcd, 0x38, 0xd6,
        0xb4, 0xcd, 0x53, 0xc5, 0xf0, 0xbc, 0x88, 0x6a, 0x4a, 0x8b, 0xcc, 0x93,
        0xc9, 0x7a, 0xe8, 0x82, 0xe8, 0x82, 0xcb, 0x9b, 0x6d, 0xb4, 0x76, 0xee,
        0x1b, 0xf7, 0x00, 0x00, 0xff, 0xff, 0x00, 0x00, 0x00, 0x00, 0x00, 0x00,
        0x00, 0x00, 0x00, 0x00, 0x00, 0x00, 0x00, 0x00, 0x00, 0x00, 0x00, 0x00,
        0x00, 0x00, 0x00, 0x00, 0x00, 0x00, 0x00, 0x00, 0x00, 0x00, 0x00, 0x00,
        0x00, 0x00, 0x00, 0x00, 0x00, 0x00, 0x00, 0x00, 0x00, 0x00, 0x00, 0x00,
        0x00, 0x00, 0x00, 0x00, 0x00, 0x00, 0x00, 0x00, 0x00, 0x00, 0x00, 0x00,
        0x00, 0x00, 0x00, 0x00, 0x00, 0x00, 0x00, 0x00, 0x00, 0x00, 0x00, 0x00,
        0x00, 0x00, 0x00, 0x00, 0x00, 0x00, 0x00, 0x00, 0x00, 0x00, 0x00, 0x00,
        0x00, 0x00, 0x00, 0x00, 0x00, 0x00, 0x00, 0x00, 0x00, 0x00, 0x00, 0x00,
        0x00, 0x00, 0x00, 0x00, 0x00, 0x00, 0x00, 0x00, 0x00, 0x00, 0x00, 0x00,
        0x00, 0x00, 0x00, 0x00, 0x00, 0x00, 0x00, 0x00, 0x00, 0x00, 0x00, 0x00,
        0x00, 0x00, 0x00, 0x00, 0x00, 0x00, 0x00, 0x00, 0x00, 0x00, 0x00, 0x00,
        0x00, 0x00, 0x00, 0x00, 0x00, 0x00, 0x00, 0x00, 0x00, 0x00, 0x00, 0x00,
        0x00, 0x00, 0x00, 0x00, 0x00, 0x00, 0x00, 0x00, 0x00, 0x00, 0x00, 0x00,
        0x00, 0x00, 0x00, 0x00, 0x00, 0x00, 0x00, 0x00, 0x00, 0x00, 0x00, 0x00,
        0x00, 0x00, 0xff, 0xff, 0xff, 0xff, 0x00, 0x00, 0x00, 0x00, 0xff, 0xff,
        0x7d, 0xf7, 0x1b, 0xf7, 0x38, 0xd6, 0xb0, 0xb4, 0x8b, 0x93, 0x4a, 0x8b,
        0xcb, 0x9b, 0xcc, 0x93, 0x4a, 0x8b, 0xec, 0xa3, 0x0c, 0xac, 0xec, 0xa3,
        0xe8, 0x82, 0xe8, 0x82, 0x4a, 0x8b, 0xec, 0xa3, 0x4a, 0x8b, 0xe8, 0x82,
        0xa7, 0x7a, 0xa7, 0x7a, 0xec, 0xa3, 0xb0, 0xb4, 0x0c, 0xac, 0x4d, 0xac,
        0xf0, 0xbc, 0x72, 0xcd, 0xb3, 0xd5, 0x15, 0xde, 0x36, 0xe6, 0x36, 0xe6,
        0x57, 0xe6, 0x77, 0xe6, 0x77, 0xe6, 0x35, 0xde, 0x77, 0xe6, 0x77, 0xe6,
        0x77, 0xe6, 0x77, 0xe6, 0x77, 0xe6, 0x77, 0xe6, 0xd9, 0xee, 0xd9, 0xee,
        0xf9, 0xee, 0xf9, 0xee, 0x1a, 0xf7, 0x1a, 0xf7, 0xf9, 0xf6, 0xb8, 0xf6,
        0xb8, 0xf6, 0x97, 0xee, 0x96, 0xee, 0x76, 0xee, 0x76, 0xee, 0x76, 0xee,
        0x97, 0xee, 0xb7, 0xf6, 0xd8, 0xf6, 0xd8, 0xf6, 0xb7, 0xf6, 0x55, 0xee,
        0xf3, 0xe5, 0x91, 0xdd, 0x8c, 0xc4, 0x8c, 0xc4, 0x4b, 0xbc, 0x68, 0xa3,
        0xe7, 0x92, 0x66, 0x7a, 0x66, 0x7a, 0x25, 0x72, 0x84, 0x59, 0x26, 0x6a,
        0x06, 0x5a, 0xc4, 0x61, 0xa7, 0x7a, 0xa7, 0x82, 0xae, 0xbc, 0xd4, 0xd5,
        0xf4, 0xdd, 0xf4, 0xdd, 0x15, 0xde, 0x15, 0xde, 0xd4, 0xdd, 0xd3, 0xdd,
        0x71, 0xd5, 0xd9, 0xee, 0xf9, 0xee, 0xf9, 0xee, 0xd9, 0xee, 0x1b, 0xf7,
        0x1b, 0xf7, 0xf9, 0xee, 0xb8, 0xe6, 0xb8, 0xe6, 0x77, 0xe6, 0xd9, 0xe6,
        0xd9, 0xee, 0x98, 0xe6, 0xb9, 0xee, 0xd8, 0xee, 0x77, 0xe6, 0x56, 0xe6,
        0x14, 0xde, 0x15, 0xe6, 0x98, 0xe6, 0x36, 0xe6, 0x36, 0xe6, 0x15, 0xe6,
        0x98, 0xe6, 0x35, 0xe6, 0x77, 0xe6, 0x98, 0xe6, 0x57, 0xe6, 0x15, 0xde,
        0x72, 0xcd, 0x10, 0xc5, 0x10, 0xc5, 0xae, 0xbc, 0xcf, 0xbc, 0x6f, 0xac,
        0x66, 0x7a, 0x2b, 0xb4, 0x8d, 0xbc, 0xad, 0xc4, 0xef, 0xc4, 0xce, 0xc4,
        0xce, 0xc4, 0x30, 0xcd, 0x30, 0xcd, 0xef, 0xc4, 0xef, 0xc4, 0xb3, 0xd5,
        0xb3, 0xd5, 0xcf, 0xbc, 0xcf, 0xbc, 0x10, 0xc5, 0x8e, 0xb4, 0x4d, 0xac,
        0xb0, 0xb4, 0x6f, 0xac, 0x8e, 0xb4, 0x4d, 0xac, 0x4a, 0x8b, 0x4d, 0xac,
        0xb0, 0xb4, 0x4d, 0xac, 0x2c, 0xb4, 0xae, 0xbc, 0x14, 0xe6, 0xb9, 0xee,
        0x7d, 0xf7, 0x00, 0x00, 0xff, 0xff, 0x00, 0x00, 0x00, 0x00, 0x00, 0x00,
        0x00, 0x00, 0x00, 0x00, 0x00, 0x00, 0x00, 0x00, 0x00, 0x00, 0x00, 0x00,
        0x00, 0x00, 0x00, 0x00, 0x00, 0x00, 0x00, 0x00, 0x00, 0x00, 0x00, 0x00,
        0x00, 0x00, 0x00, 0x00, 0x00, 0x00, 0x00, 0x00, 0x00, 0x00, 0x00, 0x00,
        0x00, 0x00, 0x00, 0x00, 0x00, 0x00, 0x00, 0x00, 0x00, 0x00, 0x00, 0x00,
        0x00, 0x00, 0x00, 0x00, 0x00, 0x00, 0x00, 0x00, 0x00, 0x00, 0x00, 0x00,
        0x00, 0x00, 0x00, 0x00, 0x00, 0x00, 0x00, 0x00, 0x00, 0x00, 0x00, 0x00,
        0x00, 0x00, 0x00, 0x00, 0x00, 0x00, 0x00, 0x00, 0x00, 0x00, 0x00, 0x00,
        0x00, 0x00, 0x00, 0x00, 0x00, 0x00, 0x00, 0x00, 0x00, 0x00, 0x00, 0x00,
        0x00, 0x00, 0x00, 0x00, 0x00, 0x00, 0x00, 0x00, 0x00, 0x00, 0x00, 0x00,
        0x00, 0x00, 0x00, 0x00, 0x00, 0x00, 0x00, 0x00, 0x00, 0x00, 0x00, 0x00,
        0x00, 0x00, 0x00, 0x00, 0x00, 0x00, 0x00, 0x00, 0x00, 0x00, 0x00, 0x00,
        0x00, 0x00, 0x00, 0x00, 0x00, 0x00, 0x00, 0x00, 0x00, 0x00, 0x00, 0x00,
        0x00, 0x00, 0x00, 0x00, 0x00, 0x00, 0x00, 0x00, 0x00, 0x00, 0x00, 0x00,
        0xff, 0xff, 0x00, 0x00, 0x00, 0x00, 0x7d, 0xf7, 0x37, 0xde, 0xd6, 0xcd,
        0xf2, 0xb4, 0x6f, 0xac, 0x8b, 0x93, 0x29, 0x83, 0xa7, 0x7a, 0xa7, 0x7a,
        0x88, 0x6a, 0xa7, 0x7a, 0xcc, 0x93, 0x8e, 0xb4, 0x8b, 0x93, 0xe8, 0x82,
        0xe8, 0x82, 0xcb, 0x9b, 0x6a, 0x9b, 0xcb, 0x9b, 0x4a, 0x8b, 0x26, 0x6a,
        0x26, 0x6a, 0x66, 0x7a, 0x4a, 0x8b, 0x4a, 0x8b, 0xcb, 0x9b, 0xf0, 0xbc,
        0xb4, 0xcd, 0xb4, 0xcd, 0x16, 0xd6, 0x35, 0xde, 0x35, 0xde, 0x15, 0xde,
        0xd4, 0xdd, 0x35, 0xde, 0x57, 0xde, 0x77, 0xe6, 0x35, 0xde, 0x35, 0xde,
        0xd9, 0xee, 0xf9, 0xee, 0x77, 0xe6, 0x77, 0xe6, 0xb8, 0xe6, 0xd9, 0xee,
        0xf9, 0xee, 0xd9, 0xee, 0x56, 0xe6, 0x36, 0xe6, 0xb8, 0xee, 0xb8, 0xee,
        0xb8, 0xee, 0x97, 0xee, 0x35, 0xe6, 0x14, 0xe6, 0x35, 0xe6, 0x97, 0xee,
        0x97, 0xee, 0x97, 0xee, 0xf9, 0xf6, 0xf9, 0xf6, 0xb8, 0xf6, 0x97, 0xee,
        0x76, 0xee, 0xf3, 0xe5, 0x91, 0xd5, 0x2f, 0xd5, 0xce, 0xc4, 0x2b, 0xbc,
        0x48, 0x9b, 0x65, 0x82, 0x65, 0x82, 0x25, 0x72, 0x84, 0x59, 0xc4, 0x61,
        0xa7, 0x7a, 0xc5, 0x51, 0xa7, 0x7a, 0x25, 0x72, 0x89, 0xa3, 0x10, 0xc5,
        0xef, 0xc4, 0xb3, 0xd5, 0xb3, 0xd5, 0xd4, 0xd5, 0x92, 0xd5, 0xb3, 0xd5,
        0x71, 0xd5, 0x35, 0xde, 0xd9, 0xee, 0xd9, 0xee, 0xd9, 0xee, 0xf9, 0xee,
        0x1b, 0xf7, 0xd9, 0xee, 0xd9, 0xee, 0x77, 0xe6, 0x98, 0xe6, 0xd9, 0xe6,
        0xd9, 0xee, 0x98, 0xe6, 0xd9, 0xee, 0x98, 0xe6, 0x77, 0xe6, 0x56, 0xe6,
        0x15, 0xe6, 0xd3, 0xdd, 0x98, 0xe6, 0x36, 0xe6, 0x36, 0xe6, 0x35, 0xde,
        0x98, 0xe6, 0x77, 0xe6, 0x57, 0xe6, 0x77, 0xe6, 0x57, 0xde, 0xb3, 0xd5,
        0x32, 0xc5, 0xcf, 0xbc, 0xf0, 0xbc, 0xcb, 0x9b, 0x4d, 0xac, 0x0c, 0xac,
        0x6a, 0x9b, 0xae, 0xbc, 0x6d, 0xb4, 0xce, 0xc4, 0x51, 0xcd, 0x30, 0xcd,
        0xce, 0xc4, 0x30, 0xcd, 0x72, 0xcd, 0x50, 0xcd, 0xce, 0xc4, 0x51, 0xcd,
        0xd4, 0xd5, 0xd4, 0xd5, 0xcf, 0xbc, 0xca, 0xa3, 0xec, 0xa3, 0x8e, 0xb4,
        0xec, 0xa3, 0x4d, 0xac, 0xf0, 0xbc, 0xec, 0xa3, 0x6d, 0xb4, 0xea, 0xab,
        0xef, 0xc4, 0x92, 0xd5, 0x71, 0xd5, 0xd4, 0xdd, 0x97, 0xee, 0xfa, 0xee,
        0xbf, 0xff, 0x00, 0x00, 0xff, 0xff, 0x00, 0x00, 0x00, 0x00, 0x00, 0x00,
        0x00, 0x00, 0x00, 0x00, 0x00, 0x00, 0x00, 0x00, 0x00, 0x00, 0x00, 0x00,
        0x00, 0x00, 0x00, 0x00, 0x00, 0x00, 0x00, 0x00, 0x00, 0x00, 0x00, 0x00,
        0x00, 0x00, 0x00, 0x00, 0x00, 0x00, 0x00, 0x00, 0x00, 0x00, 0x00, 0x00,
        0x00, 0x00, 0x00, 0x00, 0x00, 0x00, 0x00, 0x00, 0x00, 0x00, 0x00, 0x00,
        0x00, 0x00, 0x00, 0x00, 0x00, 0x00, 0x00, 0x00, 0x00, 0x00, 0x00, 0x00,
        0x00, 0x00, 0x00, 0x00, 0x00, 0x00, 0x00, 0x00, 0x00, 0x00, 0x00, 0x00,
        0x00, 0x00, 0x00, 0x00, 0x00, 0x00, 0x00, 0x00, 0x00, 0x00, 0x00, 0x00,
        0x00, 0x00, 0x00, 0x00, 0x00, 0x00, 0x00, 0x00, 0x00, 0x00, 0x00, 0x00,
        0x00, 0x00, 0x00, 0x00, 0x00, 0x00, 0x00, 0x00, 0x00, 0x00, 0x00, 0x00,
        0x00, 0x00, 0x00, 0x00, 0x00, 0x00, 0x00, 0x00, 0x00, 0x00, 0x00, 0x00,
        0x00, 0x00, 0x00, 0x00, 0x00, 0x00, 0x00, 0x00, 0x00, 0x00, 0x00, 0x00,
        0x00, 0x00, 0x00, 0x00, 0x00, 0x00, 0x00, 0x00, 0x00, 0x00, 0x00, 0x00,
        0x00, 0x00, 0x00, 0x00, 0x00, 0x00, 0x00, 0x00, 0xff, 0xff, 0xff, 0xff,
        0x00, 0x00, 0xbf, 0xff, 0x1b, 0xf7, 0x16, 0xd6, 0x53, 0xc5, 0x6f, 0xac,
        0x8b, 0x93, 0x29, 0x83, 0xc9, 0x7a, 0x29, 0x83, 0x88, 0x6a, 0x47, 0x6a,
        0x88, 0x6a, 0x88, 0x6a, 0x29, 0x83, 0x4a, 0x8b, 0xe8, 0x82, 0x4a, 0x8b,
        0x8e, 0xb4, 0x0c, 0xac, 0xcb, 0x9b, 0x0c, 0xac, 0x29, 0x83, 0xa7, 0x7a,
        0xa7, 0x7a, 0x29, 0x83, 0x29, 0x83, 0x8b, 0x93, 0x4d, 0xac, 0xf0, 0xbc,
        0x53, 0xc5, 0x93, 0xcd, 0xb4, 0xcd, 0x15, 0xde, 0x36, 0xe6, 0x35, 0xde,
        0x57, 0xe6, 0x57, 0xde, 0x57, 0xde, 0x36, 0xe6, 0x98, 0xe6, 0xd9, 0xee,
        0xb8, 0xe6, 0xb8, 0xe6, 0x98, 0xe6, 0x98, 0xe6, 0x77, 0xe6, 0xd9, 0xee,
        0xf9, 0xee, 0x77, 0xe6, 0x14, 0xde, 0xf4, 0xdd, 0x98, 0xe6, 0x98, 0xe6,
        0x14, 0xde, 0x91, 0xd5, 0x0f, 0xcd, 0xd3, 0xdd, 0x56, 0xe6, 0x97, 0xee,
        0x56, 0xe6, 0xb8, 0xf6, 0x1a, 0xf7, 0xd8, 0xf6, 0xf9, 0xf6, 0xf9, 0xf6,
        0xb8, 0xf6, 0x76, 0xee, 0x34, 0xe6, 0x14, 0xde, 0x91, 0xd5, 0x0f, 0xcd,
        0x2b, 0xbc, 0x48, 0x9b, 0xe7, 0x92, 0x66, 0x7a, 0x25, 0x72, 0xc4, 0x61,
        0xe8, 0x82, 0xc5, 0x51, 0x26, 0x6a, 0x25, 0x72, 0x48, 0x9b, 0x8d, 0xbc,
        0xae, 0xbc, 0x51, 0xcd, 0xd4, 0xd5, 0xb3, 0xd5, 0xb3, 0xd5, 0x71, 0xd5,
        0xd4, 0xdd, 0xf4, 0xdd, 0x77, 0xe6, 0xb8, 0xe6, 0xd9, 0xee, 0xd9, 0xee,
        0x1b, 0xf7, 0x57, 0xde, 0x98, 0xe6, 0x35, 0xde, 0x98, 0xe6, 0xf9, 0xf6,
        0xb9, 0xee, 0x77, 0xe6, 0xd9, 0xee, 0x98, 0xe6, 0x77, 0xe6, 0x77, 0xe6,
        0x56, 0xe6, 0xf4, 0xdd, 0x36, 0xe6, 0x57, 0xe6, 0x15, 0xe6, 0x36, 0xe6,
        0x98, 0xe6, 0x77, 0xe6, 0x57, 0xe6, 0x36, 0xe6, 0x78, 0xde, 0xb4, 0xcd,
        0xf0, 0xbc, 0xcf, 0xbc, 0x4d, 0xac, 0xe8, 0x82, 0x6a, 0x9b, 0x0c, 0xac,
        0xae, 0xbc, 0xae, 0xbc, 0xef, 0xc4, 0x51, 0xcd, 0x72, 0xcd, 0x51, 0xcd,
        0x30, 0xcd, 0x50, 0xcd, 0x92, 0xd5, 0x92, 0xd5, 0x30, 0xcd, 0xce, 0xc4,
        0x72, 0xcd, 0x15, 0xde, 0xd4, 0xd5, 0x8e, 0xb4, 0x6a, 0x9b, 0xcb, 0x9b,
        0x4d, 0xac, 0xea, 0xab, 0xcf, 0xbc, 0x93, 0xcd, 0x72, 0xcd, 0x51, 0xcd,
        0x10, 0xc5, 0x92, 0xd5, 0x15, 0xde, 0x57, 0xe6, 0xd9, 0xee, 0xfa, 0xee,
        0xbf, 0xff, 0x00, 0x00, 0xff, 0xff, 0x00, 0x00, 0x00, 0x00, 0x00, 0x00,
        0x00, 0x00, 0x00, 0x00, 0x00, 0x00, 0x00, 0x00, 0x00, 0x00, 0x00, 0x00,
        0x00, 0x00, 0x00, 0x00, 0x00, 0x00, 0x00, 0x00, 0x00, 0x00, 0x00, 0x00,
        0x00, 0x00, 0x00, 0x00, 0x00, 0x00, 0x00, 0x00, 0x00, 0x00, 0x00, 0x00,
        0x00, 0x00, 0x00, 0x00, 0x00, 0x00, 0x00, 0x00, 0x00, 0x00, 0x00, 0x00,
        0x00, 0x00, 0x00, 0x00, 0x00, 0x00, 0x00, 0x00, 0x00, 0x00, 0x00, 0x00,
        0x00, 0x00, 0x00, 0x00, 0x00, 0x00, 0x00, 0x00, 0x00, 0x00, 0x00, 0x00,
        0x00, 0x00, 0x00, 0x00, 0x00, 0x00, 0x00, 0x00, 0x00, 0x00, 0x00, 0x00,
        0x00, 0x00, 0x00, 0x00, 0x00, 0x00, 0x00, 0x00, 0x00, 0x00, 0x00, 0x00,
        0x00, 0x00, 0x00, 0x00, 0x00, 0x00, 0x00, 0x00, 0x00, 0x00, 0x00, 0x00,
        0x00, 0x00, 0x00, 0x00, 0x00, 0x00, 0x00, 0x00, 0x00, 0x00, 0x00, 0x00,
        0x00, 0x00, 0x00, 0x00, 0x00, 0x00, 0x00, 0x00, 0x00, 0x00, 0x00, 0x00,
        0x00, 0x00, 0x00, 0x00, 0x00, 0x00, 0x00, 0x00, 0x00, 0x00, 0x00, 0x00,
        0x00, 0x00, 0xff, 0xff, 0xff, 0xff, 0xff, 0xff, 0x00, 0x00, 0xff, 0xff,
        0x5c, 0xf7, 0x1b, 0xf7, 0x16, 0xd6, 0x53, 0xc5, 0x2e, 0xa4, 0x8b, 0x93,
        0x4b, 0x83, 0xc9, 0x7a, 0xa7, 0x7a, 0xa7, 0x7a, 0x26, 0x6a, 0x88, 0x6a,
        0x47, 0x6a, 0xc9, 0x7a, 0xc9, 0x7a, 0xa7, 0x7a, 0x6a, 0x9b, 0xec, 0xa3,
        0xec, 0xa3, 0x4a, 0x8b, 0x4d, 0xac, 0x4a, 0x8b, 0xe8, 0x82, 0x4a, 0x8b,
        0x4a, 0x8b, 0x88, 0x6a, 0xc9, 0x7a, 0xcb, 0x9b, 0xec, 0xa3, 0xf0, 0xbc,
        0xf0, 0xbc, 0x72, 0xcd, 0xb3, 0xd5, 0xd4, 0xd5, 0x35, 0xde, 0x77, 0xe6,
        0x57, 0xde, 0x57, 0xde, 0x98, 0xe6, 0x98, 0xe6, 0xb8, 0xe6, 0x77, 0xe6,
        0x77, 0xe6, 0x98, 0xe6, 0x98, 0xe6, 0x77, 0xe6, 0xb8, 0xee, 0xf9, 0xee,
        0xf9, 0xee, 0xf9, 0xee, 0x77, 0xe6, 0xb3, 0xd5, 0x51, 0xcd, 0x51, 0xcd,
        0xce, 0xc4, 0xad, 0xc4, 0xad, 0xc4, 0xcf, 0xbc, 0xef, 0xc4, 0x51, 0xcd,
        0x14, 0xde, 0x98, 0xe6, 0xb8, 0xee, 0x1a, 0xf7, 0x1b, 0xf7, 0xf9, 0xf6,
        0xd9, 0xee, 0x76, 0xee, 0x98, 0xe6, 0x77, 0xe6, 0x14, 0xde, 0xb2, 0xd5,
        0x0f, 0xcd, 0xac, 0xc4, 0xea, 0xab, 0x28, 0x93, 0x68, 0xa3, 0xa7, 0x82,
        0x6a, 0x9b, 0xc4, 0x61, 0x26, 0x6a, 0xc5, 0x51, 0xa7, 0x82, 0xea, 0xab,
        0x10, 0xc5, 0xef, 0xc4, 0x72, 0xcd, 0x92, 0xd5, 0x72, 0xcd, 0x92, 0xd5,
        0x92, 0xd5, 0xd4, 0xd5, 0xf4, 0xdd, 0x36, 0xe6, 0xb8, 0xe6, 0x98, 0xe6,
        0xfa, 0xee, 0x98, 0xe6, 0x57, 0xde, 0x57, 0xe6, 0x98, 0xe6, 0xd9, 0xee,
        0xb9, 0xee, 0x77, 0xe6, 0xd8, 0xee, 0x98, 0xe6, 0x77, 0xe6, 0x77, 0xe6,
        0x56, 0xe6, 0x14, 0xde, 0x35, 0xde, 0x35, 0xde, 0x15, 0xe6, 0x15, 0xe6,
        0x36, 0xe6, 0x57, 0xde, 0x37, 0xde, 0xd4, 0xd5, 0x16, 0xd6, 0xf5, 0xd5,
        0x8e, 0xb4, 0x4d, 0xac, 0x4a, 0x8b, 0xe8, 0x82, 0x0c, 0xac, 0xae, 0xbc,
        0xef, 0xc4, 0xcf, 0xbc, 0x51, 0xcd, 0x92, 0xd5, 0x72, 0xcd, 0x51, 0xcd,
        0x51, 0xcd, 0x71, 0xd5, 0x92, 0xd5, 0xd4, 0xd5, 0x92, 0xd5, 0xef, 0xc4,
        0x10, 0xc5, 0x92, 0xd5, 0x93, 0xcd, 0x32, 0xc5, 0xcf, 0xbc, 0x48, 0x9b,
        0x48, 0x9b, 0xae, 0xbc, 0x30, 0xcd, 0x51, 0xcd, 0xb3, 0xd5, 0xd4, 0xd5,
        0xd4, 0xd5, 0xd4, 0xd5, 0x35, 0xde, 0x77, 0xe6, 0xfa, 0xf6, 0x1b, 0xf7,
        0xbf, 0xff, 0x00, 0x00, 0xff, 0xff, 0x00, 0x00, 0x00, 0x00, 0x00, 0x00,
        0x00, 0x00, 0x00, 0x00, 0x00, 0x00, 0x00, 0x00, 0x00, 0x00, 0x00, 0x00,
        0x00, 0x00, 0x00, 0x00, 0x00, 0x00, 0x00, 0x00, 0x00, 0x00, 0x00, 0x00,
        0x00, 0x00, 0x00, 0x00, 0x00, 0x00, 0x00, 0x00, 0x00, 0x00, 0x00, 0x00,
        0x00, 0x00, 0x00, 0x00, 0x00, 0x00, 0x00, 0x00, 0x00, 0x00, 0x00, 0x00,
        0x00, 0x00, 0x00, 0x00, 0x00, 0x00, 0x00, 0x00, 0x00, 0x00, 0x00, 0x00,
        0x00, 0x00, 0x00, 0x00, 0x00, 0x00, 0x00, 0x00, 0x00, 0x00, 0x00, 0x00,
        0x00, 0x00, 0x00, 0x00, 0x00, 0x00, 0x00, 0x00, 0x00, 0x00, 0x00, 0x00,
        0x00, 0x00, 0x00, 0x00, 0x00, 0x00, 0x00, 0x00, 0x00, 0x00, 0x00, 0x00,
        0x00, 0x00, 0x00, 0x00, 0x00, 0x00, 0x00, 0x00, 0x00, 0x00, 0x00, 0x00,
        0x00, 0x00, 0x00, 0x00, 0x00, 0x00, 0x00, 0x00, 0x00, 0x00, 0x00, 0x00,
        0x00, 0x00, 0x00, 0x00, 0x00, 0x00, 0x00, 0x00, 0x00, 0x00, 0x00, 0x00,
        0x00, 0x00, 0x00, 0x00, 0x00, 0x00, 0x00, 0x00, 0x00, 0x00, 0x00, 0x00,
        0xff, 0xff, 0xff, 0xff, 0x00, 0x00, 0x00, 0x00, 0x7d, 0xf7, 0xfa, 0xee,
        0x57, 0xde, 0x95, 0xbd, 0x6f, 0xac, 0x8b, 0x93, 0x4a, 0x8b, 0x29, 0x83,
        0x4a, 0x8b, 0x4a, 0x8b, 0x29, 0x83, 0xa7, 0x7a, 0x88, 0x6a, 0xc5, 0x51,
        0x47, 0x6a, 0xc9, 0x7a, 0x47, 0x6a, 0xa7, 0x7a, 0xe8, 0x82, 0xe8, 0x82,
        0x29, 0x83, 0x4a, 0x8b, 0x29, 0x83, 0xa7, 0x7a, 0xec, 0xa3, 0x4d, 0xac,
        0xa7, 0x7a, 0x26, 0x6a, 0xa7, 0x7a, 0x4a, 0x8b, 0x2e, 0xa4, 0xf0, 0xbc,
        0x32, 0xc5, 0x93, 0xcd, 0x16, 0xd6, 0x57, 0xe6, 0x57, 0xe6, 0x36, 0xe6,
        0xf4, 0xdd, 0x35, 0xde, 0x16, 0xd6, 0x57, 0xe6, 0x77, 0xe6, 0x36, 0xe6,
        0x36, 0xe6, 0x36, 0xe6, 0x35, 0xde, 0x77, 0xe6, 0xd9, 0xee, 0x1b, 0xf7,
        0x1b, 0xf7, 0x1b, 0xf7, 0xd9, 0xee, 0x10, 0xc5, 0xea, 0xab, 0x89, 0xa3,
        0x89, 0xa3, 0x6d, 0xb4, 0xae, 0xbc, 0x2c, 0xb4, 0xcb, 0x9b, 0x28, 0x93,
        0x8e, 0xb4, 0x72, 0xcd, 0x77, 0xe6, 0x1a, 0xf7, 0xf9, 0xee, 0xd9, 0xee,
        0x57, 0xe6, 0x57, 0xde, 0xb9, 0xee, 0x35, 0xde, 0x35, 0xde, 0x35, 0xde,
        0x71, 0xd5, 0x71, 0xd5, 0x50, 0xcd, 0xce, 0xc4, 0xce, 0xc4, 0x8d, 0xbc,
        0x6d, 0xb4, 0x28, 0x93, 0x66, 0x7a, 0x26, 0x6a, 0x26, 0x6a, 0x28, 0x93,
        0xae, 0xbc, 0x10, 0xc5, 0xcf, 0xbc, 0x92, 0xd5, 0x92, 0xd5, 0x71, 0xd5,
        0x92, 0xd5, 0xf4, 0xdd, 0xb3, 0xd5, 0x15, 0xde, 0x57, 0xe6, 0x77, 0xe6,
        0xd9, 0xe6, 0xd9, 0xe6, 0x57, 0xde, 0x98, 0xe6, 0x77, 0xe6, 0xd9, 0xee,
        0xb9, 0xee, 0x77, 0xe6, 0x98, 0xe6, 0x77, 0xe6, 0x77, 0xe6, 0x77, 0xe6,
        0x36, 0xe6, 0x15, 0xe6, 0xf4, 0xdd, 0xb3, 0xd5, 0xf4, 0xdd, 0x36, 0xe6,
        0x15, 0xde, 0x15, 0xde, 0x16, 0xd6, 0xb4, 0xcd, 0x53, 0xc5, 0x93, 0xcd,
        0x4d, 0xac, 0x4d, 0xac, 0x89, 0xa3, 0x0c, 0xac, 0xae, 0xbc, 0xae, 0xbc,
        0xef, 0xc4, 0xef, 0xc4, 0x92, 0xd5, 0x92, 0xd5, 0x51, 0xcd, 0x72, 0xcd,
        0x92, 0xd5, 0x72, 0xcd, 0x92, 0xd5, 0xd4, 0xd5, 0x92, 0xd5, 0x51, 0xcd,
        0xcf, 0xbc, 0x10, 0xc5, 0x92, 0xd5, 0xf0, 0xbc, 0x4d, 0xac, 0x2b, 0xb4,
        0x2b, 0xb4, 0x6d, 0xb4, 0x30, 0xcd, 0x72, 0xcd, 0x92, 0xd5, 0xd4, 0xd5,
        0x15, 0xde, 0xd4, 0xd5, 0x15, 0xde, 0x77, 0xe6, 0xb9, 0xee, 0x1b, 0xf7,
        0xff, 0xff, 0x00, 0x00, 0x00, 0x00, 0x00, 0x00, 0x00, 0x00, 0x00, 0x00,
        0x00, 0x00, 0x00, 0x00, 0x00, 0x00, 0x00, 0x00, 0x00, 0x00, 0x00, 0x00,
        0x00, 0x00, 0x00, 0x00, 0x00, 0x00, 0x00, 0x00, 0x00, 0x00, 0x00, 0x00,
        0x00, 0x00, 0x00, 0x00, 0x00, 0x00, 0x00, 0x00, 0x00, 0x00, 0x00, 0x00,
        0x00, 0x00, 0x00, 0x00, 0x00, 0x00, 0x00, 0x00, 0x00, 0x00, 0x00, 0x00,
        0x00, 0x00, 0x00, 0x00, 0x00, 0x00, 0x00, 0x00, 0x00, 0x00, 0x00, 0x00,
        0x00, 0x00, 0x00, 0x00, 0x00, 0x00, 0x00, 0x00, 0x00, 0x00, 0x00, 0x00,
        0x00, 0x00, 0x00, 0x00, 0x00, 0x00, 0x00, 0x00, 0x00, 0x00, 0x00, 0x00,
        0x00, 0x00, 0x00, 0x00, 0x00, 0x00, 0x00, 0x00, 0x00, 0x00, 0x00, 0x00,
        0x00, 0x00, 0x00, 0x00, 0x00, 0x00, 0x00, 0x00, 0x00, 0x00, 0x00, 0x00,
        0x00, 0x00, 0x00, 0x00, 0x00, 0x00, 0x00, 0x00, 0x00, 0x00, 0x00, 0x00,
        0x00, 0x00, 0x00, 0x00, 0x00, 0x00, 0x00, 0x00, 0x00, 0x00, 0x00, 0x00,
        0x00, 0x00, 0x00, 0x00, 0x00, 0x00, 0xff, 0xff, 0xff, 0xff, 0xff, 0xff,
        0x00, 0x00, 0xff, 0xff, 0x5c, 0xf7, 0x1b, 0xf7, 0xd9, 0xee, 0x38, 0xd6,
        0x53, 0xc5, 0xb0, 0xb4, 0x2e, 0xa4, 0x6f, 0xac, 0xb0, 0xb4, 0x8e, 0xb4,
        0x8e, 0xb4, 0xec, 0xa3, 0xe8, 0x82, 0xa7, 0x7a, 0x26, 0x6a, 0x26, 0x6a,
        0xa7, 0x7a, 0xa7, 0x7a, 0x47, 0x6a, 0x26, 0x6a, 0x26, 0x6a, 0xa7, 0x7a,
        0x29, 0x83, 0x88, 0x6a, 0xa7, 0x7a, 0xec, 0xa3, 0x8e, 0xb4, 0x4a, 0x8b,
        0xe8, 0x82, 0xe8, 0x82, 0xe8, 0x82, 0xc9, 0x7a, 0x8b, 0x93, 0xb0, 0xb4,
        0x32, 0xc5, 0xb4, 0xcd, 0x37, 0xde, 0x98, 0xe6, 0xb8, 0xe6, 0x77, 0xe6,
        0x36, 0xe6, 0xd4, 0xd5, 0x72, 0xcd, 0x15, 0xde, 0x35, 0xde, 0x15, 0xde,
        0xd4, 0xdd, 0x35, 0xde, 0xd9, 0xee, 0x1a, 0xf7, 0x1a, 0xf7, 0x1a, 0xf7,
        0xf9, 0xee, 0x98, 0xe6, 0xd9, 0xee, 0x35, 0xde, 0x8d, 0xbc, 0x89, 0xa3,
        0xca, 0xa3, 0xcb, 0x9b, 0x89, 0xa3, 0x6a, 0x9b, 0xc6, 0x8a, 0x6a, 0x9b,
        0xcb, 0x9b, 0xcf, 0xbc, 0x77, 0xe6, 0x78, 0xde, 0x37, 0xde, 0x35, 0xde,
        0x57, 0xde, 0x57, 0xde, 0xb3, 0xd5, 0xf4, 0xdd, 0xf4, 0xdd, 0xf4, 0xdd,
        0xd4, 0xdd, 0xf4, 0xdd, 0x35, 0xde, 0xd4, 0xdd, 0xb2, 0xd5, 0xb2, 0xd5,
        0x71, 0xd5, 0xce, 0xc4, 0xea, 0xab, 0x48, 0x9b, 0x66, 0x7a, 0x29, 0x83,
        0x29, 0x83, 0x4d, 0xac, 0xcf, 0xbc, 0x51, 0xcd, 0xb3, 0xd5, 0x72, 0xcd,
        0x72, 0xcd, 0xb3, 0xd5, 0xd4, 0xd5, 0xd4, 0xd5, 0xb3, 0xd5, 0x57, 0xe6,
        0xf9, 0xee, 0xd9, 0xe6, 0x98, 0xe6, 0x98, 0xe6, 0x37, 0xde, 0x98, 0xe6,
        0xd9, 0xee, 0x98, 0xe6, 0x98, 0xe6, 0x57, 0xe6, 0xb8, 0xe6, 0x77, 0xe6,
        0x36, 0xe6, 0x35, 0xde, 0x35, 0xde, 0xd4, 0xd5, 0xb3, 0xd5, 0x15, 0xde,
        0xf5, 0xd5, 0x72, 0xcd, 0xb4, 0xcd, 0xb4, 0xcd, 0xf0, 0xbc, 0x32, 0xc5,
        0xcf, 0xbc, 0xcf, 0xbc, 0x6d, 0xb4, 0x8d, 0xbc, 0xae, 0xbc, 0xae, 0xbc,
        0x10, 0xc5, 0x72, 0xcd, 0x72, 0xcd, 0x72, 0xcd, 0x92, 0xd5, 0x72, 0xcd,
        0x92, 0xd5, 0x72, 0xcd, 0x71, 0xd5, 0xb3, 0xd5, 0xb3, 0xd5, 0x92, 0xd5,
        0xef, 0xc4, 0xcf, 0xbc, 0x51, 0xcd, 0x32, 0xc5, 0x89, 0xa3, 0x2b, 0xb4,
        0xef, 0xc4, 0x30, 0xcd, 0x30, 0xcd, 0xef, 0xc4, 0x10, 0xc5, 0x92, 0xd5,
        0xd4, 0xd5, 0x35, 0xde, 0x35, 0xde, 0x77, 0xe6, 0xd9, 0xee, 0x1b, 0xf7,
        0xff, 0xff, 0x00, 0x00, 0x00, 0x00, 0x00, 0x00, 0x00, 0x00, 0x00, 0x00,
        0x00, 0x00, 0x00, 0x00, 0x00, 0x00, 0x00, 0x00, 0x00, 0x00, 0x00, 0x00,
        0x00, 0x00, 0x00, 0x00, 0x00, 0x00, 0x00, 0x00, 0x00, 0x00, 0x00, 0x00,
        0x00, 0x00, 0x00, 0x00, 0x00, 0x00, 0x00, 0x00, 0x00, 0x00, 0x00, 0x00,
        0x00, 0x00, 0x00, 0x00, 0x00, 0x00, 0x00, 0x00, 0x00, 0x00, 0x00, 0x00,
        0x00, 0x00, 0x00, 0x00, 0x00, 0x00, 0x00, 0x00, 0x00, 0x00, 0x00, 0x00,
        0x00, 0x00, 0x00, 0x00, 0x00, 0x00, 0x00, 0x00, 0x00, 0x00, 0x00, 0x00,
        0x00, 0x00, 0x00, 0x00, 0x00, 0x00, 0x00, 0x00, 0x00, 0x00, 0x00, 0x00,
        0x00, 0x00, 0x00, 0x00, 0x00, 0x00, 0x00, 0x00, 0x00, 0x00, 0x00, 0x00,
        0x00, 0x00, 0x00, 0x00, 0x00, 0x00, 0x00, 0x00, 0x00, 0x00, 0x00, 0x00,
        0x00, 0x00, 0x00, 0x00, 0x00, 0x00, 0x00, 0x00, 0x00, 0x00, 0x00, 0x00,
        0x00, 0x00, 0x00, 0x00, 0x00, 0x00, 0x00, 0x00, 0x00, 0x00, 0x00, 0x00,
        0x00, 0x00, 0x00, 0x00, 0x00, 0x00, 0x00, 0x00, 0x00, 0x00, 0x00, 0x00,
        0x5c, 0xf7, 0x1b, 0xf7, 0x99, 0xe6, 0x99, 0xe6, 0xb4, 0xcd, 0x6f, 0xac,
        0xec, 0xa3, 0xec, 0xa3, 0xb0, 0xb4, 0xb0, 0xb4, 0xb0, 0xb4, 0x6f, 0xac,
        0x4d, 0xac, 0xcb, 0x9b, 0x8b, 0x93, 0x4a, 0x8b, 0xe8, 0x82, 0x4a, 0x8b,
        0x8b, 0x93, 0x47, 0x6a, 0xa7, 0x7a, 0xa7, 0x7a, 0x06, 0x5a, 0x06, 0x5a,
        0x47, 0x6a, 0x06, 0x5a, 0x4a, 0x8b, 0xec, 0xa3, 0x8b, 0x93, 0x8b, 0x93,
        0x29, 0x83, 0x29, 0x83, 0x8b, 0x93, 0x8b, 0x93, 0x4d, 0xac, 0x8e, 0xb4,
        0x93, 0xcd, 0x78, 0xde, 0x99, 0xe6, 0xb9, 0xee, 0xb9, 0xee, 0xd9, 0xee,
        0x57, 0xe6, 0x15, 0xde, 0x35, 0xde, 0x15, 0xde, 0x35, 0xde, 0xd4, 0xdd,
        0x35, 0xde, 0xb8, 0xe6, 0xf9, 0xee, 0x1a, 0xf7, 0xf9, 0xee, 0x1a, 0xf7,
        0xd9, 0xee, 0xd9, 0xee, 0xf9, 0xee, 0x98, 0xe6, 0x92, 0xd5, 0x6d, 0xb4,
        0xca, 0xa3, 0xe7, 0x92, 0x28, 0x93, 0xc6, 0x8a, 0xcb, 0x9b, 0x0c, 0xac,
        0x4d, 0xac, 0x32, 0xc5, 0x93, 0xcd, 0x8e, 0xb4, 0xb4, 0xcd, 0x57, 0xde,
        0x53, 0xc5, 0x10, 0xc5, 0xae, 0xbc, 0x8d, 0xbc, 0x51, 0xcd, 0xf4, 0xdd,
        0xd4, 0xdd, 0x15, 0xe6, 0x36, 0xe6, 0xd4, 0xdd, 0x14, 0xde, 0xf4, 0xdd,
        0x35, 0xde, 0xb2, 0xd5, 0xb2, 0xd5, 0xce, 0xc4, 0xca, 0xa3, 0x66, 0x7a,
        0x26, 0x6a, 0xe8, 0x82, 0xec, 0xa3, 0xef, 0xc4, 0xb3, 0xd5, 0x92, 0xd5,
        0x92, 0xd5, 0x72, 0xcd, 0x15, 0xde, 0xb3, 0xd5, 0xb3, 0xd5, 0x92, 0xd5,
        0xb8, 0xe6, 0xd9, 0xe6, 0xb8, 0xe6, 0x77, 0xe6, 0x57, 0xde, 0x37, 0xde,
        0x98, 0xe6, 0x57, 0xe6, 0x98, 0xe6, 0x35, 0xde, 0x98, 0xe6, 0x78, 0xde,
        0x15, 0xde, 0x35, 0xde, 0x57, 0xe6, 0x15, 0xde, 0xb3, 0xd5, 0xb3, 0xd5,
        0xb4, 0xcd, 0x32, 0xc5, 0x93, 0xcd, 0xf5, 0xd5, 0xf0, 0xbc, 0x72, 0xcd,
        0xcf, 0xbc, 0xae, 0xbc, 0xae, 0xbc, 0xcf, 0xbc, 0x10, 0xc5, 0xcf, 0xbc,
        0x51, 0xcd, 0x51, 0xcd, 0x10, 0xc5, 0xb3, 0xd5, 0x92, 0xd5, 0x51, 0xcd,
        0x10, 0xc5, 0xb3, 0xd5, 0x51, 0xcd, 0xb3, 0xd5, 0xd4, 0xd5, 0xb3, 0xd5,
        0x92, 0xd5, 0x10, 0xc5, 0x51, 0xcd, 0x72, 0xcd, 0xae, 0xbc, 0x6d, 0xb4,
        0x6d, 0xb4, 0xcf, 0xbc, 0xae, 0xbc, 0x0c, 0xac, 0xec, 0xa3, 0x8e, 0xb4,
        0x8e, 0xb4, 0x51, 0xcd, 0x15, 0xde, 0x57, 0xe6, 0x98, 0xe6, 0x1b, 0xf7,
        0x00, 0x00, 0xff, 0xff, 0x00, 0x00, 0x00, 0x00, 0x00, 0x00, 0x00, 0x00,
        0x00, 0x00, 0x00, 0x00, 0x00, 0x00, 0x00, 0x00, 0x00, 0x00, 0x00, 0x00,
        0x00, 0x00, 0x00, 0x00, 0x00, 0x00, 0x00, 0x00, 0x00, 0x00, 0x00, 0x00,
        0x00, 0x00, 0x00, 0x00, 0x00, 0x00, 0x00, 0x00, 0x00, 0x00, 0x00, 0x00,
        0x00, 0x00, 0x00, 0x00, 0x00, 0x00, 0x00, 0x00, 0x00, 0x00, 0x00, 0x00,
        0x00, 0x00, 0x00, 0x00, 0x00, 0x00, 0x00, 0x00, 0x00, 0x00, 0x00, 0x00,
        0x00, 0x00, 0x00, 0x00, 0x00, 0x00, 0x00, 0x00, 0x00, 0x00, 0x00, 0x00,
        0x00, 0x00, 0x00, 0x00, 0x00, 0x00, 0x00, 0x00, 0x00, 0x00, 0x00, 0x00,
        0x00, 0x00, 0x00, 0x00, 0x00, 0x00, 0x00, 0x00, 0x00, 0x00, 0x00, 0x00,
        0x00, 0x00, 0x00, 0x00, 0x00, 0x00, 0x00, 0x00, 0x00, 0x00, 0x00, 0x00,
        0x00, 0x00, 0x00, 0x00, 0xff, 0xff, 0xff, 0xff, 0xff, 0xff, 0xff, 0xff,
        0xff, 0xff, 0xff, 0xff, 0xff, 0xff, 0xff, 0xff, 0xff, 0xff, 0xff, 0xff,
        0xff, 0xff, 0xff, 0xff, 0xff, 0xff, 0xff, 0xff, 0x1b, 0xf7, 0x37, 0xde,
        0x95, 0xbd, 0x95, 0xbd, 0x32, 0xc5, 0xb0, 0xb4, 0xb0, 0xb4, 0x6f, 0xac,
        0xb0, 0xb4, 0x32, 0xc5, 0xf0, 0xbc, 0x2e, 0xa4, 0x4d, 0xac, 0xb0, 0xb4,
        0xb0, 0xb4, 0x8e, 0xb4, 0xec, 0xa3, 0x29, 0x83, 0x6a, 0x9b, 0xec, 0xa3,
        0x29, 0x83, 0x4a, 0x8b, 0x88, 0x6a, 0x84, 0x49, 0x84, 0x49, 0x06, 0x5a,
        0xc5, 0x51, 0x29, 0x83, 0x29, 0x83, 0xe8, 0x82, 0x4a, 0x8b, 0xcb, 0x9b,
        0x8b, 0x93, 0xec, 0xa3, 0xec, 0xa3, 0xf0, 0xbc, 0x53, 0xc5, 0x95, 0xbd,
        0x38, 0xd6, 0xfa, 0xee, 0xfa, 0xee, 0xfa, 0xee, 0xd9, 0xee, 0x98, 0xe6,
        0x57, 0xe6, 0x36, 0xe6, 0x36, 0xe6, 0x35, 0xde, 0x15, 0xe6, 0x77, 0xe6,
        0xb8, 0xe6, 0xd9, 0xee, 0xd9, 0xee, 0xd9, 0xee, 0xf9, 0xee, 0xf9, 0xee,
        0xf9, 0xee, 0xf9, 0xee, 0xb8, 0xe6, 0xd9, 0xee, 0x14, 0xde, 0xef, 0xc4,
        0xca, 0xa3, 0xca, 0xa3, 0x2c, 0xb4, 0x2c, 0xb4, 0xae, 0xbc, 0xef, 0xc4,
        0xef, 0xc4, 0xcf, 0xbc, 0xca, 0xa3, 0xcb, 0x9b, 0x93, 0xcd, 0xb4, 0xcd,
        0xae, 0xbc, 0x2b, 0xb4, 0x6d, 0xb4, 0xae, 0xbc, 0x30, 0xcd, 0x71, 0xd5,
        0xd3, 0xdd, 0xf4, 0xdd, 0x35, 0xde, 0xd4, 0xdd, 0x56, 0xe6, 0x35, 0xde,
        0x57, 0xe6, 0x15, 0xe6, 0xf4, 0xdd, 0xd4, 0xd5, 0x51, 0xcd, 0x2b, 0xb4,
        0x25, 0x72, 0x26, 0x6a, 0xe8, 0x82, 0x6a, 0x9b, 0x32, 0xc5, 0xd4, 0xd5,
        0x72, 0xcd, 0x51, 0xcd, 0xd4, 0xd5, 0xb4, 0xcd, 0xd4, 0xd5, 0xb3, 0xd5,
        0xb3, 0xd5, 0xd9, 0xe6, 0xd9, 0xe6, 0x57, 0xde, 0x57, 0xde, 0x35, 0xde,
        0x37, 0xde, 0x16, 0xd6, 0x37, 0xde, 0xd4, 0xd5, 0x98, 0xe6, 0x57, 0xde,
        0x15, 0xde, 0xd4, 0xd5, 0x37, 0xde, 0x15, 0xde, 0xd4, 0xd5, 0xb4, 0xcd,
        0xb4, 0xcd, 0x93, 0xcd, 0x53, 0xc5, 0xb4, 0xcd, 0x72, 0xcd, 0x32, 0xc5,
        0xf0, 0xbc, 0xae, 0xbc, 0xcf, 0xbc, 0xcf, 0xbc, 0x10, 0xc5, 0xef, 0xc4,
        0x72, 0xcd, 0x10, 0xc5, 0xcf, 0xbc, 0x93, 0xcd, 0x92, 0xd5, 0x51, 0xcd,
        0x10, 0xc5, 0xd4, 0xd5, 0x32, 0xc5, 0xd4, 0xd5, 0xd4, 0xd5, 0xd4, 0xd5,
        0xd4, 0xd5, 0x10, 0xc5, 0x92, 0xd5, 0xd4, 0xd5, 0x72, 0xcd, 0xcf, 0xbc,
        0x6a, 0x9b, 0x66, 0x7a, 0xe8, 0x82, 0xa7, 0x7a, 0xa7, 0x82, 0xe8, 0x82,
        0x89, 0xa3, 0x6d, 0xb4, 0x10, 0xc5, 0xb3, 0xd5, 0x56, 0xe6, 0x1b, 0xf7,
        0x00, 0x00, 0xff, 0xff, 0x00, 0x00, 0x00, 0x00, 0x00, 0x00, 0x00, 0x00,
        0x00, 0x00, 0x00, 0x00, 0x00, 0x00, 0x00, 0x00, 0x00, 0x00, 0x00, 0x00,
        0x00, 0x00, 0x00, 0x00, 0x00, 0x00, 0x00, 0x00, 0x00, 0x00, 0x00, 0x00,
        0x00, 0x00, 0x00, 0x00, 0x00, 0x00, 0x00, 0x00, 0x00, 0x00, 0x00, 0x00,
        0x00, 0x00, 0x00, 0x00, 0x00, 0x00, 0x00, 0x00, 0x00, 0x00, 0x00, 0x00,
        0x00, 0x00, 0x00, 0x00, 0x00, 0x00, 0x00, 0x00, 0x00, 0x00, 0x00, 0x00,
        0x00, 0x00, 0x00, 0x00, 0x00, 0x00, 0x00, 0x00, 0x00, 0x00, 0x00, 0x00,
        0x00, 0x00, 0x00, 0x00, 0x00, 0x00, 0x00, 0x00, 0x00, 0x00, 0x00, 0x00,
        0x00, 0x00, 0x00, 0x00, 0x00, 0x00, 0x00, 0x00, 0x00, 0x00, 0x00, 0x00,
        0x00, 0x00, 0x00, 0x00, 0x00, 0x00, 0x00, 0x00, 0x00, 0x00, 0x00, 0x00,
        0x00, 0x00, 0x00, 0x00, 0xff, 0xff, 0xff, 0xff, 0xff, 0xff, 0xff, 0xff,
        0xff, 0xff, 0xff, 0xff, 0xff, 0xff, 0xff, 0xff, 0xff, 0xff, 0xff, 0xff,
        0xff, 0xff, 0xff, 0xff, 0x7d, 0xf7, 0xfa, 0xee, 0xf5, 0xd5, 0x93, 0xcd,
        0x2e, 0xa4, 0x8b, 0x93, 0x8b, 0x93, 0xcc, 0x93, 0x2e, 0xa4, 0xf0, 0xbc,
        0xf0, 0xbc, 0xb0, 0xb4, 0x6f, 0xac, 0x2e, 0xa4, 0x6f, 0xac, 0xb0, 0xb4,
        0x8e, 0xb4, 0x8e, 0xb4, 0xcb, 0x9b, 0xcb, 0x9b, 0xec, 0xa3, 0x8b, 0x93,
        0x6a, 0x9b, 0xa7, 0x7a, 0xc5, 0x51, 0xc5, 0x51, 0x47, 0x6a, 0x06, 0x5a,
        0x88, 0x6a, 0x47, 0x6a, 0x88, 0x6a, 0x29, 0x83, 0x4a, 0x8b, 0x29, 0x83,
        0xec, 0xa3, 0x2e, 0xa4, 0xb0, 0xb4, 0xf2, 0xb4, 0xd6, 0xcd, 0xd6, 0xcd,
        0x1b, 0xf7, 0x95, 0xbd, 0x5c, 0xf7, 0x37, 0xde, 0x16, 0xd6, 0x57, 0xde,
        0x15, 0xde, 0xb3, 0xd5, 0x15, 0xde, 0xf4, 0xdd, 0x15, 0xde, 0x36, 0xe6,
        0xb8, 0xe6, 0x77, 0xe6, 0x36, 0xe6, 0xb8, 0xee, 0xb8, 0xee, 0x98, 0xe6,
        0xd9, 0xee, 0x77, 0xe6, 0x98, 0xe6, 0x98, 0xe6, 0x36, 0xe6, 0xb2, 0xd5,
        0xef, 0xc4, 0xef, 0xc4, 0xad, 0xc4, 0x51, 0xcd, 0xd4, 0xdd, 0xf4, 0xdd,
        0x2f, 0xd5, 0x50, 0xcd, 0x8d, 0xbc, 0x92, 0xd5, 0x92, 0xd5, 0xef, 0xc4,
        0x8d, 0xbc, 0x2b, 0xbc, 0x0f, 0xcd, 0x0f, 0xcd, 0x71, 0xd5, 0x70, 0xd5,
        0xd3, 0xdd, 0x14, 0xde, 0x36, 0xe6, 0xf4, 0xdd, 0x36, 0xe6, 0x36, 0xe6,
        0x57, 0xe6, 0x57, 0xe6, 0xd4, 0xdd, 0xb3, 0xd5, 0x92, 0xd5, 0x71, 0xd5,
        0x2b, 0xb4, 0x48, 0x9b, 0xca, 0xa3, 0x48, 0x9b, 0xe8, 0x82, 0x53, 0xc5,
        0xf0, 0xbc, 0xf0, 0xbc, 0x92, 0xd5, 0x16, 0xd6, 0x72, 0xcd, 0xf5, 0xd5,
        0xf5, 0xd5, 0x37, 0xde, 0xd9, 0xe6, 0x78, 0xde, 0x57, 0xde, 0x37, 0xde,
        0xf5, 0xd5, 0x16, 0xd6, 0x37, 0xde, 0x15, 0xde, 0x78, 0xde, 0x37, 0xde,
        0xb4, 0xcd, 0x16, 0xd6, 0x16, 0xd6, 0xf5, 0xd5, 0x16, 0xd6, 0xf5, 0xd5,
        0xb4, 0xcd, 0x16, 0xd6, 0xf0, 0xbc, 0x32, 0xc5, 0x53, 0xc5, 0xf0, 0xbc,
        0xcf, 0xbc, 0x8e, 0xb4, 0xf0, 0xbc, 0xcf, 0xbc, 0x32, 0xc5, 0xf0, 0xbc,
        0x10, 0xc5, 0x32, 0xc5, 0x8e, 0xb4, 0x53, 0xc5, 0xf0, 0xbc, 0x10, 0xc5,
        0x72, 0xcd, 0x93, 0xcd, 0x32, 0xc5, 0x72, 0xcd, 0x93, 0xcd, 0x32, 0xc5,
        0xf5, 0xd5, 0x32, 0xc5, 0xb0, 0xb4, 0x10, 0xc5, 0x15, 0xde, 0xb0, 0xb4,
        0x26, 0x6a, 0x26, 0x6a, 0x84, 0x59, 0x84, 0x59, 0xa7, 0x82, 0xea, 0xab,
        0x4c, 0xbc, 0x30, 0xcd, 0x92, 0xd5, 0x10, 0xc5, 0xb2, 0xd5, 0xfa, 0xee,
        0xff, 0xff, 0xff, 0xff, 0xff, 0xff, 0x00, 0x00, 0x00, 0x00, 0x00, 0x00,
        0x00, 0x00, 0x00, 0x00, 0x00, 0x00, 0x00, 0x00, 0x00, 0x00, 0x00, 0x00,
        0x00, 0x00, 0x00, 0x00, 0x00, 0x00, 0x00, 0x00, 0x00, 0x00, 0x00, 0x00,
        0x00, 0x00, 0x00, 0x00, 0x00, 0x00, 0x00, 0x00, 0x00, 0x00, 0x00, 0x00,
        0x00, 0x00, 0x00, 0x00, 0x00, 0x00, 0x00, 0x00, 0x00, 0x00, 0x00, 0x00,
        0x00, 0x00, 0x00, 0x00, 0x00, 0x00, 0x00, 0x00, 0x00, 0x00, 0x00, 0x00,
        0x00, 0x00, 0x00, 0x00, 0x00, 0x00, 0x00, 0x00, 0x00, 0x00, 0x00, 0x00,
        0x00, 0x00, 0x00, 0x00, 0x00, 0x00, 0x00, 0x00, 0x00, 0x00, 0x00, 0x00,
        0x00, 0x00, 0x00, 0x00, 0x00, 0x00, 0x00, 0x00, 0x00, 0x00, 0x00, 0x00,
        0x00, 0x00, 0x00, 0x00, 0x00, 0x00, 0x00, 0x00, 0x00, 0x00, 0x00, 0x00,
        0x00, 0x00, 0x00, 0x00, 0xff, 0xff, 0xff, 0xff, 0xff, 0xff, 0xff, 0xff,
        0xff, 0xff, 0xff, 0xff, 0xff, 0xff, 0xff, 0xff, 0xff, 0xff, 0x08, 0x42,
        0xff, 0xff, 0xff, 0xff, 0x1b, 0xf7, 0xb9, 0xee, 0x53, 0xc5, 0x2e, 0xa4,
        0x4a, 0x8b, 0xc9, 0x7a, 0x88, 0x6a, 0x26, 0x6a, 0xc5, 0x51, 0x47, 0x6a,
        0x88, 0x6a, 0x88, 0x6a, 0xc9, 0x7a, 0xc9, 0x7a, 0xc9, 0x7a, 0x29, 0x83,
        0x8b, 0x93, 0x8b, 0x93, 0x4a, 0x8b, 0x4a, 0x8b, 0x4a, 0x8b, 0x4a, 0x8b,
        0x26, 0x6a, 0x26, 0x6a, 0xc4, 0x61, 0x06, 0x5a, 0x84, 0x49, 0x84, 0x49,
        0xc5, 0x51, 0xc5, 0x51, 0xc9, 0x7a, 0x29, 0x83, 0xa7, 0x7a, 0x4a, 0x8b,
        0x8e, 0xb4, 0xf0, 0xbc, 0x54, 0xbd, 0x54, 0xbd, 0x95, 0xbd, 0xf4, 0xac,
        0x65, 0x29, 0x65, 0x29, 0xc3, 0x18, 0x75, 0xb5, 0x1b, 0xf7, 0x77, 0xe6,
        0xd4, 0xdd, 0xd4, 0xdd, 0xf4, 0xdd, 0xf4, 0xdd, 0x36, 0xe6, 0x77, 0xe6,
        0x77, 0xe6, 0x36, 0xe6, 0xd9, 0xee, 0xf9, 0xee, 0x77, 0xe6, 0xb8, 0xe6,
        0xb8, 0xe6, 0xb8, 0xe6, 0xf9, 0xee, 0xd9, 0xee, 0x77, 0xe6, 0x57, 0xe6,
        0xf4, 0xdd, 0x50, 0xcd, 0x51, 0xcd, 0x14, 0xde, 0x15, 0xe6, 0xd3, 0xdd,
        0xd3, 0xdd, 0xd4, 0xdd, 0x15, 0xe6, 0xf4, 0xdd, 0xb2, 0xd5, 0x91, 0xd5,
        0x2f, 0xd5, 0x50, 0xcd, 0x91, 0xd5, 0x2f, 0xd5, 0xd3, 0xdd, 0xb2, 0xd5,
        0xf4, 0xdd, 0x15, 0xe6, 0x14, 0xde, 0xf4, 0xdd, 0x77, 0xe6, 0x77, 0xe6,
        0x77, 0xe6, 0x77, 0xe6, 0x15, 0xde, 0x72, 0xcd, 0x72, 0xcd, 0x72, 0xcd,
        0xb2, 0xd5, 0xce, 0xc4, 0xef, 0xc4, 0xce, 0xc4, 0x6a, 0x9b, 0xcb, 0x9b,
        0x6f, 0xac, 0xec, 0xa3, 0x8e, 0xb4, 0x16, 0xd6, 0x32, 0xc5, 0x53, 0xc5,
        0x37, 0xde, 0x16, 0xd6, 0x78, 0xde, 0xd9, 0xe6, 0x57, 0xde, 0x16, 0xd6,
        0x16, 0xd6, 0xf5, 0xd5, 0xf5, 0xd5, 0xf5, 0xd5, 0x37, 0xde, 0x78, 0xde,
        0x93, 0xcd, 0x37, 0xde, 0x16, 0xd6, 0xf5, 0xd5, 0x37, 0xde, 0xf5, 0xd5,
        0xf5, 0xd5, 0x16, 0xd6, 0x93, 0xcd, 0xf0, 0xbc, 0x93, 0xcd, 0xf0, 0xbc,
        0x4d, 0xac, 0x8e, 0xb4, 0xf0, 0xbc, 0xb0, 0xb4, 0xf0, 0xbc, 0xb0, 0xb4,
        0xb0, 0xb4, 0xb0, 0xb4, 0x8b, 0x93, 0x32, 0xc5, 0x8b, 0x93, 0xb0, 0xb4,
        0xf0, 0xbc, 0x6f, 0xac, 0x6f, 0xac, 0x4d, 0xac, 0x32, 0xc5, 0x6f, 0xac,
        0xb0, 0xb4, 0x93, 0xcd, 0xcc, 0x93, 0x29, 0x83, 0x8e, 0xb4, 0x53, 0xc5,
        0x47, 0x6a, 0x84, 0x59, 0xa7, 0x7a, 0xa7, 0x82, 0x28, 0x93, 0x6a, 0x9b,
        0x6a, 0x9b, 0x6a, 0x9b, 0x0c, 0xac, 0x6d, 0xb4, 0x0f, 0xcd, 0xfa, 0xee,
        0x00, 0x00, 0xff, 0xff, 0x00, 0x00, 0x00, 0x00, 0x00, 0x00, 0x00, 0x00,
        0x00, 0x00, 0x00, 0x00, 0x00, 0x00, 0x00, 0x00, 0x00, 0x00, 0x00, 0x00,
        0x00, 0x00, 0x00, 0x00, 0x00, 0x00, 0x00, 0x00, 0x00, 0x00, 0x00, 0x00,
        0x00, 0x00, 0x00, 0x00, 0x00, 0x00, 0x00, 0x00, 0x00, 0x00, 0x00, 0x00,
        0x00, 0x00, 0x00, 0x00, 0x00, 0x00, 0x00, 0x00, 0x00, 0x00, 0x00, 0x00,
        0x00, 0x00, 0x00, 0x00, 0x00, 0x00, 0x00, 0x00, 0x00, 0x00, 0x00, 0x00,
        0x00, 0x00, 0x00, 0x00, 0x00, 0x00, 0x00, 0x00, 0x00, 0x00, 0x00, 0x00,
        0x00, 0x00, 0x00, 0x00, 0x00, 0x00, 0x00, 0x00, 0x00, 0x00, 0x00, 0x00,
        0x00, 0x00, 0x00, 0x00, 0x00, 0x00, 0x00, 0x00, 0x00, 0x00, 0x00, 0x00,
        0x00, 0x00, 0x00, 0x00, 0x00, 0x00, 0x00, 0x00, 0x00, 0x00, 0xff, 0xff,
        0xff, 0xff, 0xff, 0xff, 0xff, 0xff, 0xff, 0xff, 0xff, 0xff, 0xff, 0xff,
        0x08, 0x42, 0x08, 0x42, 0x08, 0x42, 0x08, 0x42, 0x08, 0x42, 0x00, 0x00,
        0xff, 0xff, 0x1b, 0xf7, 0x16, 0xd6, 0xb4, 0xcd, 0xb0, 0xb4, 0x2e, 0xa4,
        0xcb, 0x9b, 0x4a, 0x8b, 0x29, 0x83, 0xe8, 0x82, 0xc9, 0x7a, 0xa7, 0x7a,
        0xa7, 0x7a, 0x4b, 0x83, 0x29, 0x83, 0xc9, 0x7a, 0x4b, 0x83, 0x8b, 0x93,
        0x8b, 0x93, 0x4a, 0x8b, 0xe8, 0x82, 0x4a, 0x8b, 0x4a, 0x8b, 0x47, 0x6a,
        0x06, 0x5a, 0x47, 0x6a, 0x47, 0x6a, 0xc5, 0x51, 0x84, 0x49, 0x06, 0x5a,
        0x84, 0x49, 0x47, 0x6a, 0xc9, 0x7a, 0x88, 0x6a, 0xa7, 0x7a, 0x4f, 0xa4,
        0x11, 0xc5, 0x50, 0x9c, 0x75, 0xb5, 0xf4, 0xac, 0x65, 0x29, 0x08, 0x42,
        0xc3, 0x18, 0xc3, 0x18, 0xc3, 0x18, 0xc3, 0x18, 0x75, 0xb5, 0xfa, 0xee,
        0x57, 0xe6, 0xd4, 0xdd, 0xd4, 0xdd, 0x35, 0xde, 0x36, 0xe6, 0x35, 0xde,
        0x57, 0xe6, 0xd9, 0xee, 0xb8, 0xee, 0x77, 0xe6, 0xd9, 0xee, 0x98, 0xe6,
        0xd9, 0xee, 0x1b, 0xf7, 0xf9, 0xee, 0xf9, 0xee, 0xf9, 0xee, 0xb8, 0xe6,
        0x77, 0xe6, 0x77, 0xe6, 0x98, 0xe6, 0x56, 0xe6, 0xd3, 0xdd, 0x34, 0xe6,
        0x35, 0xe6, 0x98, 0xe6, 0x97, 0xee, 0x35, 0xe6, 0x15, 0xe6, 0xd3, 0xdd,
        0x34, 0xe6, 0x15, 0xe6, 0x14, 0xde, 0x56, 0xe6, 0x56, 0xe6, 0xd3, 0xdd,
        0x36, 0xe6, 0xf4, 0xdd, 0x15, 0xde, 0x15, 0xde, 0x36, 0xe6, 0x35, 0xde,
        0x77, 0xe6, 0x57, 0xde, 0x15, 0xde, 0xb3, 0xd5, 0x72, 0xcd, 0x51, 0xcd,
        0xf4, 0xdd, 0xd4, 0xdd, 0x51, 0xcd, 0x50, 0xcd, 0xef, 0xc4, 0x2c, 0xb4,
        0xae, 0xbc, 0x4d, 0xac, 0x8e, 0xb4, 0x93, 0xcd, 0x32, 0xc5, 0xf0, 0xbc,
        0xf5, 0xd5, 0x37, 0xde, 0x37, 0xde, 0x99, 0xe6, 0x99, 0xe6, 0x37, 0xde,
        0xb4, 0xcd, 0xf5, 0xd5, 0xd4, 0xd5, 0xd4, 0xd5, 0xf5, 0xd5, 0x57, 0xde,
        0xb4, 0xcd, 0x16, 0xd6, 0x37, 0xde, 0xf5, 0xd5, 0x37, 0xde, 0x16, 0xd6,
        0x16, 0xd6, 0x16, 0xd6, 0xb4, 0xcd, 0x53, 0xc5, 0x53, 0xc5, 0x6f, 0xac,
        0x4a, 0x8b, 0xcc, 0x93, 0x6f, 0xac, 0xcc, 0x93, 0xb0, 0xb4, 0x2e, 0xa4,
        0xec, 0xa3, 0x8b, 0x93, 0x4a, 0x8b, 0x2e, 0xa4, 0x88, 0x6a, 0xcc, 0x93,
        0x8b, 0x93, 0xc9, 0x7a, 0x2e, 0xa4, 0x29, 0x83, 0x2e, 0xa4, 0x2e, 0xa4,
        0xcb, 0x9b, 0xb0, 0xb4, 0x2e, 0xa4, 0x88, 0x6a, 0x84, 0x59, 0xcc, 0x93,
        0xf0, 0xbc, 0xe8, 0x82, 0xa7, 0x82, 0x48, 0x9b, 0x2b, 0xb4, 0xcb, 0x9b,
        0xe8, 0x82, 0x26, 0x6a, 0x66, 0x7a, 0xec, 0xa3, 0x50, 0xcd, 0x37, 0xde,
        0x00, 0x00, 0xff, 0xff, 0x00, 0x00, 0x00, 0x00, 0x00, 0x00, 0x00, 0x00,
        0x00, 0x00, 0x00, 0x00, 0x00, 0x00, 0x00, 0x00, 0x00, 0x00, 0x00, 0x00,
        0x00, 0x00, 0x00, 0x00, 0x00, 0x00, 0x00, 0x00, 0x00, 0x00, 0x00, 0x00,
        0x00, 0x00, 0x00, 0x00, 0x00, 0x00, 0x00, 0x00, 0x00, 0x00, 0x00, 0x00,
        0x00, 0x00, 0x00, 0x00, 0x00, 0x00, 0x00, 0x00, 0x00, 0x00, 0x00, 0x00,
        0x00, 0x00, 0x00, 0x00, 0x00, 0x00, 0x00, 0x00, 0x00, 0x00, 0x00, 0x00,
        0x00, 0x00, 0x00, 0x00, 0x00, 0x00, 0x00, 0x00, 0x00, 0x00, 0x00, 0x00,
        0x00, 0x00, 0x00, 0x00, 0x00, 0x00, 0x00, 0x00, 0x00, 0x00, 0x00, 0x00,
        0x00, 0x00, 0x00, 0x00, 0x00, 0x00, 0x00, 0x00, 0x00, 0x00, 0x00, 0x00,
        0x00, 0x00, 0x00, 0x00, 0x00, 0x00, 0x00, 0x00, 0x00, 0x00, 0xff, 0xff,
        0xff, 0xff, 0xff, 0xff, 0xff, 0xff, 0xff, 0xff, 0xff, 0xff, 0x08, 0x42,
        0x08, 0x42, 0x08, 0x42, 0x08, 0x42, 0x65, 0x29, 0xff, 0xff, 0xbf, 0xff,
        0xfa, 0xee, 0x38, 0xd6, 0xf0, 0xbc, 0xcc, 0x93, 0x4a, 0x8b, 0x29, 0x83,
        0x29, 0x83, 0x29, 0x83, 0xc9, 0x7a, 0xa7, 0x7a, 0xa7, 0x7a, 0xa7, 0x7a,
        0x47, 0x6a, 0x47, 0x6a, 0xc9, 0x7a, 0x4b, 0x83, 0x8b, 0x93, 0x4b, 0x83,
        0x88, 0x6a, 0x26, 0x6a, 0x88, 0x6a, 0xc9, 0x7a, 0xc5, 0x51, 0x84, 0x49,
        0x06, 0x5a, 0x47, 0x6a, 0x26, 0x6a, 0x06, 0x5a, 0x06, 0x5a, 0xc5, 0x51,
        0x06, 0x5a, 0xc9, 0x7a, 0x06, 0x5a, 0x47, 0x6a, 0x4b, 0x7b, 0x54, 0xbd,
        0x95, 0xbd, 0xc3, 0x18, 0xc3, 0x18, 0x65, 0x29, 0x65, 0x29, 0x65, 0x29,
        0xc3, 0x18, 0x65, 0x29, 0xc3, 0x18, 0xc3, 0x18, 0x75, 0xb5, 0xfa, 0xee,
        0x57, 0xe6, 0xd3, 0xdd, 0x35, 0xde, 0x36, 0xe6, 0x14, 0xde, 0x36, 0xe6,
        0x77, 0xe6, 0x77, 0xe6, 0x36, 0xe6, 0xd9, 0xee, 0xb8, 0xee, 0xb8, 0xe6,
        0x1a, 0xf7, 0xf9, 0xee, 0xb8, 0xe6, 0xd9, 0xee, 0xd9, 0xee, 0xb8, 0xee,
        0x56, 0xe6, 0x56, 0xe6, 0x77, 0xe6, 0x56, 0xe6, 0x56, 0xe6, 0x56, 0xe6,
        0x56, 0xe6, 0x15, 0xe6, 0x56, 0xe6, 0x77, 0xe6, 0x14, 0xde, 0x56, 0xe6,
        0x98, 0xe6, 0x77, 0xe6, 0x36, 0xe6, 0x98, 0xe6, 0x36, 0xe6, 0x36, 0xe6,
        0x15, 0xde, 0xf4, 0xdd, 0x57, 0xe6, 0xd4, 0xd5, 0x35, 0xde, 0xd4, 0xd5,
        0x35, 0xde, 0x15, 0xde, 0xd4, 0xd5, 0xd4, 0xd5, 0xb3, 0xd5, 0x71, 0xd5,
        0xd4, 0xdd, 0x36, 0xe6, 0xb2, 0xd5, 0x72, 0xcd, 0x10, 0xc5, 0xef, 0xc4,
        0xef, 0xc4, 0xef, 0xc4, 0x10, 0xc5, 0xb4, 0xcd, 0xb4, 0xcd, 0x53, 0xc5,
        0x93, 0xcd, 0xf5, 0xd5, 0x37, 0xde, 0x37, 0xde, 0xd9, 0xe6, 0x99, 0xe6,
        0x93, 0xcd, 0x93, 0xcd, 0x16, 0xd6, 0xb4, 0xcd, 0xf5, 0xd5, 0x37, 0xde,
        0xf5, 0xd5, 0xb4, 0xcd, 0x57, 0xde, 0xf5, 0xd5, 0x37, 0xde, 0x37, 0xde,
        0x16, 0xd6, 0xf5, 0xd5, 0xf5, 0xd5, 0xf5, 0xd5, 0xf0, 0xbc, 0x4b, 0x83,
        0xc9, 0x7a, 0xcc, 0x93, 0x29, 0x83, 0x29, 0x83, 0xcc, 0x93, 0xc9, 0x7a,
        0x4b, 0x83, 0x06, 0x5a, 0x29, 0x83, 0x29, 0x83, 0x84, 0x49, 0xe8, 0x82,
        0x4b, 0x83, 0xc5, 0x51, 0x29, 0x83, 0xc9, 0x7a, 0x29, 0x83, 0xcc, 0x93,
        0x4a, 0x8b, 0x4a, 0x8b, 0xb0, 0xb4, 0x8b, 0x93, 0x84, 0x59, 0xc4, 0x61,
        0x8e, 0xb4, 0x93, 0xcd, 0x0c, 0xac, 0xa7, 0x82, 0x25, 0x72, 0x66, 0x7a,
        0x28, 0x93, 0x4a, 0x8b, 0xe8, 0x82, 0x89, 0xa3, 0xd3, 0xdd, 0x1b, 0xf7,
        0x00, 0x00, 0xff, 0xff, 0x00, 0x00, 0x00, 0x00, 0x00, 0x00, 0x00, 0x00,
        0x00, 0x00, 0x00, 0x00, 0x00, 0x00, 0x00, 0x00, 0x00, 0x00, 0x00, 0x00,
        0x00, 0x00, 0x00, 0x00, 0x00, 0x00, 0x00, 0x00, 0x00, 0x00, 0x00, 0x00,
        0x00, 0x00, 0x00, 0x00, 0x00, 0x00, 0x00, 0x00, 0x00, 0x00, 0x00, 0x00,
        0x00, 0x00, 0x00, 0x00, 0x00, 0x00, 0x00, 0x00, 0x00, 0x00, 0x00, 0x00,
        0x00, 0x00, 0x00, 0x00, 0x00, 0x00, 0x00, 0x00, 0x00, 0x00, 0x00, 0x00,
        0x00, 0x00, 0x00, 0x00, 0x00, 0x00, 0x00, 0x00, 0x00, 0x00, 0x00, 0x00,
        0x00, 0x00, 0x00, 0x00, 0x00, 0x00, 0x00, 0x00, 0x00, 0x00, 0x00, 0x00,
        0x00, 0x00, 0x00, 0x00, 0x00, 0x00, 0x00, 0x00, 0x00, 0x00, 0x00, 0x00,
        0x00, 0x00, 0x00, 0x00, 0x00, 0x00, 0x00, 0x00, 0xff, 0xff, 0xff, 0xff,
        0xff, 0xff, 0xff, 0xff, 0xff, 0xff, 0xff, 0xff, 0x08, 0x42, 0x08, 0x42,
        0x08, 0x42, 0x08, 0x42, 0x08, 0x42, 0xff, 0xff, 0xff, 0xff, 0x1b, 0xf7,
        0x38, 0xd6, 0xf0, 0xbc, 0x2e, 0xa4, 0x8b, 0x93, 0xc9, 0x7a, 0x88, 0x6a,
        0x47, 0x6a, 0x26, 0x6a, 0x06, 0x5a, 0x06, 0x5a, 0x47, 0x6a, 0x47, 0x6a,
        0x06, 0x5a, 0x47, 0x6a, 0x47, 0x6a, 0xc5, 0x51, 0x84, 0x49, 0xc5, 0x51,
        0x06, 0x5a, 0x47, 0x6a, 0x47, 0x6a, 0xc5, 0x51, 0x06, 0x5a, 0xc5, 0x51,
        0xc5, 0x51, 0x06, 0x5a, 0x88, 0x6a, 0xc5, 0x51, 0x84, 0x49, 0x84, 0x49,
        0x29, 0x83, 0x88, 0x6a, 0xc9, 0x7a, 0xaa, 0x62, 0x50, 0x9c, 0x75, 0xb5,
        0x00, 0x00, 0xc3, 0x18, 0x65, 0x29, 0x65, 0x29, 0x65, 0x29, 0xc3, 0x18,
        0x65, 0x29, 0xc3, 0x18, 0x65, 0x29, 0xc3, 0x18, 0x75, 0xb5, 0xfa, 0xee,
        0x98, 0xe6, 0x98, 0xe6, 0x77, 0xe6, 0x36, 0xe6, 0x36, 0xe6, 0x77, 0xe6,
        0x77, 0xe6, 0x98, 0xe6, 0x1a, 0xf7, 0xd9, 0xee, 0xd9, 0xee, 0x1a, 0xf7,
        0xb8, 0xe6, 0xb8, 0xe6, 0xf9, 0xee, 0x1a, 0xf7, 0x1a, 0xf7, 0x1a, 0xf7,
        0xb8, 0xee, 0x77, 0xe6, 0x97, 0xee, 0x97, 0xee, 0x14, 0xde, 0xb2, 0xd5,
        0xb2, 0xd5, 0x14, 0xde, 0x15, 0xe6, 0x14, 0xde, 0x14, 0xde, 0x76, 0xee,
        0xd9, 0xee, 0x15, 0xde, 0xd4, 0xdd, 0xb9, 0xee, 0x57, 0xde, 0xd4, 0xd5,
        0xd4, 0xd5, 0xb3, 0xd5, 0xb3, 0xd5, 0xcf, 0xbc, 0xd4, 0xd5, 0x93, 0xcd,
        0x72, 0xcd, 0xb4, 0xcd, 0x92, 0xd5, 0xb3, 0xd5, 0xb4, 0xcd, 0x72, 0xcd,
        0xb3, 0xd5, 0x15, 0xde, 0x15, 0xde, 0xb3, 0xd5, 0x51, 0xcd, 0x10, 0xc5,
        0x10, 0xc5, 0xcf, 0xbc, 0xcf, 0xbc, 0xb4, 0xcd, 0x16, 0xd6, 0xb4, 0xcd,
        0xb4, 0xcd, 0xb4, 0xcd, 0x16, 0xd6, 0xf5, 0xd5, 0x78, 0xde, 0xd9, 0xe6,
        0x37, 0xde, 0x93, 0xcd, 0x16, 0xd6, 0xf5, 0xd5, 0xb4, 0xcd, 0x16, 0xd6,
        0x78, 0xde, 0x93, 0xcd, 0xf5, 0xd5, 0x16, 0xd6, 0x37, 0xde, 0x38, 0xd6,
        0x16, 0xd6, 0x16, 0xd6, 0x37, 0xde, 0xf5, 0xd5, 0x6f, 0xac, 0xc9, 0x7a,
        0xc9, 0x7a, 0x4b, 0x83, 0x47, 0x6a, 0x8b, 0x93, 0x88, 0x6a, 0xc9, 0x7a,
        0x4b, 0x83, 0xc5, 0x51, 0x8b, 0x93, 0x06, 0x5a, 0xe3, 0x30, 0xa7, 0x7a,
        0xc9, 0x7a, 0x23, 0x41, 0x26, 0x6a, 0xa7, 0x7a, 0x88, 0x6a, 0x4a, 0x8b,
        0xe8, 0x82, 0x4a, 0x8b, 0x6a, 0x9b, 0xb0, 0xb4, 0xe8, 0x82, 0x28, 0x93,
        0x2b, 0xb4, 0x51, 0xcd, 0xf0, 0xbc, 0x6a, 0x9b, 0x28, 0x93, 0xe8, 0x82,
        0xc6, 0x8a, 0x89, 0xa3, 0x6d, 0xb4, 0xae, 0xbc, 0xf4, 0xdd, 0x7d, 0xf7,
        0x00, 0x00, 0xff, 0xff, 0x00, 0x00, 0x00, 0x00, 0x00, 0x00, 0x00, 0x00,
        0x00, 0x00, 0x00, 0x00, 0x00, 0x00, 0x00, 0x00, 0x00, 0x00, 0x00, 0x00,
        0x00, 0x00, 0x00, 0x00, 0x00, 0x00, 0x00, 0x00, 0x00, 0x00, 0x00, 0x00,
        0x00, 0x00, 0x00, 0x00, 0x00, 0x00, 0x00, 0x00, 0x00, 0x00, 0x00, 0x00,
        0x00, 0x00, 0x00, 0x00, 0x00, 0x00, 0x00, 0x00, 0x00, 0x00, 0x00, 0x00,
        0x00, 0x00, 0x00, 0x00, 0x00, 0x00, 0x00, 0x00, 0x00, 0x00, 0x00, 0x00,
        0x00, 0x00, 0x00, 0x00, 0x00, 0x00, 0x00, 0x00, 0x00, 0x00, 0x00, 0x00,
        0x00, 0x00, 0x00, 0x00, 0x00, 0x00, 0x00, 0x00, 0x00, 0x00, 0x00, 0x00,
        0x00, 0x00, 0x00, 0x00, 0x00, 0x00, 0x00, 0x00, 0x00, 0x00, 0x00, 0x00,
        0x00, 0x00, 0x00, 0x00, 0x00, 0x00, 0xff, 0xff, 0xff, 0xff, 0xff, 0xff,
        0xff, 0xff, 0xff, 0xff, 0xff, 0xff, 0x08, 0x42, 0x08, 0x42, 0x08, 0x42,
        0x08, 0x42, 0x08, 0x42, 0x65, 0x29, 0xff, 0xff, 0x5c, 0xf7, 0x57, 0xde,
        0x53, 0xc5, 0x2e, 0xa4, 0x4b, 0x83, 0xc9, 0x7a, 0x88, 0x6a, 0x47, 0x6a,
        0x47, 0x6a, 0x26, 0x6a, 0x88, 0x6a, 0x26, 0x6a, 0x06, 0x5a, 0x06, 0x5a,
        0x47, 0x6a, 0x88, 0x6a, 0x26, 0x6a, 0x06, 0x5a, 0xc5, 0x51, 0x23, 0x41,
        0x84, 0x49, 0x06, 0x5a, 0x06, 0x5a, 0x06, 0x5a, 0x06, 0x5a, 0x47, 0x6a,
        0xa7, 0x7a, 0xc9, 0x7a, 0x88, 0x6a, 0x84, 0x49, 0x84, 0x49, 0x47, 0x6a,
        0xe8, 0x82, 0x0a, 0x7b, 0x50, 0x9c, 0x2f, 0x94, 0xf4, 0xac, 0xff, 0xff,
        0x65, 0x29, 0x65, 0x29, 0x65, 0x29, 0xc3, 0x18, 0x65, 0x29, 0x65, 0x29,
        0xc3, 0x18, 0xc3, 0x18, 0x65, 0x29, 0xc3, 0x50, 0x1b, 0xf7, 0xd9, 0xee,
        0x98, 0xe6, 0x77, 0xe6, 0x56, 0xe6, 0x36, 0xe6, 0x36, 0xe6, 0x36, 0xe6,
        0x98, 0xe6, 0xd9, 0xee, 0xb8, 0xe6, 0xb8, 0xe6, 0x1a, 0xf7, 0x98, 0xe6,
        0x98, 0xe6, 0xf9, 0xee, 0x1b, 0xf7, 0x1a, 0xf7, 0x1b, 0xf7, 0x1b, 0xf7,
        0x1a, 0xf7, 0xd9, 0xee, 0xb8, 0xee, 0x56, 0xe6, 0xd3, 0xdd, 0x50, 0xcd,
        0xcf, 0xbc, 0x2b, 0xb4, 0xae, 0xbc, 0x92, 0xd5, 0xae, 0xbc, 0x51, 0xcd,
        0x16, 0xd6, 0x51, 0xcd, 0xd4, 0xd5, 0xd9, 0xee, 0x32, 0xc5, 0x72, 0xcd,
        0x93, 0xcd, 0x32, 0xc5, 0x93, 0xcd, 0x8e, 0xb4, 0xb0, 0xb4, 0x2e, 0xa4,
        0xb0, 0xb4, 0x93, 0xcd, 0x53, 0xc5, 0xf0, 0xbc, 0x32, 0xc5, 0x10, 0xc5,
        0x72, 0xcd, 0x93, 0xcd, 0xb4, 0xcd, 0xb3, 0xd5, 0x32, 0xc5, 0xf0, 0xbc,
        0x10, 0xc5, 0x32, 0xc5, 0xae, 0xbc, 0x32, 0xc5, 0x16, 0xd6, 0xb4, 0xcd,
        0x93, 0xcd, 0xb4, 0xcd, 0xb4, 0xcd, 0xf5, 0xd5, 0x16, 0xd6, 0x78, 0xde,
        0x57, 0xde, 0xf5, 0xd5, 0xb4, 0xcd, 0x16, 0xd6, 0xb4, 0xcd, 0xb4, 0xcd,
        0x16, 0xd6, 0xf5, 0xd5, 0xb4, 0xcd, 0x16, 0xd6, 0x16, 0xd6, 0x37, 0xde,
        0x37, 0xde, 0x16, 0xd6, 0x57, 0xde, 0x16, 0xd6, 0x32, 0xc5, 0xe8, 0x82,
        0xc9, 0x7a, 0x06, 0x5a, 0x88, 0x6a, 0xc9, 0x7a, 0x06, 0x5a, 0x4b, 0x83,
        0x47, 0x6a, 0xc5, 0x51, 0x4b, 0x83, 0x84, 0x49, 0x23, 0x41, 0x29, 0x83,
        0x47, 0x6a, 0x23, 0x41, 0xc5, 0x51, 0x29, 0x83, 0x26, 0x6a, 0x29, 0x83,
        0x48, 0x9b, 0x48, 0x9b, 0xea, 0xab, 0xae, 0xbc, 0xcf, 0xbc, 0xce, 0xc4,
        0xad, 0xc4, 0x2b, 0xb4, 0x8e, 0xb4, 0xcf, 0xbc, 0x2c, 0xb4, 0xce, 0xc4,
        0xae, 0xbc, 0x8d, 0xbc, 0xef, 0xc4, 0xd3, 0xdd, 0x77, 0xe6, 0xff, 0xff,
        0x00, 0x00, 0xff, 0xff, 0x00, 0x00, 0x00, 0x00, 0x00, 0x00, 0x00, 0x00,
        0x00, 0x00, 0x00, 0x00, 0x00, 0x00, 0x00, 0x00, 0x00, 0x00, 0x00, 0x00,
        0x00, 0x00, 0x00, 0x00, 0x00, 0x00, 0x00, 0x00, 0x00, 0x00, 0x00, 0x00,
        0x00, 0x00, 0x00, 0x00, 0x00, 0x00, 0x00, 0x00, 0x00, 0x00, 0x00, 0x00,
        0x00, 0x00, 0x00, 0x00, 0x00, 0x00, 0x00, 0x00, 0x00, 0x00, 0x00, 0x00,
        0x00, 0x00, 0x00, 0x00, 0x00, 0x00, 0x00, 0x00, 0x00, 0x00, 0x00, 0x00,
        0x00, 0x00, 0x00, 0x00, 0x00, 0x00, 0x00, 0x00, 0x00, 0x00, 0x00, 0x00,
        0x00, 0x00, 0x00, 0x00, 0x00, 0x00, 0x00, 0x00, 0x00, 0x00, 0x00, 0x00,
        0x00, 0x00, 0x00, 0x00, 0x00, 0x00, 0x00, 0x00, 0x00, 0x00, 0x00, 0x00,
        0x00, 0x00, 0x00, 0x00, 0x00, 0x00, 0x00, 0x00, 0xff, 0xff, 0xff, 0xff,
        0xff, 0xff, 0xff, 0xff, 0xff, 0xff, 0x08, 0x42, 0x08, 0x42, 0x08, 0x42,
        0x08, 0x42, 0x65, 0x29, 0x08, 0x42, 0x65, 0x29, 0x1b, 0xf7, 0x38, 0xd6,
        0x53, 0xc5, 0x2e, 0xa4, 0x4b, 0x83, 0xa7, 0x7a, 0x47, 0x6a, 0x26, 0x6a,
        0x47, 0x6a, 0x47, 0x6a, 0x26, 0x6a, 0x88, 0x6a, 0x88, 0x6a, 0xc9, 0x7a,
        0xc9, 0x7a, 0x88, 0x6a, 0x47, 0x6a, 0xc5, 0x51, 0x23, 0x41, 0xc5, 0x51,
        0x88, 0x6a, 0x47, 0x6a, 0x47, 0x6a, 0x88, 0x6a, 0xc9, 0x7a, 0xec, 0xa3,
        0x8b, 0x93, 0x88, 0x6a, 0x06, 0x5a, 0xc5, 0x51, 0x47, 0x6a, 0x29, 0x83,
        0x4b, 0x7b, 0x54, 0xbd, 0x95, 0xbd, 0xf4, 0xac, 0x00, 0x00, 0x65, 0x29,
        0x65, 0x29, 0x65, 0x29, 0x65, 0x29, 0xc3, 0x18, 0xc3, 0x18, 0xc3, 0x18,
        0x65, 0x29, 0xc3, 0x18, 0xc3, 0x18, 0xc3, 0x18, 0x37, 0xde, 0x77, 0xe6,
        0xf4, 0xdd, 0x15, 0xe6, 0xf4, 0xdd, 0x15, 0xe6, 0x36, 0xe6, 0x56, 0xe6,
        0x77, 0xe6, 0xb8, 0xe6, 0xd9, 0xee, 0xf9, 0xee, 0xd9, 0xee, 0xd9, 0xe6,
        0x1a, 0xf7, 0x1a, 0xf7, 0xf9, 0xee, 0x1a, 0xf7, 0x1b, 0xf7, 0x1a, 0xf7,
        0x1a, 0xf7, 0xd9, 0xee, 0xb8, 0xee, 0x56, 0xe6, 0xb2, 0xd5, 0xce, 0xc4,
        0x48, 0x9b, 0x48, 0x9b, 0xae, 0xbc, 0x0c, 0xac, 0x28, 0x93, 0x93, 0xcd,
        0xcf, 0xbc, 0x10, 0xc5, 0x35, 0xde, 0xb4, 0xcd, 0xcf, 0xbc, 0xb0, 0xb4,
        0x2e, 0xa4, 0x6f, 0xac, 0x32, 0xc5, 0xcc, 0x93, 0x2e, 0xa4, 0x4a, 0x8b,
        0x6f, 0xac, 0x6f, 0xac, 0x32, 0xc5, 0x8b, 0x93, 0x6f, 0xac, 0xb0, 0xb4,
        0x6f, 0xac, 0x32, 0xc5, 0x32, 0xc5, 0xf0, 0xbc, 0xb0, 0xb4, 0xcc, 0x93,
        0x6f, 0xac, 0xb0, 0xb4, 0xb0, 0xb4, 0xb0, 0xb4, 0xb4, 0xcd, 0xf5, 0xd5,
        0x93, 0xcd, 0xb4, 0xcd, 0xf5, 0xd5, 0xf5, 0xd5, 0x16, 0xd6, 0x57, 0xde,
        0x78, 0xde, 0x37, 0xde, 0xb4, 0xcd, 0xf5, 0xd5, 0x16, 0xd6, 0xf5, 0xd5,
        0xf5, 0xd5, 0x16, 0xd6, 0x16, 0xd6, 0x38, 0xd6, 0x37, 0xde, 0x57, 0xde,
        0x78, 0xde, 0x98, 0xe6, 0x98, 0xe6, 0xb9, 0xee, 0xd4, 0xd5, 0xec, 0xa3,
        0xc9, 0x7a, 0xc5, 0x51, 0xc9, 0x7a, 0x06, 0x5a, 0x47, 0x6a, 0x4b, 0x83,
        0x23, 0x41, 0x26, 0x6a, 0x88, 0x6a, 0x84, 0x49, 0x84, 0x49, 0x4a, 0x8b,
        0x88, 0x6a, 0x84, 0x49, 0xc4, 0x61, 0x28, 0x93, 0xa7, 0x82, 0xa7, 0x82,
        0x2b, 0xb4, 0xc9, 0xb3, 0xad, 0xc4, 0x51, 0xcd, 0x92, 0xd5, 0xcf, 0xbc,
        0x2c, 0xb4, 0x2b, 0xb4, 0x2c, 0xb4, 0xef, 0xc4, 0xef, 0xc4, 0x0f, 0xcd,
        0x51, 0xcd, 0x51, 0xcd, 0xb2, 0xd5, 0x97, 0xee, 0xfa, 0xee, 0xff, 0xff,
        0xff, 0xff, 0xff, 0xff, 0x00, 0x00, 0x00, 0x00, 0x00, 0x00, 0x00, 0x00,
        0x00, 0x00, 0x00, 0x00, 0x00, 0x00, 0x00, 0x00, 0x00, 0x00, 0x00, 0x00,
        0x00, 0x00, 0x00, 0x00, 0x00, 0x00, 0x00, 0x00, 0x00, 0x00, 0x00, 0x00,
        0x00, 0x00, 0x00, 0x00, 0x00, 0x00, 0x00, 0x00, 0x00, 0x00, 0x00, 0x00,
        0x00, 0x00, 0x00, 0x00, 0x00, 0x00, 0x00, 0x00, 0x00, 0x00, 0x00, 0x00,
        0x00, 0x00, 0x00, 0x00, 0x00, 0x00, 0x00, 0x00, 0x00, 0x00, 0x00, 0x00,
        0x00, 0x00, 0x00, 0x00, 0x00, 0x00, 0x00, 0x00, 0x00, 0x00, 0x00, 0x00,
        0x00, 0x00, 0x00, 0x00, 0x00, 0x00, 0x00, 0x00, 0x00, 0x00, 0x00, 0x00,
        0x00, 0x00, 0x00, 0x00, 0x00, 0x00, 0x00, 0x00, 0x00, 0x00, 0x00, 0x00,
        0x00, 0x00, 0x00, 0x00, 0x00, 0x00, 0xff, 0xff, 0xff, 0xff, 0xff, 0xff,
        0xff, 0xff, 0xff, 0xff, 0xff, 0xff, 0x08, 0x42, 0x08, 0x42, 0x08, 0x42,
        0x08, 0x42, 0x08, 0x42, 0x65, 0x29, 0x65, 0x29, 0x1b, 0xf7, 0xb4, 0xcd,
        0x6f, 0xac, 0x8b, 0x93, 0xc9, 0x7a, 0x47, 0x6a, 0x06, 0x5a, 0x06, 0x5a,
        0x06, 0x5a, 0x06, 0x5a, 0x26, 0x6a, 0x88, 0x6a, 0xc9, 0x7a, 0xc9, 0x7a,
        0x47, 0x6a, 0x06, 0x5a, 0xc5, 0x51, 0x06, 0x5a, 0x88, 0x6a, 0x29, 0x83,
        0x47, 0x6a, 0x88, 0x6a, 0xc9, 0x7a, 0xa7, 0x7a, 0xcc, 0x93, 0xcc, 0x93,
        0x47, 0x6a, 0x47, 0x6a, 0x47, 0x6a, 0x07, 0x52, 0x0f, 0x94, 0x0f, 0x94,
        0x75, 0xb5, 0x75, 0xb5, 0xf4, 0xac, 0xff, 0xff, 0x65, 0x29, 0x65, 0x29,
        0xc3, 0x18, 0x65, 0x29, 0xc3, 0x18, 0xc3, 0x18, 0x65, 0x29, 0xc3, 0x18,
        0xc3, 0x18, 0xc3, 0x18, 0xc3, 0x18, 0xa2, 0x10, 0x1b, 0xf7, 0x98, 0xe6,
        0x36, 0xe6, 0x36, 0xe6, 0x36, 0xe6, 0x36, 0xe6, 0x77, 0xe6, 0x77, 0xe6,
        0x77, 0xe6, 0xb8, 0xee, 0xf9, 0xee, 0xf9, 0xee, 0xd9, 0xee, 0x1a, 0xf7,
        0x1a, 0xf7, 0xfa, 0xee, 0xf9, 0xee, 0xf9, 0xee, 0x1a, 0xf7, 0x1a, 0xf7,
        0xf9, 0xee, 0x36, 0xe6, 0x71, 0xd5, 0x30, 0xcd, 0xef, 0xc4, 0xea, 0xab,
        0x2b, 0xb4, 0x6d, 0xb4, 0x2b, 0xb4, 0xc6, 0x8a, 0xec, 0xa3, 0x4d, 0xac,
        0xe8, 0x82, 0x8e, 0xb4, 0x53, 0xc5, 0x2e, 0xa4, 0xcb, 0x9b, 0xe8, 0x82,
        0xa7, 0x7a, 0x8b, 0x93, 0xcc, 0x93, 0x4a, 0x8b, 0xec, 0xa3, 0x47, 0x6a,
        0xcc, 0x93, 0xa7, 0x7a, 0xcc, 0x93, 0x8b, 0x93, 0x29, 0x83, 0x2e, 0xa4,
        0xc9, 0x7a, 0x2e, 0xa4, 0xf0, 0xbc, 0xcc, 0x93, 0xcc, 0x93, 0x29, 0x83,
        0xc9, 0x7a, 0x4a, 0x8b, 0xec, 0xa3, 0xb0, 0xb4, 0x93, 0xcd, 0xf5, 0xd5,
        0xf5, 0xd5, 0x16, 0xd6, 0x16, 0xd6, 0xf5, 0xd5, 0xf5, 0xd5, 0x37, 0xde,
        0x78, 0xde, 0x57, 0xde, 0x37, 0xde, 0xf5, 0xd5, 0x16, 0xd6, 0x16, 0xd6,
        0x16, 0xd6, 0x16, 0xd6, 0x37, 0xde, 0x38, 0xd6, 0x78, 0xde, 0x99, 0xe6,
        0x99, 0xe6, 0xfa, 0xee, 0x1b, 0xf7, 0xfa, 0xee, 0xb9, 0xee, 0xf5, 0xd5,
        0xec, 0xa3, 0x4a, 0x8b, 0xe8, 0x82, 0x66, 0x7a, 0x29, 0x83, 0x4a, 0x8b,
        0x84, 0x49, 0xa7, 0x7a, 0xa7, 0x7a, 0xc4, 0x61, 0x84, 0x59, 0xcb, 0x9b,
        0x4a, 0x8b, 0x25, 0x72, 0x65, 0x82, 0x48, 0x9b, 0x2b, 0xb4, 0x48, 0x9b,
        0x4c, 0xbc, 0x50, 0xcd, 0xce, 0xc4, 0x50, 0xcd, 0xd4, 0xd5, 0x30, 0xcd,
        0xae, 0xbc, 0x2c, 0xb4, 0xce, 0xc4, 0x50, 0xcd, 0x71, 0xd5, 0xb2, 0xd5,
        0xb3, 0xd5, 0xd4, 0xdd, 0x36, 0xe6, 0xd9, 0xee, 0x5c, 0xf7, 0x00, 0x00,
        0xff, 0xff, 0x00, 0x00, 0x00, 0x00, 0x00, 0x00, 0x00, 0x00, 0x00, 0x00,
        0x00, 0x00, 0x00, 0x00, 0x00, 0x00, 0x00, 0x00, 0x00, 0x00, 0x00, 0x00,
        0x00, 0x00, 0x00, 0x00, 0x00, 0x00, 0x00, 0x00, 0x00, 0x00, 0x00, 0x00,
        0x00, 0x00, 0x00, 0x00, 0x00, 0x00, 0x00, 0x00, 0x00, 0x00, 0x00, 0x00,
        0x00, 0x00, 0x00, 0x00, 0x00, 0x00, 0x00, 0x00, 0x00, 0x00, 0x00, 0x00,
        0x00, 0x00, 0x00, 0x00, 0x00, 0x00, 0x00, 0x00, 0x00, 0x00, 0x00, 0x00,
        0x00, 0x00, 0x00, 0x00, 0x00, 0x00, 0x00, 0x00, 0x00, 0x00, 0x00, 0x00,
        0x00, 0x00, 0x00, 0x00, 0x00, 0x00, 0x00, 0x00, 0x00, 0x00, 0x00, 0x00,
        0x00, 0x00, 0x00, 0x00, 0x00, 0x00, 0x00, 0x00, 0x00, 0x00, 0x00, 0x00,
        0x00, 0x00, 0x00, 0x00, 0x00, 0x00, 0x00, 0x00, 0xff, 0xff, 0xff, 0xff,
        0xff, 0xff, 0xff, 0xff, 0xff, 0xff, 0x08, 0x42, 0x08, 0x42, 0x08, 0x42,
        0x65, 0x29, 0x65, 0x29, 0xff, 0xff, 0xf4, 0xac, 0x77, 0xe6, 0x53, 0xc5,
        0x2e, 0xa4, 0x4b, 0x83, 0x47, 0x6a, 0x26, 0x6a, 0x26, 0x6a, 0x26, 0x6a,
        0x26, 0x6a, 0x47, 0x6a, 0x88, 0x6a, 0x88, 0x6a, 0xa7, 0x7a, 0x47, 0x6a,
        0x47, 0x6a, 0x88, 0x6a, 0x47, 0x6a, 0x47, 0x6a, 0xc5, 0x51, 0x84, 0x49,
        0x88, 0x6a, 0x29, 0x83, 0x47, 0x6a, 0x29, 0x83, 0x2e, 0xa4, 0x47, 0x6a,
        0x88, 0x6a, 0x0a, 0x7b, 0xaa, 0x62, 0x2f, 0x94, 0x75, 0xb5, 0xf4, 0xac,
        0xff, 0xff, 0x65, 0x29, 0xff, 0xff, 0x65, 0x29, 0x65, 0x29, 0xc3, 0x18,
        0xc3, 0x18, 0xc3, 0x18, 0xc3, 0x18, 0x65, 0x29, 0xc3, 0x18, 0xc3, 0x18,
        0xc3, 0x18, 0xc3, 0x18, 0xa2, 0x10, 0xc3, 0x18, 0x95, 0xbd, 0xb9, 0xee,
        0x57, 0xde, 0x77, 0xe6, 0x98, 0xe6, 0x98, 0xe6, 0x98, 0xe6, 0x98, 0xe6,
        0x77, 0xe6, 0x98, 0xe6, 0xd9, 0xee, 0x1a, 0xf7, 0x1a, 0xf7, 0xd9, 0xe6,
        0x1a, 0xf7, 0xfa, 0xee, 0xfa, 0xee, 0xfa, 0xee, 0x1a, 0xf7, 0x1b, 0xf7,
        0xd9, 0xee, 0xd4, 0xdd, 0xce, 0xc4, 0xad, 0xc4, 0x6d, 0xb4, 0xca, 0xa3,
        0x8d, 0xbc, 0x4c, 0xbc, 0xca, 0xa3, 0x2b, 0xb4, 0x8d, 0xbc, 0xca, 0xa3,
        0x28, 0x93, 0xec, 0xa3, 0x6f, 0xac, 0x4d, 0xac, 0x66, 0x7a, 0xc4, 0x61,
        0x26, 0x6a, 0x8b, 0x93, 0x4b, 0x83, 0xcb, 0x9b, 0x4a, 0x8b, 0xa7, 0x7a,
        0xe8, 0x82, 0x47, 0x6a, 0xa7, 0x7a, 0x6f, 0xac, 0x47, 0x6a, 0x4b, 0x83,
        0x29, 0x83, 0x88, 0x6a, 0x6f, 0xac, 0x4b, 0x83, 0x29, 0x83, 0x4b, 0x83,
        0x06, 0x5a, 0xc9, 0x7a, 0xe8, 0x82, 0x6f, 0xac, 0xb4, 0xcd, 0x16, 0xd6,
        0x37, 0xde, 0x57, 0xde, 0x57, 0xde, 0x37, 0xde, 0x37, 0xde, 0x37, 0xde,
        0x78, 0xde, 0x78, 0xde, 0x37, 0xde, 0x16, 0xd6, 0x16, 0xd6, 0x37, 0xde,
        0x78, 0xde, 0x57, 0xde, 0x78, 0xde, 0x99, 0xe6, 0xd9, 0xee, 0xfa, 0xee,
        0xfa, 0xee, 0x5c, 0xf7, 0x7d, 0xf7, 0x5c, 0xf7, 0x1b, 0xf7, 0xd9, 0xee,
        0xf5, 0xd5, 0xae, 0xbc, 0x0c, 0xac, 0xca, 0xa3, 0x8d, 0xbc, 0x6a, 0x9b,
        0x66, 0x7a, 0xa7, 0x82, 0xa7, 0x82, 0x66, 0x7a, 0x25, 0x72, 0x2c, 0xb4,
        0x89, 0xa3, 0x48, 0x9b, 0xa9, 0xab, 0xa9, 0xab, 0xad, 0xc4, 0xad, 0xc4,
        0xad, 0xc4, 0x71, 0xd5, 0xd3, 0xdd, 0xad, 0xc4, 0x51, 0xcd, 0x51, 0xcd,
        0xef, 0xc4, 0x30, 0xcd, 0xad, 0xc4, 0x2f, 0xd5, 0x71, 0xd5, 0xf4, 0xdd,
        0x15, 0xde, 0xd4, 0xdd, 0x35, 0xde, 0xd9, 0xee, 0x5c, 0xf7, 0x00, 0x00,
        0xff, 0xff, 0x00, 0x00, 0x00, 0x00, 0x00, 0x00, 0x00, 0x00, 0x00, 0x00,
        0x00, 0x00, 0x00, 0x00, 0x00, 0x00, 0x00, 0x00, 0x00, 0x00, 0x00, 0x00,
        0x00, 0x00, 0x00, 0x00, 0x00, 0x00, 0x00, 0x00, 0x00, 0x00, 0x00, 0x00,
        0x00, 0x00, 0x00, 0x00, 0x00, 0x00, 0x00, 0x00, 0x00, 0x00, 0x00, 0x00,
        0x00, 0x00, 0x00, 0x00, 0x00, 0x00, 0x00, 0x00, 0x00, 0x00, 0x00, 0x00,
        0x00, 0x00, 0x00, 0x00, 0x00, 0x00, 0x00, 0x00, 0x00, 0x00, 0x00, 0x00,
        0x00, 0x00, 0x00, 0x00, 0x00, 0x00, 0x00, 0x00, 0x00, 0x00, 0x00, 0x00,
        0x00, 0x00, 0x00, 0x00, 0x00, 0x00, 0x00, 0x00, 0x00, 0x00, 0x00, 0x00,
        0x00, 0x00, 0x00, 0x00, 0x00, 0x00, 0x00, 0x00, 0x00, 0x00, 0x00, 0x00,
        0x00, 0x00, 0x00, 0x00, 0x00, 0x00, 0xff, 0xff, 0xff, 0xff, 0xff, 0xff,
        0xff, 0xff, 0xff, 0xff, 0xff, 0xff, 0x08, 0x42, 0x08, 0x42, 0x08, 0x42,
        0x65, 0x29, 0x65, 0x29, 0x00, 0x00, 0x1b, 0xf7, 0x38, 0xd6, 0xb0, 0xb4,
        0x4b, 0x83, 0x88, 0x6a, 0x47, 0x6a, 0x47, 0x6a, 0x06, 0x5a, 0x06, 0x5a,
        0x47, 0x6a, 0x06, 0x5a, 0x06, 0x5a, 0x06, 0x5a, 0x06, 0x5a, 0x47, 0x6a,
        0x88, 0x6a, 0x06, 0x5a, 0xc5, 0x51, 0x84, 0x49, 0xc5, 0x51, 0xcc, 0x93,
        0x29, 0x83, 0x06, 0x5a, 0x4b, 0x83, 0x2e, 0xa4, 0xc9, 0x7a, 0xc9, 0x7a,
        0x4b, 0x7b, 0xaa, 0x5a, 0xf4, 0xac, 0xff, 0xff, 0xc3, 0x18, 0x00, 0x00,
        0x65, 0x29, 0x65, 0x29, 0x65, 0x29, 0x65, 0x29, 0xc3, 0x18, 0xc3, 0x18,
        0xc3, 0x18, 0xc3, 0x18, 0xc3, 0x18, 0xc3, 0x18, 0xc3, 0x18, 0xc3, 0x18,
        0xa2, 0x10, 0xa2, 0x10, 0xa2, 0x10, 0xa2, 0x10, 0x75, 0xb5, 0x77, 0xe6,
        0x77, 0xe6, 0x35, 0xde, 0x57, 0xe6, 0x76, 0xee, 0x57, 0xe6, 0x57, 0xe6,
        0x98, 0xe6, 0x98, 0xe6, 0xf9, 0xee, 0x1b, 0xf7, 0x1a, 0xf7, 0xf9, 0xee,
        0xd9, 0xe6, 0xd9, 0xe6, 0xf9, 0xee, 0xfa, 0xee, 0x1b, 0xf7, 0xf9, 0xee,
        0xf9, 0xee, 0xd9, 0xee, 0xd3, 0xdd, 0x30, 0xcd, 0x2b, 0xb4, 0x6d, 0xb4,
        0xce, 0xc4, 0xce, 0xc4, 0xb2, 0xd5, 0x70, 0xd5, 0x2f, 0xd5, 0x2f, 0xd5,
        0xad, 0xc4, 0xef, 0xc4, 0xae, 0xbc, 0xec, 0xa3, 0x84, 0x59, 0x26, 0x6a,
        0xa7, 0x7a, 0xcc, 0x93, 0x8b, 0x93, 0x0c, 0xac, 0xa7, 0x7a, 0xe8, 0x82,
        0x26, 0x6a, 0xa7, 0x7a, 0xc4, 0x61, 0x6f, 0xac, 0x29, 0x83, 0x88, 0x6a,
        0x8b, 0x93, 0x06, 0x5a, 0xcc, 0x93, 0x4b, 0x83, 0x29, 0x83, 0x8b, 0x93,
        0x47, 0x6a, 0x47, 0x6a, 0xe8, 0x82, 0x29, 0x83, 0x93, 0xcd, 0x37, 0xde,
        0x57, 0xde, 0x57, 0xde, 0x78, 0xde, 0x78, 0xde, 0x78, 0xde, 0x57, 0xde,
        0x78, 0xde, 0x78, 0xde, 0x57, 0xde, 0x78, 0xde, 0x37, 0xde, 0x78, 0xde,
        0x99, 0xe6, 0xd9, 0xee, 0x99, 0xe6, 0xfa, 0xee, 0xfa, 0xee, 0xf4, 0xac,
        0x1b, 0xf7, 0x7d, 0xf7, 0xff, 0xff, 0xff, 0xff, 0x7d, 0xf7, 0x1b, 0xf7,
        0x16, 0xd6, 0x32, 0xc5, 0xcf, 0xbc, 0xae, 0xbc, 0xae, 0xbc, 0x2b, 0xb4,
        0xca, 0xa3, 0xca, 0xa3, 0xa9, 0xab, 0x89, 0xa3, 0xa9, 0xab, 0x8c, 0xc4,
        0x4c, 0xbc, 0x2b, 0xbc, 0xac, 0xc4, 0xce, 0xc4, 0x50, 0xcd, 0x50, 0xcd,
        0x30, 0xcd, 0x30, 0xcd, 0xb2, 0xd5, 0x0f, 0xcd, 0xea, 0xab, 0x2b, 0xb4,
        0xad, 0xc4, 0x0f, 0xcd, 0x0f, 0xcd, 0x70, 0xd5, 0x91, 0xd5, 0xd3, 0xdd,
        0x35, 0xde, 0x57, 0xe6, 0x57, 0xe6, 0xb9, 0xee, 0x7d, 0xf7, 0x00, 0x00,
        0xff, 0xff, 0x00, 0x00, 0x00, 0x00, 0x00, 0x00, 0x00, 0x00, 0x00, 0x00,
        0x00, 0x00, 0x00, 0x00, 0x00, 0x00, 0x00, 0x00, 0x00, 0x00, 0x00, 0x00,
        0x00, 0x00, 0x00, 0x00, 0x00, 0x00, 0x00, 0x00, 0x00, 0x00, 0x00, 0x00,
        0x00, 0x00, 0x00, 0x00, 0x00, 0x00, 0x00, 0x00, 0x00, 0x00, 0x00, 0x00,
        0x00, 0x00, 0x00, 0x00, 0x00, 0x00, 0x00, 0x00, 0x00, 0x00, 0x00, 0x00,
        0x00, 0x00, 0x00, 0x00, 0x00, 0x00, 0x00, 0x00, 0x00, 0x00, 0x00, 0x00,
        0x00, 0x00, 0x00, 0x00, 0x00, 0x00, 0x00, 0x00, 0x00, 0x00, 0x00, 0x00,
        0x00, 0x00, 0x00, 0x00, 0x00, 0x00, 0x00, 0x00, 0x00, 0x00, 0x00, 0x00,
        0x00, 0x00, 0x00, 0x00, 0x00, 0x00, 0x00, 0x00, 0x00, 0x00, 0x00, 0x00,
        0x00, 0x00, 0x00, 0x00, 0x00, 0x00, 0xff, 0xff, 0xff, 0xff, 0xff, 0xff,
        0xff, 0xff, 0xff, 0xff, 0xff, 0xff, 0x08, 0x42, 0x08, 0x42, 0x08, 0x42,
        0x65, 0x29, 0xff, 0xff, 0x7d, 0xf7, 0x16, 0xd6, 0x53, 0xc5, 0x4b, 0x83,
        0x88, 0x6a, 0x47, 0x6a, 0x06, 0x5a, 0xc5, 0x51, 0x06, 0x5a, 0x06, 0x5a,
        0x06, 0x5a, 0x47, 0x6a, 0x06, 0x5a, 0x06, 0x5a, 0x47, 0x6a, 0x47, 0x6a,
        0x06, 0x5a, 0xc5, 0x51, 0xc5, 0x51, 0x06, 0x5a, 0x4b, 0x83, 0x4b, 0x83,
        0xc5, 0x51, 0x4b, 0x83, 0x4b, 0x83, 0x88, 0x6a, 0x29, 0x83, 0x4b, 0x7b,
        0x2f, 0x94, 0xf4, 0xac, 0x65, 0x29, 0x65, 0x29, 0x08, 0x42, 0x65, 0x29,
        0x65, 0x29, 0x65, 0x29, 0xc3, 0x18, 0xc3, 0x18, 0xc3, 0x18, 0xc3, 0x18,
        0xc3, 0x18, 0xc3, 0x18, 0xc3, 0x18, 0xa2, 0x10, 0xa2, 0x10, 0xa2, 0x10,
        0xa2, 0x10, 0xa2, 0x10, 0x82, 0x10, 0x82, 0x10, 0xf4, 0xac, 0xd6, 0xcd,
        0x15, 0xde, 0x15, 0xde, 0x35, 0xde, 0x36, 0xe6, 0x36, 0xe6, 0x98, 0xe6,
        0xb8, 0xe6, 0xf9, 0xee, 0x1a, 0xf7, 0xb8, 0xe6, 0xb8, 0xe6, 0xd9, 0xee,
        0x1a, 0xf7, 0x1a, 0xf7, 0xfa, 0xee, 0xfa, 0xee, 0xf9, 0xee, 0xd9, 0xee,
        0x1a, 0xf7, 0x1a, 0xf7, 0x77, 0xe6, 0xd3, 0xdd, 0xb2, 0xd5, 0xd3, 0xdd,
        0xb2, 0xd5, 0x71, 0xd5, 0x0f, 0xcd, 0xb2, 0xdd, 0x35, 0xe6, 0x14, 0xe6,
        0x35, 0xe6, 0x91, 0xd5, 0x71, 0xd5, 0xca, 0xa3, 0x65, 0x82, 0xc6, 0x8a,
        0x28, 0x93, 0xcb, 0x9b, 0xec, 0xa3, 0x0c, 0xac, 0xa7, 0x82, 0xe8, 0x82,
        0x25, 0x72, 0xa7, 0x82, 0xc4, 0x61, 0x4a, 0x8b, 0xcc, 0x93, 0x26, 0x6a,
        0x4b, 0x83, 0x4b, 0x83, 0x06, 0x5a, 0x4b, 0x83, 0x88, 0x6a, 0x29, 0x83,
        0xa7, 0x7a, 0x66, 0x7a, 0xa7, 0x7a, 0x28, 0x93, 0x32, 0xc5, 0x37, 0xde,
        0x37, 0xde, 0x78, 0xde, 0x78, 0xde, 0x98, 0xe6, 0x99, 0xe6, 0x78, 0xde,
        0x78, 0xde, 0x99, 0xe6, 0x57, 0xde, 0x78, 0xde, 0x57, 0xde, 0x98, 0xe6,
        0xb9, 0xee, 0xd9, 0xee, 0xd9, 0xee, 0x1b, 0xf7, 0x1b, 0xf7, 0xa2, 0x10,
        0xf4, 0xac, 0x7d, 0xf7, 0x08, 0x42, 0xc3, 0x18, 0xff, 0xff, 0x5c, 0xf7,
        0x38, 0xd6, 0x93, 0xcd, 0xef, 0xc4, 0xef, 0xc4, 0xad, 0xc4, 0x4c, 0xbc,
        0xad, 0xc4, 0x0f, 0xcd, 0xad, 0xc4, 0xee, 0xcc, 0xee, 0xcc, 0xce, 0xc4,
        0x50, 0xcd, 0xcd, 0xcc, 0x2f, 0xd5, 0x91, 0xd5, 0x50, 0xcd, 0x70, 0xd5,
        0x30, 0xcd, 0xad, 0xc4, 0x30, 0xcd, 0x0f, 0xcd, 0x0f, 0xcd, 0xce, 0xc4,
        0x4c, 0xbc, 0xad, 0xc4, 0xad, 0xc4, 0x0f, 0xcd, 0xd3, 0xdd, 0x15, 0xe6,
        0xf4, 0xdd, 0x35, 0xde, 0x35, 0xde, 0xb9, 0xee, 0x5c, 0xf7, 0x00, 0x00,
        0xff, 0xff, 0x00, 0x00, 0x00, 0x00, 0x00, 0x00, 0x00, 0x00, 0x00, 0x00,
        0x00, 0x00, 0x00, 0x00, 0x00, 0x00, 0x00, 0x00, 0x00, 0x00, 0x00, 0x00,
        0x00, 0x00, 0x00, 0x00, 0x00, 0x00, 0x00, 0x00, 0x00, 0x00, 0x00, 0x00,
        0x00, 0x00, 0x00, 0x00, 0x00, 0x00, 0x00, 0x00, 0x00, 0x00, 0x00, 0x00,
        0x00, 0x00, 0x00, 0x00, 0x00, 0x00, 0x00, 0x00, 0x00, 0x00, 0x00, 0x00,
        0x00, 0x00, 0x00, 0x00, 0x00, 0x00, 0x00, 0x00, 0x00, 0x00, 0x00, 0x00,
        0x00, 0x00, 0x00, 0x00, 0x00, 0x00, 0x00, 0x00, 0x00, 0x00, 0x00, 0x00,
        0x00, 0x00, 0x00, 0x00, 0x00, 0x00, 0x00, 0x00, 0x00, 0x00, 0x00, 0x00,
        0x00, 0x00, 0x00, 0x00, 0x00, 0x00, 0x00, 0x00, 0x00, 0x00, 0x00, 0x00,
        0x00, 0x00, 0x00, 0x00, 0x00, 0x00, 0xff, 0xff, 0xff, 0xff, 0xff, 0xff,
        0xff, 0xff, 0xff, 0xff, 0xff, 0xff, 0x08, 0x42, 0x65, 0x29, 0x08, 0x42,
        0x08, 0x42, 0x08, 0x42, 0x1b, 0xf7, 0xf2, 0xb4, 0x4b, 0x83, 0xc9, 0x7a,
        0x47, 0x6a, 0x06, 0x5a, 0x06, 0x5a, 0x06, 0x5a, 0x06, 0x5a, 0x06, 0x5a,
        0x47, 0x6a, 0x47, 0x6a, 0x88, 0x6a, 0xc9, 0x7a, 0x88, 0x6a, 0x47, 0x6a,
        0x06, 0x5a, 0x47, 0x6a, 0x47, 0x6a, 0xc9, 0x7a, 0x29, 0x83, 0x06, 0x5a,
        0xa7, 0x7a, 0x4b, 0x83, 0x4b, 0x7b, 0xcc, 0x93, 0x4f, 0xa4, 0x95, 0xbd,
        0xff, 0xff, 0x65, 0x29, 0x65, 0x29, 0x65, 0x29, 0x65, 0x29, 0x65, 0x29,
        0xc3, 0x18, 0xc3, 0x18, 0xc3, 0x18, 0xc3, 0x18, 0xc3, 0x18, 0xc3, 0x18,
        0xc3, 0x18, 0xa2, 0x10, 0xa2, 0x10, 0xa2, 0x10, 0xa2, 0x10, 0x82, 0x10,
        0x82, 0x10, 0x82, 0x10, 0x82, 0x10, 0x61, 0x08, 0xf4, 0xac, 0x37, 0xde,
        0x15, 0xde, 0x16, 0xd6, 0x35, 0xde, 0x36, 0xe6, 0x77, 0xe6, 0x77, 0xe6,
        0xd9, 0xee, 0x57, 0xe6, 0xd4, 0xd5, 0x36, 0xe6, 0x77, 0xe6, 0xf9, 0xee,
        0xf9, 0xee, 0xfa, 0xee, 0xfa, 0xee, 0xf9, 0xee, 0xd9, 0xe6, 0xf9, 0xee,
        0xfa, 0xee, 0xd9, 0xe6, 0xb8, 0xe6, 0x77, 0xe6, 0x97, 0xee, 0x56, 0xe6,
        0x15, 0xe6, 0x91, 0xd5, 0x91, 0xd5, 0x34, 0xe6, 0x35, 0xe6, 0x35, 0xe6,
        0x97, 0xee, 0x34, 0xe6, 0xd3, 0xdd, 0x50, 0xcd, 0x09, 0xb4, 0xea, 0xab,
        0xea, 0xab, 0x8e, 0xb4, 0x2c, 0xb4, 0xca, 0xa3, 0x89, 0xa3, 0x48, 0x9b,
        0x28, 0x93, 0xe8, 0x82, 0x26, 0x6a, 0xa7, 0x7a, 0xcc, 0x93, 0x26, 0x6a,
        0xe8, 0x82, 0x8b, 0x93, 0x47, 0x6a, 0x06, 0x5a, 0x8b, 0x93, 0x29, 0x83,
        0xcb, 0x9b, 0x28, 0x93, 0xec, 0xa3, 0x10, 0xc5, 0xd4, 0xd5, 0x57, 0xde,
        0x57, 0xde, 0x37, 0xde, 0x57, 0xde, 0x98, 0xe6, 0x98, 0xe6, 0x98, 0xe6,
        0x78, 0xde, 0x99, 0xe6, 0x78, 0xde, 0x78, 0xde, 0x98, 0xe6, 0x78, 0xde,
        0xb9, 0xee, 0xfa, 0xee, 0x37, 0xde, 0xf4, 0xac, 0xf4, 0xac, 0xa2, 0x10,
        0xc3, 0x18, 0xf4, 0xac, 0xc3, 0x18, 0x65, 0x29, 0x08, 0x42, 0x7d, 0xf7,
        0xfa, 0xee, 0x57, 0xde, 0x51, 0xcd, 0x10, 0xc5, 0xce, 0xc4, 0xce, 0xc4,
        0xef, 0xc4, 0x50, 0xcd, 0x71, 0xd5, 0x91, 0xd5, 0x91, 0xd5, 0x50, 0xcd,
        0xb2, 0xd5, 0x50, 0xcd, 0x70, 0xd5, 0xd3, 0xdd, 0x91, 0xd5, 0x91, 0xd5,
        0xb2, 0xd5, 0x50, 0xcd, 0x91, 0xd5, 0x70, 0xd5, 0xb2, 0xdd, 0xd3, 0xdd,
        0xce, 0xc4, 0x4c, 0xbc, 0x30, 0xcd, 0xb2, 0xd5, 0xd3, 0xdd, 0x15, 0xe6,
        0x77, 0xe6, 0x98, 0xe6, 0x57, 0xe6, 0x57, 0xe6, 0x5c, 0xf7, 0x00, 0x00,
        0xff, 0xff, 0x00, 0x00, 0x00, 0x00, 0x00, 0x00, 0x00, 0x00, 0x00, 0x00,
        0x00, 0x00, 0x00, 0x00, 0x00, 0x00, 0x00, 0x00, 0x00, 0x00, 0x00, 0x00,
        0x00, 0x00, 0x00, 0x00, 0x00, 0x00, 0x00, 0x00, 0x00, 0x00, 0x00, 0x00,
        0x00, 0x00, 0x00, 0x00, 0x00, 0x00, 0x00, 0x00, 0x00, 0x00, 0x00, 0x00,
        0x00, 0x00, 0x00, 0x00, 0x00, 0x00, 0x00, 0x00, 0x00, 0x00, 0x00, 0x00,
        0x00, 0x00, 0x00, 0x00, 0x00, 0x00, 0x00, 0x00, 0x00, 0x00, 0x00, 0x00,
        0x00, 0x00, 0x00, 0x00, 0x00, 0x00, 0x00, 0x00, 0x00, 0x00, 0x00, 0x00,
        0x00, 0x00, 0x00, 0x00, 0x00, 0x00, 0x00, 0x00, 0x00, 0x00, 0x00, 0x00,
        0x00, 0x00, 0x00, 0x00, 0x00, 0x00, 0x00, 0x00, 0x00, 0x00, 0x00, 0x00,
        0x00, 0x00, 0x00, 0x00, 0x00, 0x00, 0xff, 0xff, 0xff, 0xff, 0xff, 0xff,
        0xff, 0xff, 0xff, 0xff, 0xff, 0xff, 0x08, 0x42, 0x08, 0x42, 0x08, 0x42,
        0x65, 0x29, 0x65, 0x29, 0xf4, 0xac, 0x50, 0x9c, 0x0a, 0x7b, 0x68, 0x5a,
        0x68, 0x5a, 0x47, 0x6a, 0x06, 0x5a, 0x47, 0x6a, 0x47, 0x6a, 0x47, 0x6a,
        0x88, 0x6a, 0x88, 0x6a, 0x88, 0x6a, 0x47, 0x6a, 0x06, 0x5a, 0x47, 0x6a,
        0x88, 0x6a, 0x88, 0x6a, 0x88, 0x6a, 0xc9, 0x7a, 0x88, 0x6a, 0xc9, 0x7a,
        0x0a, 0x7b, 0xaa, 0x62, 0x50, 0x9c, 0x54, 0xbd, 0x75, 0xb5, 0xff, 0xff,
        0x65, 0x29, 0x65, 0x29, 0x65, 0x29, 0x65, 0x29, 0xc3, 0x18, 0xc3, 0x18,
        0xc3, 0x18, 0xc3, 0x18, 0xa2, 0x10, 0xc3, 0x18, 0xa2, 0x10, 0xa2, 0x10,
        0xa2, 0x10, 0xa2, 0x10, 0xa2, 0x10, 0xa2, 0x10, 0x82, 0x10, 0x82, 0x10,
        0x82, 0x10, 0x82, 0x10, 0x82, 0x10, 0x82, 0x10, 0x75, 0xb5, 0xd6, 0xcd,
        0xd4, 0xdd, 0x92, 0xd5, 0x92, 0xd5, 0xb3, 0xd5, 0x15, 0xde, 0x35, 0xde,
        0xd4, 0xd5, 0x72, 0xcd, 0x15, 0xde, 0x98, 0xe6, 0x77, 0xe6, 0x98, 0xe6,
        0xb8, 0xe6, 0xd9, 0xe6, 0xfa, 0xee, 0xf9, 0xee, 0xd9, 0xe6, 0xfa, 0xee,
        0xf9, 0xee, 0xd9, 0xe6, 0x98, 0xe6, 0x35, 0xde, 0x57, 0xe6, 0x36, 0xe6,
        0x35, 0xde, 0x35, 0xe6, 0x35, 0xe6, 0x34, 0xe6, 0x35, 0xe6, 0x97, 0xee,
        0x76, 0xee, 0x76, 0xee, 0x35, 0xe6, 0x14, 0xe6, 0x50, 0xcd, 0x8d, 0xbc,
        0xef, 0xc4, 0x10, 0xc5, 0x0c, 0xac, 0xca, 0xa3, 0xca, 0xa3, 0xca, 0xa3,
        0x48, 0x9b, 0x28, 0x93, 0x66, 0x7a, 0x66, 0x7a, 0xcb, 0x9b, 0xc4, 0x61,
        0xa7, 0x82, 0x4a, 0x8b, 0x4a, 0x8b, 0xe8, 0x82, 0xca, 0xa3, 0xef, 0xc4,
        0xcf, 0xbc, 0x51, 0xcd, 0x92, 0xd5, 0x37, 0xde, 0x57, 0xde, 0x98, 0xe6,
        0x98, 0xe6, 0x57, 0xde, 0x57, 0xde, 0x57, 0xde, 0x78, 0xde, 0x98, 0xe6,
        0x98, 0xe6, 0x99, 0xe6, 0x78, 0xde, 0x98, 0xe6, 0xd9, 0xee, 0x98, 0xe6,
        0xfa, 0xee, 0x37, 0xde, 0x61, 0x08, 0x61, 0x08, 0x61, 0x08, 0x82, 0x10,
        0xa2, 0x10, 0xa2, 0x10, 0xc3, 0x18, 0xc3, 0x18, 0xc3, 0x18, 0xc3, 0x18,
        0x5c, 0xf7, 0x57, 0xde, 0x72, 0xcd, 0x10, 0xc5, 0xef, 0xc4, 0x51, 0xcd,
        0x50, 0xcd, 0x92, 0xd5, 0x71, 0xd5, 0xd4, 0xdd, 0x91, 0xd5, 0x70, 0xd5,
        0xd3, 0xdd, 0x91, 0xd5, 0x50, 0xcd, 0xd3, 0xdd, 0xd3, 0xdd, 0xd3, 0xdd,
        0x14, 0xde, 0xf4, 0xdd, 0xd3, 0xdd, 0x14, 0xde, 0xb2, 0xd5, 0x71, 0xd5,
        0x91, 0xd5, 0x30, 0xcd, 0xad, 0xc4, 0x8d, 0xbc, 0x51, 0xcd, 0x51, 0xcd,
        0x92, 0xd5, 0x35, 0xde, 0x57, 0xe6, 0xb9, 0xee, 0x7d, 0xf7, 0x00, 0x00,
        0xff, 0xff, 0x00, 0x00, 0x00, 0x00, 0x00, 0x00, 0x00, 0x00, 0x00, 0x00,
        0x00, 0x00, 0x00, 0x00, 0x00, 0x00, 0x00, 0x00, 0x00, 0x00, 0x00, 0x00,
        0x00, 0x00, 0x00, 0x00, 0x00, 0x00, 0x00, 0x00, 0x00, 0x00, 0x00, 0x00,
        0x00, 0x00, 0x00, 0x00, 0x00, 0x00, 0x00, 0x00, 0x00, 0x00, 0x00, 0x00,
        0x00, 0x00, 0x00, 0x00, 0x00, 0x00, 0x00, 0x00, 0x00, 0x00, 0x00, 0x00,
        0x00, 0x00, 0x00, 0x00, 0x00, 0x00, 0x00, 0x00, 0x00, 0x00, 0x00, 0x00,
        0x00, 0x00, 0x00, 0x00, 0x00, 0x00, 0x00, 0x00, 0x00, 0x00, 0x00, 0x00,
        0x00, 0x00, 0x00, 0x00, 0x00, 0x00, 0x00, 0x00, 0x00, 0x00, 0x00, 0x00,
        0x00, 0x00, 0x00, 0x00, 0x00, 0x00, 0x00, 0x00, 0x00, 0x00, 0x00, 0x00,
        0xff, 0xff, 0xff, 0xff, 0x00, 0x00, 0xff, 0xff, 0xff, 0xff, 0xff, 0xff,
        0xff, 0xff, 0xff, 0xff, 0x08, 0x42, 0x08, 0x42, 0x08, 0x42, 0x65, 0x29,
        0x65, 0x29, 0x65, 0x29, 0xc3, 0x18, 0x61, 0x08, 0x2f, 0x94, 0x0f, 0x94,
        0xac, 0x93, 0x0a, 0x7b, 0xc9, 0x7a, 0xc9, 0x7a, 0x88, 0x6a, 0xc9, 0x7a,
        0xc9, 0x7a, 0x88, 0x6a, 0x47, 0x6a, 0x47, 0x6a, 0xc9, 0x7a, 0x29, 0x83,
        0xc9, 0x7a, 0x29, 0x83, 0x29, 0x83, 0xc9, 0x7a, 0x0a, 0x7b, 0x0f, 0x94,
        0x2f, 0x94, 0xf4, 0xac, 0x75, 0xb5, 0xff, 0xff, 0x00, 0x00, 0x65, 0x29,
        0x65, 0x29, 0x65, 0x29, 0x65, 0x29, 0xc3, 0x18, 0xc3, 0x18, 0xc3, 0x18,
        0xa2, 0x10, 0xa2, 0x10, 0xa2, 0x10, 0xa2, 0x10, 0xa2, 0x10, 0xa2, 0x10,
        0xa2, 0x10, 0xa2, 0x10, 0x82, 0x10, 0x82, 0x10, 0x82, 0x10, 0x82, 0x10,
        0x82, 0x10, 0x82, 0x10, 0x61, 0x08, 0x61, 0x08, 0x95, 0xbd, 0x16, 0xd6,
        0xb2, 0xd5, 0x92, 0xd5, 0x92, 0xd5, 0xd4, 0xd5, 0xd4, 0xd5, 0x92, 0xd5,
        0xb3, 0xd5, 0x57, 0xe6, 0x57, 0xe6, 0x15, 0xde, 0x57, 0xe6, 0x57, 0xde,
        0x98, 0xe6, 0xd9, 0xe6, 0xd9, 0xe6, 0xd9, 0xe6, 0xd9, 0xe6, 0xd9, 0xe6,
        0xd9, 0xe6, 0xd9, 0xee, 0x98, 0xe6, 0x35, 0xde, 0xf4, 0xdd, 0xf4, 0xdd,
        0xf4, 0xdd, 0x14, 0xde, 0xd3, 0xdd, 0x15, 0xe6, 0xf4, 0xdd, 0xb2, 0xdd,
        0x35, 0xe6, 0x76, 0xee, 0x34, 0xe6, 0x35, 0xe6, 0x70, 0xd5, 0xad, 0xc4,
        0xef, 0xc4, 0x0c, 0xac, 0x0c, 0xac, 0xca, 0xa3, 0xca, 0xa3, 0xea, 0xab,
        0x48, 0x9b, 0x89, 0xa3, 0xa7, 0x82, 0x66, 0x7a, 0x2c, 0xb4, 0x25, 0x72,
        0xa7, 0x82, 0x48, 0x9b, 0xca, 0xa3, 0x2b, 0xb4, 0x6d, 0xb4, 0xef, 0xc4,
        0x92, 0xd5, 0xb3, 0xd5, 0x16, 0xd6, 0x57, 0xde, 0x98, 0xe6, 0x78, 0xde,
        0x99, 0xe6, 0x98, 0xe6, 0x57, 0xde, 0x37, 0xde, 0x78, 0xde, 0x98, 0xe6,
        0x98, 0xe6, 0x99, 0xe6, 0x98, 0xe6, 0x98, 0xe6, 0x99, 0xe6, 0xb9, 0xee,
        0xfa, 0xee, 0x1b, 0xf7, 0x41, 0x08, 0x61, 0x08, 0x61, 0x08, 0x82, 0x10,
        0x82, 0x10, 0x82, 0x10, 0xa2, 0x10, 0xa2, 0x10, 0xa2, 0x10, 0x65, 0x29,
        0x7d, 0xf7, 0xd9, 0xee, 0x15, 0xde, 0x51, 0xcd, 0x51, 0xcd, 0x51, 0xcd,
        0x71, 0xd5, 0x71, 0xd5, 0x91, 0xd5, 0x14, 0xde, 0xb2, 0xdd, 0x91, 0xd5,
        0xd3, 0xdd, 0x91, 0xd5, 0x91, 0xd5, 0x50, 0xd5, 0xb2, 0xdd, 0xd3, 0xdd,
        0x71, 0xd5, 0xd3, 0xdd, 0x30, 0xcd, 0x71, 0xd5, 0xd3, 0xdd, 0xb2, 0xd5,
        0x50, 0xcd, 0x30, 0xcd, 0x70, 0xd5, 0x30, 0xcd, 0x4c, 0xbc, 0xcf, 0xbc,
        0x8e, 0xb4, 0x8e, 0xb4, 0x32, 0xc5, 0x15, 0xde, 0x5c, 0xf7, 0x00, 0x00,
        0xff, 0xff, 0x00, 0x00, 0x00, 0x00, 0x00, 0x00, 0x00, 0x00, 0x00, 0x00,
        0x00, 0x00, 0x00, 0x00, 0x00, 0x00, 0x00, 0x00, 0x00, 0x00, 0x00, 0x00,
        0x00, 0x00, 0x00, 0x00, 0x00, 0x00, 0x00, 0x00, 0x00, 0x00, 0x00, 0x00,
        0x00, 0x00, 0x00, 0x00, 0x00, 0x00, 0x00, 0x00, 0x00, 0x00, 0x00, 0x00,
        0x00, 0x00, 0x00, 0x00, 0x00, 0x00, 0x00, 0x00, 0x00, 0x00, 0x00, 0x00,
        0x00, 0x00, 0x00, 0x00, 0x00, 0x00, 0x00, 0x00, 0x00, 0x00, 0x00, 0x00,
        0x00, 0x00, 0x00, 0x00, 0x00, 0x00, 0x00, 0x00, 0x00, 0x00, 0x00, 0x00,
        0x00, 0x00, 0x00, 0x00, 0x00, 0x00, 0x00, 0x00, 0x00, 0x00, 0x00, 0x00,
        0x00, 0x00, 0x00, 0x00, 0x00, 0x00, 0x00, 0x00, 0x00, 0x00, 0xff, 0xff,
        0xff, 0xff, 0xff, 0xff, 0xff, 0xff, 0xff, 0xff, 0xff, 0xff, 0xff, 0xff,
        0xff, 0xff, 0xff, 0xff, 0x08, 0x42, 0x08, 0x42, 0x08, 0x42, 0x65, 0x29,
        0x65, 0x29, 0x65, 0x29, 0x65, 0x29, 0xff, 0xff, 0x08, 0x42, 0xf4, 0xac,
        0x95, 0xbd, 0xd1, 0xac, 0xac, 0x93, 0x4b, 0x83, 0xc9, 0x7a, 0xc9, 0x7a,
        0xc9, 0x7a, 0xc9, 0x7a, 0xc9, 0x7a, 0x29, 0x83, 0xc9, 0x7a, 0xc9, 0x7a,
        0x4b, 0x83, 0xac, 0x93, 0xac, 0x93, 0x4f, 0xa4, 0x75, 0xb5, 0xbf, 0xff,
        0x65, 0x29, 0xff, 0xff, 0xff, 0xff, 0x08, 0x42, 0x65, 0x29, 0x65, 0x29,
        0x65, 0x29, 0x65, 0x29, 0xc3, 0x18, 0xc3, 0x18, 0xa2, 0x10, 0xa2, 0x10,
        0xa2, 0x10, 0xa2, 0x10, 0xa2, 0x10, 0xa2, 0x10, 0x82, 0x10, 0x82, 0x10,
        0x82, 0x10, 0x82, 0x10, 0x82, 0x10, 0x82, 0x10, 0x82, 0x10, 0x82, 0x10,
        0x82, 0x10, 0x61, 0x08, 0x61, 0x08, 0x61, 0x08, 0x95, 0xbd, 0x16, 0xd6,
        0xf4, 0xdd, 0xd4, 0xdd, 0xb3, 0xd5, 0x92, 0xd5, 0x92, 0xd5, 0xd4, 0xdd,
        0x15, 0xde, 0xb3, 0xd5, 0x92, 0xd5, 0x57, 0xe6, 0x37, 0xde, 0x15, 0xde,
        0x78, 0xde, 0x57, 0xde, 0x57, 0xde, 0x78, 0xde, 0x98, 0xe6, 0xd9, 0xe6,
        0xb8, 0xe6, 0x98, 0xe6, 0x99, 0xe6, 0x35, 0xde, 0xb2, 0xd5, 0xb2, 0xd5,
        0x50, 0xcd, 0x0f, 0xcd, 0x50, 0xcd, 0xad, 0xc4, 0xce, 0xc4, 0x91, 0xd5,
        0x14, 0xde, 0x70, 0xd5, 0x15, 0xe6, 0xd3, 0xdd, 0xad, 0xc4, 0xad, 0xc4,
        0xca, 0xa3, 0xea, 0xab, 0x2b, 0xb4, 0x48, 0x9b, 0xea, 0xab, 0x2b, 0xb4,
        0xc9, 0xb3, 0x8c, 0xc4, 0xca, 0xa3, 0x48, 0x9b, 0xce, 0xc4, 0xca, 0xa3,
        0x89, 0xa3, 0x8c, 0xc4, 0x4c, 0xbc, 0x8d, 0xbc, 0xce, 0xc4, 0x10, 0xc5,
        0x72, 0xcd, 0xd4, 0xd5, 0x37, 0xde, 0x57, 0xde, 0x98, 0xe6, 0x78, 0xde,
        0x99, 0xe6, 0x99, 0xe6, 0x57, 0xde, 0x37, 0xde, 0x57, 0xde, 0x78, 0xde,
        0x78, 0xde, 0x99, 0xe6, 0x98, 0xe6, 0x99, 0xe6, 0xb9, 0xee, 0xfa, 0xee,
        0xfa, 0xee, 0x2f, 0x94, 0x61, 0x08, 0x41, 0x08, 0x61, 0x08, 0x61, 0x08,
        0x61, 0x08, 0x82, 0x10, 0x82, 0x10, 0xa2, 0x10, 0xa2, 0x10, 0xa2, 0x10,
        0xc3, 0x18, 0x5c, 0xf7, 0x77, 0xe6, 0x92, 0xd5, 0x10, 0xc5, 0x30, 0xcd,
        0x71, 0xd5, 0x92, 0xd5, 0xb2, 0xd5, 0xd3, 0xdd, 0xd3, 0xdd, 0xb2, 0xdd,
        0xb2, 0xdd, 0xb2, 0xdd, 0xd2, 0xe5, 0x50, 0xd5, 0xee, 0xcc, 0xb2, 0xdd,
        0x0f, 0xcd, 0x0f, 0xcd, 0xce, 0xc4, 0x2b, 0xb4, 0xce, 0xc4, 0xd3, 0xdd,
        0xd4, 0xdd, 0x8d, 0xbc, 0x8d, 0xbc, 0xef, 0xc4, 0x71, 0xd5, 0xb2, 0xd5,
        0x72, 0xcd, 0xec, 0xa3, 0xec, 0xa3, 0xd4, 0xdd, 0x1b, 0xf7, 0x00, 0x00,
        0xff, 0xff, 0x00, 0x00, 0x00, 0x00, 0x00, 0x00, 0x00, 0x00, 0x00, 0x00,
        0x00, 0x00, 0x00, 0x00, 0x00, 0x00, 0x00, 0x00, 0x00, 0x00, 0x00, 0x00,
        0x00, 0x00, 0x00, 0x00, 0x00, 0x00, 0x00, 0x00, 0x00, 0x00, 0x00, 0x00,
        0x00, 0x00, 0x00, 0x00, 0x00, 0x00, 0x00, 0x00, 0x00, 0x00, 0x00, 0x00,
        0x00, 0x00, 0x00, 0x00, 0x00, 0x00, 0x00, 0x00, 0x00, 0x00, 0x00, 0x00,
        0x00, 0x00, 0x00, 0x00, 0x00, 0x00, 0x00, 0x00, 0x00, 0x00, 0x00, 0x00,
        0x00, 0x00, 0x00, 0x00, 0x00, 0x00, 0x00, 0x00, 0x00, 0x00, 0x00, 0x00,
        0x00, 0x00, 0x00, 0x00, 0x00, 0x00, 0x00, 0x00, 0x00, 0x00, 0x00, 0x00,
        0x00, 0x00, 0x00, 0x00, 0x00, 0x00, 0x00, 0x00, 0x00, 0x00, 0xff, 0xff,
        0xff, 0xff, 0xff, 0xff, 0xff, 0xff, 0xff, 0xff, 0xff, 0xff, 0xff, 0xff,
        0xff, 0xff, 0xff, 0xff, 0x08, 0x42, 0x08, 0x42, 0x08, 0x42, 0x65, 0x29,
        0x65, 0x29, 0x65, 0x29, 0x70, 0x29, 0x65, 0x29, 0x65, 0x29, 0x08, 0x42,
        0xff, 0xff, 0x75, 0xb5, 0xd1, 0xac, 0x4f, 0xa4, 0xac, 0x93, 0xcc, 0x93,
        0x8b, 0x93, 0x4b, 0x83, 0x4b, 0x83, 0x0a, 0x7b, 0x4b, 0x83, 0xcc, 0x93,
        0xd1, 0xac, 0x0f, 0x94, 0x95, 0xbd, 0xbf, 0xff, 0x00, 0x00, 0x08, 0x42,
        0x08, 0x42, 0x08, 0x42, 0xff, 0xff, 0x65, 0x29, 0x65, 0x29, 0x65, 0x29,
        0xc3, 0x18, 0xc3, 0x18, 0xc3, 0x18, 0xa2, 0x10, 0xa2, 0x10, 0xa2, 0x10,
        0x82, 0x10, 0x82, 0x10, 0x82, 0x10, 0x82, 0x10, 0x82, 0x10, 0x82, 0x10,
        0x82, 0x10, 0x82, 0x10, 0x82, 0x10, 0x82, 0x10, 0x82, 0x10, 0x82, 0x10,
        0x61, 0x08, 0x61, 0x08, 0x82, 0x10, 0x2f, 0x94, 0x37, 0xde, 0xf4, 0xdd,
        0xb2, 0xd5, 0x70, 0xd5, 0x50, 0xcd, 0x91, 0xd5, 0xd4, 0xdd, 0x92, 0xd5,
        0x51, 0xcd, 0x92, 0xd5, 0x36, 0xe6, 0x15, 0xde, 0x51, 0xcd, 0xd4, 0xd5,
        0x37, 0xde, 0x16, 0xd6, 0x57, 0xde, 0x57, 0xde, 0x57, 0xde, 0x37, 0xde,
        0xb3, 0xd5, 0x16, 0xd6, 0x78, 0xde, 0x77, 0xe6, 0xd3, 0xdd, 0x50, 0xcd,
        0x8c, 0xc4, 0x8d, 0xbc, 0x6d, 0xb4, 0x30, 0xcd, 0x50, 0xcd, 0x50, 0xd5,
        0x0f, 0xcd, 0x2f, 0xd5, 0x50, 0xcd, 0x6d, 0xb4, 0xea, 0xab, 0xea, 0xab,
        0xea, 0xab, 0x50, 0xcd, 0x2b, 0xb4, 0x47, 0xa3, 0xac, 0xc4, 0xac, 0xc4,
        0xcd, 0xcc, 0x91, 0xd5, 0x0f, 0xcd, 0xac, 0xc4, 0x50, 0xcd, 0x30, 0xcd,
        0xce, 0xc4, 0x71, 0xd5, 0x30, 0xcd, 0xce, 0xc4, 0xce, 0xc4, 0x51, 0xcd,
        0x92, 0xd5, 0xb3, 0xd5, 0x37, 0xde, 0x78, 0xde, 0x99, 0xe6, 0x99, 0xe6,
        0x99, 0xe6, 0x78, 0xde, 0x38, 0xd6, 0xf5, 0xd5, 0x37, 0xde, 0x57, 0xde,
        0x37, 0xde, 0x99, 0xe6, 0x78, 0xde, 0x99, 0xe6, 0xd9, 0xee, 0xfa, 0xee,
        0x95, 0xbd, 0xa2, 0x10, 0x41, 0x08, 0x41, 0x08, 0x41, 0x08, 0x41, 0x08,
        0x61, 0x08, 0x61, 0x08, 0x61, 0x08, 0x82, 0x10, 0x82, 0x10, 0x82, 0x10,
        0x82, 0x10, 0x00, 0x00, 0x37, 0xde, 0xd4, 0xdd, 0x51, 0xcd, 0x50, 0xcd,
        0x50, 0xcd, 0x51, 0xcd, 0xb2, 0xd5, 0xb2, 0xd5, 0xd3, 0xdd, 0xb2, 0xdd,
        0x14, 0xe6, 0xb2, 0xdd, 0xd2, 0xe5, 0xd2, 0xe5, 0x4f, 0xd5, 0x91, 0xdd,
        0xd3, 0xdd, 0x2f, 0xd5, 0x50, 0xcd, 0xef, 0xc4, 0x89, 0xa3, 0xea, 0xab,
        0xd4, 0xdd, 0xb3, 0xd5, 0x6d, 0xb4, 0x89, 0xa3, 0x28, 0x93, 0xec, 0xa3,
        0x10, 0xc5, 0x10, 0xc5, 0x30, 0xcd, 0x35, 0xde, 0x5c, 0xf7, 0x00, 0x00,
        0xff, 0xff, 0x00, 0x00, 0x00, 0x00, 0x00, 0x00, 0x00, 0x00, 0x00, 0x00,
        0x00, 0x00, 0x00, 0x00, 0x00, 0x00, 0x00, 0x00, 0x00, 0x00, 0x00, 0x00,
        0x00, 0x00, 0x00, 0x00, 0x00, 0x00, 0x00, 0x00, 0x00, 0x00, 0x00, 0x00,
        0x00, 0x00, 0x00, 0x00, 0x00, 0x00, 0x00, 0x00, 0x00, 0x00, 0x00, 0x00,
        0x00, 0x00, 0x00, 0x00, 0x00, 0x00, 0x00, 0x00, 0x00, 0x00, 0x00, 0x00,
        0x00, 0x00, 0x00, 0x00, 0x00, 0x00, 0x00, 0x00, 0x00, 0x00, 0x00, 0x00,
        0x00, 0x00, 0x00, 0x00, 0x00, 0x00, 0x00, 0x00, 0x00, 0x00, 0x00, 0x00,
        0x00, 0x00, 0x00, 0x00, 0x00, 0x00, 0x00, 0x00, 0x00, 0x00, 0x00, 0x00,
        0x00, 0x00, 0x00, 0x00, 0x00, 0x00, 0x00, 0x00, 0x00, 0x00, 0xff, 0xff,
        0xff, 0xff, 0xff, 0xff, 0xff, 0xff, 0xff, 0xff, 0xff, 0xff, 0xff, 0xff,
        0xff, 0xff, 0xff, 0xff, 0x08, 0x42, 0x08, 0x42, 0x08, 0x42, 0x65, 0x29,
        0x65, 0x29, 0x65, 0x29, 0x65, 0x29, 0x65, 0x29, 0x65, 0x29, 0xc3, 0x18,
        0x08, 0x42, 0x65, 0x29, 0x7d, 0xf7, 0x95, 0xbd, 0x54, 0xbd, 0x54, 0xbd,
        0xd1, 0xac, 0xf2, 0xb4, 0xd1, 0xac, 0x54, 0xbd, 0x95, 0xbd, 0xd6, 0xcd,
        0xf4, 0xac, 0xbf, 0xff, 0x00, 0x00, 0x00, 0x00, 0x08, 0x42, 0x08, 0x42,
        0x08, 0x42, 0x08, 0x42, 0x65, 0x29, 0x65, 0x29, 0x65, 0x29, 0xc3, 0x18,
        0xc3, 0x18, 0xc3, 0x18, 0xa2, 0x10, 0xa2, 0x10, 0x82, 0x10, 0x82, 0x10,
        0x82, 0x10, 0x82, 0x10, 0x82, 0x10, 0x82, 0x10, 0x82, 0x10, 0x82, 0x10,
        0x82, 0x10, 0x82, 0x10, 0x82, 0x10, 0x82, 0x10, 0x82, 0x10, 0x61, 0x08,
        0x82, 0x10, 0x61, 0x08, 0x61, 0x08, 0x75, 0xb5, 0x16, 0xd6, 0x71, 0xd5,
        0x50, 0xcd, 0x71, 0xd5, 0xb2, 0xd5, 0x71, 0xd5, 0x50, 0xcd, 0x0f, 0xcd,
        0x92, 0xd5, 0xd4, 0xd5, 0x92, 0xd5, 0x2c, 0xb4, 0xae, 0xbc, 0x15, 0xde,
        0xd4, 0xd5, 0xd4, 0xd5, 0xf5, 0xd5, 0xf5, 0xd5, 0xf5, 0xd5, 0xb4, 0xcd,
        0xb4, 0xcd, 0x37, 0xde, 0x78, 0xde, 0x98, 0xe6, 0x57, 0xe6, 0xd4, 0xdd,
        0xb2, 0xd5, 0x30, 0xcd, 0x2f, 0xd5, 0xb2, 0xdd, 0x91, 0xd5, 0xb2, 0xdd,
        0x34, 0xe6, 0x15, 0xe6, 0xcd, 0xcc, 0xcd, 0xcc, 0x09, 0xb4, 0xac, 0xc4,
        0x70, 0xd5, 0xee, 0xcc, 0x2b, 0xbc, 0x6b, 0xc4, 0xb2, 0xdd, 0x70, 0xd5,
        0x50, 0xd5, 0x14, 0xe6, 0x70, 0xd5, 0x91, 0xd5, 0xd3, 0xdd, 0xb2, 0xd5,
        0x71, 0xd5, 0xb2, 0xd5, 0x71, 0xd5, 0x30, 0xcd, 0xef, 0xc4, 0x30, 0xcd,
        0x92, 0xd5, 0xb3, 0xd5, 0x16, 0xd6, 0x78, 0xde, 0x78, 0xde, 0x99, 0xe6,
        0x38, 0xd6, 0xb4, 0xcd, 0x53, 0xc5, 0x53, 0xc5, 0x16, 0xd6, 0xf5, 0xd5,
        0x16, 0xd6, 0x38, 0xd6, 0x78, 0xde, 0xd9, 0xe6, 0xd9, 0xee, 0x95, 0xbd,
        0xa2, 0x10, 0xa2, 0x10, 0xa2, 0x10, 0x41, 0x08, 0x41, 0x08, 0x41, 0x08,
        0x41, 0x08, 0x61, 0x08, 0x61, 0x08, 0x61, 0x08, 0x61, 0x08, 0x82, 0x10,
        0x82, 0x10, 0x65, 0x29, 0x37, 0xde, 0xd4, 0xd5, 0x30, 0xcd, 0x0f, 0xcd,
        0x0f, 0xcd, 0xce, 0xc4, 0x71, 0xd5, 0x30, 0xcd, 0x70, 0xd5, 0xd3, 0xdd,
        0x14, 0xe6, 0xb2, 0xdd, 0xd3, 0xdd, 0x34, 0xe6, 0x34, 0xe6, 0xd2, 0xe5,
        0x34, 0xe6, 0xd2, 0xe5, 0xd3, 0xdd, 0xb2, 0xdd, 0xd3, 0xdd, 0xce, 0xc4,
        0x8d, 0xbc, 0x92, 0xd5, 0x92, 0xd5, 0x4d, 0xac, 0xcb, 0x9b, 0x28, 0x93,
        0x28, 0x93, 0x4d, 0xac, 0x71, 0xd5, 0x57, 0xde, 0xbf, 0xff, 0x00, 0x00,
        0xff, 0xff, 0x00, 0x00, 0x00, 0x00, 0x00, 0x00, 0x00, 0x00, 0x00, 0x00,
        0x00, 0x00, 0x00, 0x00, 0x00, 0x00, 0x00, 0x00, 0x00, 0x00, 0x00, 0x00,
        0x00, 0x00, 0x00, 0x00, 0x00, 0x00, 0x00, 0x00, 0x00, 0x00, 0x00, 0x00,
        0x00, 0x00, 0x00, 0x00, 0x00, 0x00, 0x00, 0x00, 0x00, 0x00, 0x00, 0x00,
        0x00, 0x00, 0x00, 0x00, 0x00, 0x00, 0x00, 0x00, 0x00, 0x00, 0x00, 0x00,
        0x00, 0x00, 0x00, 0x00, 0x00, 0x00, 0x00, 0x00, 0x00, 0x00, 0x00, 0x00,
        0x00, 0x00, 0x00, 0x00, 0x00, 0x00, 0x00, 0x00, 0x00, 0x00, 0x00, 0x00,
        0x00, 0x00, 0x00, 0x00, 0x00, 0x00, 0x00, 0x00, 0x00, 0x00, 0x00, 0x00,
        0x00, 0x00, 0x00, 0x00, 0x00, 0x00, 0x00, 0x00, 0x00, 0x00, 0xff, 0xff,
        0xff, 0xff, 0xff, 0xff, 0xff, 0xff, 0xff, 0xff, 0xff, 0xff, 0xff, 0xff,
        0xff, 0xff, 0xff, 0xff, 0x08, 0x42, 0x08, 0x42, 0x08, 0x42, 0x65, 0x29,
        0x65, 0x29, 0x65, 0x29, 0x65, 0x29, 0x65, 0x29, 0x65, 0x29, 0x65, 0x29,
        0x65, 0x29, 0x65, 0x29, 0x65, 0x29, 0x08, 0x42, 0xff, 0xff, 0xff, 0xff,
        0xf4, 0xac, 0x95, 0xbd, 0x5c, 0xf7, 0x5c, 0xf7, 0x75, 0xb5, 0xf4, 0xac,
        0x00, 0x00, 0x65, 0x29, 0x08, 0x42, 0x08, 0x42, 0x08, 0x42, 0x08, 0x42,
        0x65, 0x29, 0x65, 0x29, 0x65, 0x29, 0xc3, 0x18, 0xc3, 0x18, 0xc3, 0x18,
        0xa2, 0x10, 0xa2, 0x10, 0x82, 0x10, 0x82, 0x10, 0x82, 0x10, 0x82, 0x10,
        0x82, 0x10, 0x82, 0x10, 0x82, 0x10, 0x82, 0x10, 0x82, 0x10, 0x82, 0x10,
        0x82, 0x10, 0x82, 0x10, 0x82, 0x10, 0x82, 0x10, 0x61, 0x08, 0x61, 0x08,
        0x61, 0x08, 0x61, 0x08, 0x61, 0x08, 0x75, 0xb5, 0x16, 0xd6, 0xb2, 0xd5,
        0x92, 0xd5, 0x71, 0xd5, 0x30, 0xcd, 0xac, 0xc4, 0x0f, 0xcd, 0x51, 0xcd,
        0x51, 0xcd, 0xce, 0xc4, 0x4c, 0xbc, 0xea, 0xab, 0xb3, 0xd5, 0x92, 0xd5,
        0x72, 0xcd, 0x32, 0xc5, 0x32, 0xc5, 0xf0, 0xbc, 0x10, 0xc5, 0x72, 0xcd,
        0x72, 0xcd, 0xf5, 0xd5, 0x57, 0xde, 0x37, 0xde, 0x57, 0xe6, 0x56, 0xe6,
        0xd3, 0xdd, 0xb2, 0xdd, 0xf3, 0xe5, 0x14, 0xe6, 0x14, 0xe6, 0x35, 0xe6,
        0x56, 0xe6, 0x34, 0xe6, 0xd2, 0xe5, 0x91, 0xdd, 0xcd, 0xcc, 0xf3, 0xe5,
        0x91, 0xd5, 0x2f, 0xd5, 0x70, 0xdd, 0x70, 0xdd, 0x35, 0xe6, 0x50, 0xd5,
        0x70, 0xd5, 0x35, 0xe6, 0x91, 0xd5, 0xb2, 0xdd, 0xd3, 0xdd, 0x71, 0xd5,
        0xd3, 0xdd, 0xb2, 0xd5, 0x50, 0xcd, 0x30, 0xcd, 0x50, 0xcd, 0x30, 0xcd,
        0x72, 0xcd, 0xd4, 0xd5, 0x37, 0xde, 0x78, 0xde, 0x38, 0xd6, 0x99, 0xe6,
        0xb4, 0xcd, 0xb4, 0xcd, 0x6f, 0xac, 0xb0, 0xb4, 0x38, 0xd6, 0x38, 0xd6,
        0x16, 0xd6, 0x38, 0xd6, 0xb9, 0xee, 0xd6, 0xcd, 0x95, 0xbd, 0xa2, 0x10,
        0xa2, 0x10, 0xa2, 0x10, 0xa2, 0x10, 0xa2, 0x10, 0xa2, 0x10, 0x41, 0x08,
        0x41, 0x08, 0x41, 0x08, 0x41, 0x08, 0x41, 0x08, 0x61, 0x08, 0x61, 0x08,
        0x61, 0x08, 0xa2, 0x10, 0x37, 0xde, 0xb3, 0xd5, 0xef, 0xc4, 0x0f, 0xcd,
        0xce, 0xc4, 0x8c, 0xc4, 0x50, 0xcd, 0x2b, 0xbc, 0x2b, 0xbc, 0xce, 0xc4,
        0x71, 0xd5, 0x50, 0xcd, 0x71, 0xd5, 0x71, 0xd5, 0xd3, 0xdd, 0x35, 0xe6,
        0x35, 0xe6, 0x36, 0xe6, 0xd3, 0xdd, 0x70, 0xd5, 0xf4, 0xdd, 0xb2, 0xd5,
        0x8d, 0xbc, 0x2b, 0xb4, 0x51, 0xcd, 0xb3, 0xd5, 0x30, 0xcd, 0xae, 0xbc,
        0x2b, 0xb4, 0x6d, 0xb4, 0x91, 0xd5, 0x77, 0xe6, 0xff, 0xff, 0xff, 0xff,
        0x00, 0x00, 0x00, 0x00, 0x00, 0x00, 0x00, 0x00, 0x00, 0x00, 0x00, 0x00,
        0x00, 0x00, 0x00, 0x00, 0x00, 0x00, 0x00, 0x00, 0x00, 0x00, 0x00, 0x00,
        0x00, 0x00, 0x00, 0x00, 0x00, 0x00, 0x00, 0x00, 0x00, 0x00, 0x00, 0x00,
        0x00, 0x00, 0x00, 0x00, 0x00, 0x00, 0x00, 0x00, 0x00, 0x00, 0x00, 0x00,
        0x00, 0x00, 0x00, 0x00, 0x00, 0x00, 0x00, 0x00, 0x00, 0x00, 0x00, 0x00,
        0x00, 0x00, 0x00, 0x00, 0x00, 0x00, 0x00, 0x00, 0x00, 0x00, 0x00, 0x00,
        0x00, 0x00, 0x00, 0x00, 0x00, 0x00, 0x00, 0x00, 0x00, 0x00, 0x00, 0x00,
        0x00, 0x00, 0x00, 0x00, 0x00, 0x00, 0x00, 0x00, 0x00, 0x00, 0x00, 0x00,
        0x00, 0x00, 0x00, 0x00, 0x00, 0x00, 0x00, 0x00, 0x00, 0x00, 0xff, 0xff,
        0xff, 0xff, 0xff, 0xff, 0xff, 0xff, 0xff, 0xff, 0xff, 0xff, 0xff, 0xff,
        0xff, 0xff, 0xff, 0xff, 0x08, 0x42, 0x08, 0x42, 0x65, 0x29, 0x65, 0x29,
        0x65, 0x29, 0x65, 0x29, 0x65, 0x29, 0x65, 0x29, 0x65, 0x29, 0x65, 0x29,
        0x65, 0x29, 0x65, 0x29, 0x08, 0x42, 0x08, 0x42, 0x65, 0x29, 0x65, 0x29,
        0xff, 0xff, 0x00, 0x00, 0x65, 0x29, 0xff, 0xff, 0x00, 0x00, 0x00, 0x00,
        0x65, 0x29, 0x08, 0x42, 0x65, 0x29, 0x08, 0x42, 0x65, 0x29, 0x65, 0x29,
        0x65, 0x29, 0x65, 0x29, 0xc3, 0x18, 0xc3, 0x18, 0xc3, 0x18, 0xa2, 0x10,
        0xa2, 0x10, 0xa2, 0x10, 0x82, 0x10, 0x82, 0x10, 0x82, 0x10, 0x82, 0x10,
        0x82, 0x10, 0x82, 0x10, 0x82, 0x10, 0x82, 0x10, 0x82, 0x10, 0x82, 0x10,
        0x82, 0x10, 0x82, 0x10, 0x82, 0x10, 0x82, 0x10, 0x61, 0x08, 0x82, 0x10,
        0x61, 0x08, 0x61, 0x08, 0x61, 0x08, 0x95, 0xbd, 0x16, 0xd6, 0xb2, 0xd5,
        0x30, 0xcd, 0xad, 0xc4, 0xad, 0xc4, 0xce, 0xc4, 0xce, 0xc4, 0xad, 0xc4,
        0x2b, 0xbc, 0x2b, 0xb4, 0xa9, 0xab, 0xcf, 0xbc, 0xcf, 0xbc, 0x8d, 0xbc,
        0xae, 0xbc, 0x0c, 0xac, 0x0c, 0xac, 0xca, 0xa3, 0x4d, 0xac, 0x0c, 0xac,
        0x8e, 0xb4, 0x93, 0xcd, 0x16, 0xd6, 0x37, 0xde, 0x98, 0xe6, 0x77, 0xe6,
        0x97, 0xee, 0x97, 0xee, 0x76, 0xee, 0x76, 0xee, 0x56, 0xe6, 0x56, 0xe6,
        0x14, 0xe6, 0x34, 0xe6, 0xf3, 0xe5, 0xd2, 0xe5, 0x55, 0xee, 0xb2, 0xdd,
        0xb2, 0xdd, 0x91, 0xdd, 0xf3, 0xe5, 0xf3, 0xe5, 0x14, 0xe6, 0xb2, 0xdd,
        0x34, 0xe6, 0x35, 0xe6, 0x91, 0xd5, 0xb2, 0xd5, 0x70, 0xd5, 0xb2, 0xd5,
        0x71, 0xd5, 0xb2, 0xd5, 0x71, 0xd5, 0x91, 0xd5, 0xb2, 0xd5, 0x92, 0xd5,
        0x71, 0xd5, 0xd4, 0xd5, 0x37, 0xde, 0x38, 0xd6, 0x38, 0xd6, 0xd9, 0xe6,
        0x99, 0xe6, 0x38, 0xd6, 0x95, 0xbd, 0x16, 0xd6, 0xd6, 0xcd, 0xd6, 0xcd,
        0x54, 0xbd, 0x50, 0x9c, 0x2f, 0x94, 0x21, 0x08, 0x21, 0x08, 0x21, 0x08,
        0x21, 0x08, 0xa2, 0x10, 0xa2, 0x10, 0xa2, 0x10, 0xa2, 0x10, 0xa2, 0x10,
        0xa1, 0x08, 0x41, 0x08, 0x41, 0x08, 0x41, 0x08, 0x41, 0x08, 0x41, 0x08,
        0x61, 0x08, 0x75, 0xb5, 0x16, 0xd6, 0xef, 0xc4, 0xce, 0xc4, 0x2f, 0xd5,
        0xee, 0xcc, 0xcd, 0xcc, 0x70, 0xd5, 0x09, 0xb4, 0xc9, 0xb3, 0x4c, 0xbc,
        0xad, 0xc4, 0x4c, 0xbc, 0x6d, 0xb4, 0x2b, 0xb4, 0x2f, 0xd5, 0xf3, 0xe5,
        0xd2, 0xe5, 0x36, 0xe6, 0x14, 0xde, 0x14, 0xe6, 0xd3, 0xdd, 0xd3, 0xdd,
        0xb2, 0xdd, 0x6d, 0xb4, 0x68, 0xa3, 0x2f, 0xd5, 0xd4, 0xdd, 0xb2, 0xd5,
        0x71, 0xd5, 0x71, 0xd5, 0x54, 0xee, 0x1b, 0xf7, 0x00, 0x00, 0xff, 0xff,
        0x00, 0x00, 0x00, 0x00, 0x00, 0x00, 0x00, 0x00, 0x00, 0x00, 0x00, 0x00,
        0x00, 0x00, 0x00, 0x00, 0x00, 0x00, 0x00, 0x00, 0x00, 0x00, 0x00, 0x00,
        0x00, 0x00, 0x00, 0x00, 0x00, 0x00, 0x00, 0x00, 0x00, 0x00, 0x00, 0x00,
        0x00, 0x00, 0x00, 0x00, 0x00, 0x00, 0x00, 0x00, 0x00, 0x00, 0x00, 0x00,
        0x00, 0x00, 0x00, 0x00, 0x00, 0x00, 0x00, 0x00, 0x00, 0x00, 0x00, 0x00,
        0x00, 0x00, 0x00, 0x00, 0x00, 0x00, 0x00, 0x00, 0x00, 0x00, 0x00, 0x00,
        0x00, 0x00, 0x00, 0x00, 0x00, 0x00, 0x00, 0x00, 0x00, 0x00, 0x00, 0x00,
        0x00, 0x00, 0x00, 0x00, 0x00, 0x00, 0x00, 0x00, 0x00, 0x00, 0x00, 0x00,
        0x00, 0x00, 0x00, 0x00, 0x00, 0x00, 0x00, 0x00, 0x00, 0x00, 0xff, 0xff,
        0xff, 0xff, 0xff, 0xff, 0xff, 0xff, 0xff, 0xff, 0xff, 0xff, 0xff, 0xff,
        0xff, 0xff, 0x08, 0x42, 0x08, 0x42, 0x08, 0x42, 0x08, 0x42, 0x65, 0x29,
        0x65, 0x29, 0x65, 0x29, 0x65, 0x29, 0x65, 0x29, 0x65, 0x29, 0x65, 0x29,
        0x65, 0x29, 0x65, 0x29, 0x65, 0x29, 0x65, 0x29, 0x08, 0x42, 0x08, 0x42,
        0x08, 0x42, 0x65, 0x29, 0x65, 0x29, 0x08, 0x42, 0x65, 0x29, 0x65, 0x29,
        0x65, 0x29, 0x65, 0x29, 0x65, 0x29, 0x65, 0x29, 0x65, 0x29, 0x65, 0x29,
        0xc3, 0x18, 0xc3, 0x18, 0xc3, 0x18, 0xa2, 0x10, 0xa2, 0x10, 0xa2, 0x10,
        0x82, 0x10, 0x82, 0x10, 0x82, 0x10, 0x82, 0x10, 0x82, 0x10, 0x82, 0x10,
        0x82, 0x10, 0x82, 0x10, 0x82, 0x10, 0x82, 0x10, 0x82, 0x10, 0x82, 0x10,
        0x82, 0x10, 0x82, 0x10, 0x82, 0x10, 0x82, 0x10, 0x82, 0x10, 0x82, 0x10,
        0x61, 0x08, 0x61, 0x08, 0x61, 0x08, 0x37, 0xde, 0x72, 0xcd, 0x0f, 0xcd,
        0xad, 0xc4, 0x8c, 0xc4, 0x8c, 0xc4, 0xac, 0xc4, 0x8c, 0xc4, 0xa9, 0xab,
        0xa9, 0xab, 0x68, 0xa3, 0xc9, 0xb3, 0xea, 0xab, 0x68, 0xa3, 0x2b, 0xbc,
        0xc9, 0xb3, 0xea, 0xab, 0x2b, 0xb4, 0x2c, 0xb4, 0x2b, 0xb4, 0xca, 0xa3,
        0xf0, 0xbc, 0x93, 0xcd, 0xf5, 0xd5, 0x37, 0xde, 0x37, 0xde, 0x57, 0xde,
        0xb8, 0xe6, 0x97, 0xee, 0x97, 0xee, 0x97, 0xee, 0x76, 0xee, 0x76, 0xee,
        0x14, 0xe6, 0xd2, 0xe5, 0xf3, 0xe5, 0x55, 0xee, 0xb2, 0xd5, 0xd3, 0xdd,
        0xb2, 0xdd, 0xd2, 0xe5, 0xf3, 0xe5, 0x14, 0xe6, 0xd3, 0xdd, 0xb2, 0xdd,
        0x14, 0xe6, 0x14, 0xde, 0x91, 0xd5, 0x91, 0xd5, 0x0f, 0xcd, 0x51, 0xcd,
        0x0f, 0xcd, 0x70, 0xd5, 0x70, 0xd5, 0xd3, 0xdd, 0xf4, 0xdd, 0x92, 0xd5,
        0x92, 0xd5, 0xb3, 0xd5, 0x37, 0xde, 0xd9, 0xe6, 0x99, 0xe6, 0x77, 0xe6,
        0x54, 0xbd, 0x50, 0x9c, 0xaa, 0x5a, 0x41, 0x08, 0x41, 0x08, 0x21, 0x08,
        0xa2, 0x10, 0x21, 0x08, 0x21, 0x08, 0x21, 0x08, 0x21, 0x08, 0x21, 0x08,
        0x21, 0x08, 0x21, 0x08, 0x21, 0x08, 0xa2, 0x10, 0xa2, 0x10, 0xa2, 0x10,
        0xa2, 0x10, 0xa2, 0x10, 0xa2, 0x10, 0x41, 0x08, 0x41, 0x08, 0x41, 0x08,
        0x41, 0x08, 0x61, 0x08, 0xd6, 0xcd, 0x51, 0xcd, 0x30, 0xcd, 0x91, 0xd5,
        0x91, 0xdd, 0xb2, 0xdd, 0x91, 0xdd, 0xee, 0xcc, 0xac, 0xc4, 0xcd, 0xcc,
        0xac, 0xc4, 0x09, 0xb4, 0x2b, 0xbc, 0x48, 0x9b, 0xca, 0xa3, 0x70, 0xd5,
        0x70, 0xd5, 0x50, 0xcd, 0x15, 0xe6, 0x35, 0xe6, 0x14, 0xe6, 0x34, 0xe6,
        0xb2, 0xdd, 0xb2, 0xdd, 0x2f, 0xd5, 0x2e, 0xd5, 0xb2, 0xdd, 0x14, 0xe6,
        0xd4, 0xdd, 0xd3, 0xdd, 0xb9, 0xee, 0x5c, 0xf7, 0x00, 0x00, 0xff, 0xff,
        0x00, 0x00, 0x00, 0x00, 0x00, 0x00, 0x00, 0x00, 0x00, 0x00, 0x00, 0x00,
        0x00, 0x00, 0x00, 0x00, 0x00, 0x00, 0x00, 0x00, 0x00, 0x00, 0x00, 0x00,
        0x00, 0x00, 0x00, 0x00, 0x00, 0x00, 0x00, 0x00, 0x00, 0x00, 0x00, 0x00,
        0x00, 0x00, 0x00, 0x00, 0x00, 0x00, 0x00, 0x00, 0x00, 0x00, 0x00, 0x00,
        0x00, 0x00, 0x00, 0x00, 0x00, 0x00, 0x00, 0x00, 0x00, 0x00, 0x00, 0x00,
        0x00, 0x00, 0x00, 0x00, 0x00, 0x00, 0x00, 0x00, 0x00, 0x00, 0x00, 0x00,
        0x00, 0x00, 0x00, 0x00, 0x00, 0x00, 0x00, 0x00, 0x00, 0x00, 0x00, 0x00,
        0x00, 0x00, 0x00, 0x00, 0x00, 0x00, 0x00, 0x00, 0x00, 0x00, 0x00, 0x00,
        0x00, 0x00, 0x00, 0x00, 0x00, 0x00, 0x00, 0x00, 0xff, 0xff, 0xff, 0xff,
        0xff, 0xff, 0xff, 0xff, 0xff, 0xff, 0xff, 0xff, 0xff, 0xff, 0xff, 0xff,
        0xff, 0xff, 0x08, 0x42, 0x08, 0x42, 0x08, 0x42, 0x08, 0x42, 0x65, 0x29,
        0x65, 0x29, 0x65, 0x29, 0x65, 0x29, 0x65, 0x29, 0x65, 0x29, 0x65, 0x29,
        0x65, 0x29, 0x65, 0x29, 0x65, 0x29, 0x08, 0x42, 0x08, 0x42, 0x08, 0x42,
        0x08, 0x42, 0x08, 0x42, 0x65, 0x29, 0x65, 0x29, 0x65, 0x29, 0x65, 0x29,
        0x65, 0x29, 0x65, 0x29, 0x65, 0x29, 0x65, 0x29, 0xc3, 0x18, 0xc3, 0x18,
        0xc3, 0x18, 0xa2, 0x10, 0xa2, 0x10, 0xa2, 0x10, 0x82, 0x10, 0x82, 0x10,
        0x82, 0x10, 0x82, 0x10, 0x82, 0x10, 0x82, 0x10, 0x61, 0x08, 0x82, 0x10,
        0x61, 0x08, 0x82, 0x10, 0x61, 0x08, 0x82, 0x10, 0x82, 0x10, 0x82, 0x10,
        0x82, 0x10, 0x82, 0x10, 0xa2, 0x10, 0x82, 0x10, 0x82, 0x10, 0x82, 0x10,
        0x61, 0x08, 0x61, 0x08, 0x95, 0xbd, 0x57, 0xde, 0x50, 0xcd, 0xad, 0xc4,
        0xac, 0xc4, 0xac, 0xc4, 0xac, 0xc4, 0xcd, 0xcc, 0xcd, 0xcc, 0x8c, 0xc4,
        0xc9, 0xb3, 0xa9, 0xab, 0xa9, 0xab, 0xc9, 0xb3, 0x2b, 0xbc, 0x09, 0xb4,
        0xc9, 0xb3, 0x4c, 0xbc, 0x89, 0xa3, 0xea, 0xab, 0x2b, 0xb4, 0x2b, 0xb4,
        0x6d, 0xb4, 0x32, 0xc5, 0x16, 0xd6, 0x78, 0xde, 0x57, 0xde, 0x37, 0xde,
        0x77, 0xe6, 0x77, 0xe6, 0x77, 0xe6, 0x35, 0xe6, 0x14, 0xe6, 0xd3, 0xdd,
        0xd3, 0xdd, 0xd3, 0xdd, 0x15, 0xe6, 0x91, 0xd5, 0x70, 0xd5, 0x2f, 0xd5,
        0x91, 0xd5, 0x35, 0xe6, 0x35, 0xe6, 0xd3, 0xdd, 0xd3, 0xdd, 0x50, 0xd5,
        0x15, 0xe6, 0x51, 0xcd, 0x50, 0xcd, 0x0f, 0xcd, 0x8c, 0xc4, 0x50, 0xcd,
        0x70, 0xd5, 0xb2, 0xdd, 0xb2, 0xdd, 0xd3, 0xdd, 0x14, 0xde, 0xb2, 0xd5,
        0x71, 0xd5, 0xd4, 0xd5, 0x38, 0xd6, 0xd6, 0xcd, 0x54, 0xbd, 0xaa, 0x5a,
        0x41, 0x08, 0x41, 0x08, 0x20, 0x00, 0x20, 0x00, 0x20, 0x00, 0x20, 0x00,
        0x20, 0x00, 0x41, 0x08, 0x41, 0x08, 0x41, 0x08, 0x41, 0x08, 0x41, 0x08,
        0x21, 0x08, 0x21, 0x08, 0x21, 0x08, 0x21, 0x08, 0x21, 0x08, 0xa2, 0x10,
        0xa2, 0x10, 0xa2, 0x10, 0xa2, 0x10, 0xa2, 0x10, 0xa2, 0x10, 0xa2, 0x10,
        0x41, 0x08, 0x61, 0x08, 0x37, 0xde, 0xd4, 0xdd, 0x70, 0xd5, 0xf3, 0xe5,
        0x14, 0xe6, 0x14, 0xe6, 0x14, 0xe6, 0xd2, 0xe5, 0xb2, 0xdd, 0x70, 0xd5,
        0x50, 0xd5, 0xcd, 0xcc, 0xac, 0xc4, 0xac, 0xc4, 0xa9, 0xab, 0x2b, 0xbc,
        0xad, 0xc4, 0x0f, 0xcd, 0x50, 0xcd, 0x91, 0xd5, 0x71, 0xd5, 0xd3, 0xdd,
        0x15, 0xe6, 0x35, 0xe6, 0xd3, 0xdd, 0x50, 0xcd, 0x70, 0xd5, 0x14, 0xe6,
        0x35, 0xe6, 0xb8, 0xf6, 0xfa, 0xee, 0xff, 0xff, 0x00, 0x00, 0xff, 0xff,
        0x00, 0x00, 0x00, 0x00, 0x00, 0x00, 0x00, 0x00, 0x00, 0x00, 0x00, 0x00,
        0x00, 0x00, 0x00, 0x00, 0x00, 0x00, 0x00, 0x00, 0x00, 0x00, 0x00, 0x00,
        0x00, 0x00, 0x00, 0x00, 0x00, 0x00, 0x00, 0x00, 0x00, 0x00, 0x00, 0x00,
        0x00, 0x00, 0x00, 0x00, 0x00, 0x00, 0x00, 0x00, 0x00, 0x00, 0x00, 0x00,
        0x00, 0x00, 0x00, 0x00, 0x00, 0x00, 0x00, 0x00, 0x00, 0x00, 0x00, 0x00,
        0x00, 0x00, 0x00, 0x00, 0x00, 0x00, 0x00, 0x00, 0x00, 0x00, 0x00, 0x00,
        0x00, 0x00, 0x00, 0x00, 0x00, 0x00, 0x00, 0x00, 0x00, 0x00, 0x00, 0x00,
        0x00, 0x00, 0x00, 0x00, 0x00, 0x00, 0x00, 0x00, 0x00, 0x00, 0x00, 0x00,
        0x00, 0x00, 0x00, 0x00, 0x00, 0x00, 0x00, 0x00, 0xff, 0xff, 0xff, 0xff,
        0xff, 0xff, 0xff, 0xff, 0xff, 0xff, 0xff, 0xff, 0xff, 0xff, 0xff, 0xff,
        0xff, 0xff, 0xff, 0xff, 0x08, 0x42, 0xff, 0xff, 0x08, 0x42, 0x65, 0x29,
        0x65, 0x29, 0x65, 0x29, 0x65, 0x29, 0x65, 0x29, 0x65, 0x29, 0x65, 0x29,
        0x65, 0x29, 0x65, 0x29, 0x65, 0x29, 0x08, 0x42, 0x08, 0x42, 0x65, 0x29,
        0x65, 0x29, 0x65, 0x29, 0x65, 0x29, 0x65, 0x29, 0x65, 0x29, 0x65, 0x29,
        0xc3, 0x18, 0xc3, 0x18, 0xc3, 0x18, 0xc3, 0x18, 0xc3, 0x18, 0xa2, 0x10,
        0xa2, 0x10, 0xa2, 0x10, 0x82, 0x10, 0x82, 0x10, 0x82, 0x10, 0x82, 0x10,
        0x82, 0x10, 0x61, 0x08, 0x61, 0x08, 0x61, 0x08, 0x61, 0x08, 0x61, 0x08,
        0x61, 0x08, 0x61, 0x08, 0x82, 0x10, 0x82, 0x10, 0x82, 0x10, 0x82, 0x10,
        0xa2, 0x10, 0xa2, 0x10, 0x82, 0x10, 0x82, 0x10, 0x82, 0x10, 0x61, 0x08,
        0x82, 0x10, 0xa2, 0x10, 0x77, 0xe6, 0x36, 0xe6, 0x0f, 0xcd, 0xce, 0xc4,
        0xac, 0xc4, 0x2e, 0xd5, 0x4f, 0xd5, 0x50, 0xd5, 0xee, 0xcc, 0x2b, 0xbc,
        0xca, 0xa3, 0x48, 0x9b, 0x07, 0x9b, 0x6b, 0xc4, 0x8c, 0xcc, 0x09, 0xb4,
        0xa9, 0xab, 0x48, 0x9b, 0xe7, 0x92, 0x28, 0x93, 0x48, 0x9b, 0xae, 0xbc,
        0x32, 0xc5, 0x4d, 0xac, 0xf0, 0xbc, 0x93, 0xcd, 0xb3, 0xd5, 0xf4, 0xdd,
        0x77, 0xe6, 0x14, 0xde, 0x70, 0xd5, 0x30, 0xcd, 0x70, 0xd5, 0xd3, 0xdd,
        0xb2, 0xd5, 0x30, 0xcd, 0xad, 0xc4, 0x0f, 0xcd, 0x0f, 0xcd, 0x70, 0xd5,
        0x35, 0xe6, 0xb2, 0xdd, 0xb2, 0xdd, 0x70, 0xd5, 0xb2, 0xd5, 0x91, 0xd5,
        0xb2, 0xd5, 0xea, 0xab, 0x8d, 0xbc, 0xad, 0xc4, 0xcd, 0xcc, 0x50, 0xd5,
        0xb2, 0xdd, 0xb2, 0xdd, 0xd2, 0xe5, 0x34, 0xe6, 0xd4, 0xdd, 0xd3, 0xdd,
        0xb2, 0xd5, 0x92, 0xd5, 0x16, 0xd6, 0x54, 0xbd, 0x41, 0x08, 0xaa, 0x5a,
        0x41, 0x08, 0x41, 0x08, 0x41, 0x08, 0x20, 0x00, 0x20, 0x00, 0x20, 0x00,
        0x20, 0x00, 0x20, 0x00, 0x20, 0x00, 0x41, 0x08, 0x41, 0x08, 0x41, 0x08,
        0x41, 0x08, 0x41, 0x08, 0x21, 0x08, 0x21, 0x08, 0x21, 0x08, 0x21, 0x08,
        0x21, 0x08, 0x21, 0x08, 0x21, 0x08, 0xa2, 0x10, 0xa2, 0x10, 0xa2, 0x10,
        0xa2, 0x10, 0x61, 0x08, 0x54, 0xbd, 0x35, 0xe6, 0xd3, 0xdd, 0x14, 0xe6,
        0x35, 0xe6, 0x35, 0xe6, 0x34, 0xe6, 0xd2, 0xe5, 0xd2, 0xe5, 0xd2, 0xe5,
        0xd2, 0xe5, 0xd2, 0xe5, 0x91, 0xdd, 0x50, 0xd5, 0xee, 0xcc, 0x8c, 0xc4,
        0x4b, 0xbc, 0xac, 0xc4, 0x50, 0xcd, 0xac, 0xc4, 0x30, 0xcd, 0xce, 0xc4,
        0x51, 0xcd, 0x91, 0xd5, 0x35, 0xe6, 0xd4, 0xdd, 0x0f, 0xcd, 0x91, 0xd5,
        0x14, 0xe6, 0x97, 0xee, 0xfa, 0xee, 0xff, 0xff, 0x00, 0x00, 0xff, 0xff,
        0x00, 0x00, 0x00, 0x00, 0x00, 0x00, 0x00, 0x00, 0x00, 0x00, 0x00, 0x00,
        0x00, 0x00, 0x00, 0x00, 0x00, 0x00, 0x00, 0x00, 0x00, 0x00, 0x00, 0x00,
        0x00, 0x00, 0x00, 0x00, 0x00, 0x00, 0x00, 0x00, 0x00, 0x00, 0x00, 0x00,
        0x00, 0x00, 0x00, 0x00, 0x00, 0x00, 0x00, 0x00, 0x00, 0x00, 0x00, 0x00,
        0x00, 0x00, 0x00, 0x00, 0x00, 0x00, 0x00, 0x00, 0x00, 0x00, 0x00, 0x00,
        0x00, 0x00, 0x00, 0x00, 0x00, 0x00, 0x00, 0x00, 0x00, 0x00, 0x00, 0x00,
        0x00, 0x00, 0x00, 0x00, 0x00, 0x00, 0x00, 0x00, 0x00, 0x00, 0x00, 0x00,
        0x00, 0x00, 0x00, 0x00, 0x00, 0x00, 0x00, 0x00, 0x00, 0x00, 0x00, 0x00,
        0x00, 0x00, 0x00, 0x00, 0x00, 0x00, 0x00, 0x00, 0xff, 0xff, 0xff, 0xff,
        0xff, 0xff, 0xff, 0xff, 0xff, 0xff, 0xff, 0xff, 0xff, 0xff, 0xff, 0xff,
        0xff, 0xff, 0xff, 0xff, 0x08, 0x42, 0xff, 0xff, 0x08, 0x42, 0x65, 0x29,
        0x65, 0x29, 0x65, 0x29, 0x65, 0x29, 0x65, 0x29, 0x65, 0x29, 0x65, 0x29,
        0x65, 0x29, 0x65, 0x29, 0x08, 0x42, 0x65, 0x29, 0x65, 0x29, 0x65, 0x29,
        0x65, 0x29, 0x65, 0x29, 0xc3, 0x18, 0xc3, 0x18, 0xc3, 0x18, 0xc3, 0x18,
        0xc3, 0x18, 0x65, 0x29, 0xc3, 0x18, 0xa2, 0x10, 0xa2, 0x10, 0xa2, 0x10,
        0x82, 0x10, 0x82, 0x10, 0x82, 0x10, 0x82, 0x10, 0x82, 0x10, 0x61, 0x08,
        0x61, 0x08, 0x82, 0x10, 0x61, 0x08, 0x82, 0x10, 0x61, 0x08, 0x61, 0x08,
        0x61, 0x08, 0x82, 0x10, 0x82, 0x10, 0x82, 0x10, 0xa2, 0x10, 0xa2, 0x10,
        0xa2, 0x10, 0xa2, 0x10, 0xa2, 0x10, 0x82, 0x10, 0x82, 0x10, 0x61, 0x08,
        0x61, 0x08, 0x37, 0xde, 0x98, 0xe6, 0x71, 0xd5, 0xce, 0xc4, 0x8c, 0xc4,
        0xee, 0xcc, 0x91, 0xdd, 0x70, 0xdd, 0x91, 0xdd, 0x2f, 0xd5, 0x8c, 0xc4,
        0xa9, 0xab, 0xc6, 0x8a, 0xa7, 0x82, 0x8c, 0xc4, 0xcd, 0xcc, 0xa9, 0xab,
        0xc6, 0x8a, 0x07, 0x9b, 0x68, 0xa3, 0x48, 0x9b, 0xa7, 0x82, 0x6a, 0x9b,
        0xec, 0xa3, 0x66, 0x7a, 0xea, 0xab, 0xcf, 0xbc, 0x10, 0xc5, 0xf4, 0xdd,
        0x35, 0xe6, 0xb2, 0xd5, 0x30, 0xcd, 0x30, 0xcd, 0xb2, 0xd5, 0x50, 0xcd,
        0xac, 0xc4, 0xa9, 0xab, 0xca, 0xa3, 0x8d, 0xbc, 0xce, 0xc4, 0xd3, 0xdd,
        0x70, 0xd5, 0x91, 0xdd, 0x2e, 0xd5, 0xb2, 0xdd, 0x4c, 0xbc, 0x50, 0xcd,
        0xef, 0xc4, 0xea, 0xab, 0xc9, 0xb3, 0x8c, 0xc4, 0x50, 0xd5, 0xd2, 0xe5,
        0xd2, 0xe5, 0x91, 0xdd, 0xd2, 0xe5, 0x35, 0xe6, 0xd3, 0xdd, 0xb2, 0xd5,
        0x92, 0xd5, 0x72, 0xcd, 0x16, 0xd6, 0x16, 0xd6, 0xaa, 0x5a, 0x41, 0x08,
        0x20, 0x00, 0x41, 0x08, 0x41, 0x08, 0x41, 0x08, 0x41, 0x08, 0x20, 0x00,
        0x20, 0x00, 0x20, 0x00, 0x20, 0x00, 0x20, 0x00, 0x20, 0x00, 0x41, 0x08,
        0x20, 0x00, 0x41, 0x08, 0x41, 0x08, 0x41, 0x08, 0x21, 0x08, 0x21, 0x08,
        0x21, 0x08, 0x21, 0x08, 0x21, 0x08, 0x21, 0x08, 0x21, 0x08, 0x21, 0x08,
        0xa2, 0x10, 0xa2, 0x10, 0x77, 0xe6, 0x35, 0xe6, 0xb2, 0xd5, 0x34, 0xe6,
        0x35, 0xe6, 0x35, 0xe6, 0x34, 0xe6, 0x14, 0xe6, 0x14, 0xe6, 0x14, 0xe6,
        0x34, 0xe6, 0x35, 0xe6, 0x35, 0xe6, 0xf3, 0xe5, 0x2f, 0xd5, 0xee, 0xcc,
        0xee, 0xcc, 0xac, 0xc4, 0x0f, 0xcd, 0x0f, 0xcd, 0xac, 0xc4, 0x91, 0xd5,
        0x70, 0xd5, 0x50, 0xcd, 0x50, 0xcd, 0x14, 0xde, 0xf4, 0xdd, 0x50, 0xcd,
        0x70, 0xd5, 0x55, 0xee, 0xfa, 0xee, 0xff, 0xff, 0x00, 0x00, 0x00, 0x00,
        0x00, 0x00, 0x00, 0x00, 0x00, 0x00, 0x00, 0x00, 0x00, 0x00, 0x00, 0x00,
        0x00, 0x00, 0x00, 0x00, 0x00, 0x00, 0x00, 0x00, 0x00, 0x00, 0x00, 0x00,
        0x00, 0x00, 0x00, 0x00, 0x00, 0x00, 0x00, 0x00, 0x00, 0x00, 0x00, 0x00,
        0x00, 0x00, 0x00, 0x00, 0x00, 0x00, 0x00, 0x00, 0x00, 0x00, 0x00, 0x00,
        0x00, 0x00, 0x00, 0x00, 0x00, 0x00, 0x00, 0x00, 0x00, 0x00, 0x00, 0x00,
        0x00, 0x00, 0x00, 0x00, 0x00, 0x00, 0x00, 0x00, 0x00, 0x00, 0x00, 0x00,
        0x00, 0x00, 0x00, 0x00, 0x00, 0x00, 0x00, 0x00, 0x00, 0x00, 0x00, 0x00,
        0x00, 0x00, 0x00, 0x00, 0x00, 0x00, 0x00, 0x00, 0x00, 0x00, 0x00, 0x00,
        0x00, 0x00, 0x00, 0x00, 0x00, 0x00, 0x00, 0x00, 0xff, 0xff, 0xff, 0xff,
        0xff, 0xff, 0xff, 0xff, 0xff, 0xff, 0xff, 0xff, 0xff, 0xff, 0xff, 0xff,
        0xff, 0xff, 0xff, 0xff, 0xff, 0xff, 0xff, 0xff, 0x08, 0x42, 0x08, 0x42,
        0x65, 0x29, 0x65, 0x29, 0x65, 0x29, 0x65, 0x29, 0x65, 0x29, 0x65, 0x29,
        0x65, 0x29, 0x65, 0x29, 0x08, 0x42, 0x08, 0x42, 0x65, 0x29, 0x65, 0x29,
        0x65, 0x29, 0x65, 0x29, 0x65, 0x29, 0xc3, 0x18, 0xc3, 0x18, 0xc3, 0x18,
        0xc3, 0x18, 0xc3, 0x18, 0xa2, 0x10, 0xa2, 0x10, 0xa2, 0x10, 0xa2, 0x10,
        0x82, 0x10, 0x82, 0x10, 0x82, 0x10, 0x61, 0x08, 0x61, 0x08, 0x82, 0x10,
        0x61, 0x08, 0x61, 0x08, 0x61, 0x08, 0x61, 0x08, 0x82, 0x10, 0x61, 0x08,
        0x82, 0x10, 0x82, 0x10, 0x82, 0x10, 0xa2, 0x10, 0xa2, 0x10, 0xa2, 0x10,
        0xa2, 0x10, 0xa2, 0x10, 0x82, 0x10, 0x82, 0x10, 0x61, 0x08, 0x82, 0x10,
        0x2f, 0x94, 0xd9, 0xee, 0x57, 0xe6, 0x50, 0xcd, 0x8c, 0xc4, 0x4b, 0xbc,
        0x50, 0xd5, 0xd1, 0xe5, 0xf3, 0xe5, 0xf3, 0xe5, 0x91, 0xdd, 0xcd, 0xcc,
        0xc9, 0xb3, 0xa7, 0x82, 0xc6, 0x8a, 0xcd, 0xcc, 0xee, 0xcc, 0x8c, 0xc4,
        0x4b, 0xbc, 0x8c, 0xc4, 0x8c, 0xc4, 0x4b, 0xbc, 0xa9, 0xab, 0xca, 0xa3,
        0x6a, 0x9b, 0xa7, 0x82, 0x6d, 0xb4, 0x30, 0xcd, 0x50, 0xcd, 0xd3, 0xdd,
        0xf4, 0xdd, 0x71, 0xd5, 0xef, 0xc4, 0x0f, 0xcd, 0xce, 0xc4, 0x4c, 0xbc,
        0x89, 0xa3, 0x48, 0x9b, 0x2b, 0xb4, 0xce, 0xc4, 0x91, 0xd5, 0xd2, 0xe5,
        0x91, 0xdd, 0x70, 0xdd, 0x91, 0xdd, 0x0f, 0xcd, 0x8c, 0xc4, 0x70, 0xd5,
        0xac, 0xc4, 0x4b, 0xbc, 0xac, 0xc4, 0xac, 0xc4, 0x91, 0xdd, 0x35, 0xe6,
        0xf3, 0xe5, 0xb2, 0xdd, 0x14, 0xe6, 0x56, 0xe6, 0x14, 0xde, 0x50, 0xcd,
        0x92, 0xd5, 0x72, 0xcd, 0x93, 0xcd, 0x16, 0xd6, 0x50, 0x9c, 0x20, 0x00,
        0x41, 0x08, 0x41, 0x08, 0x41, 0x08, 0x41, 0x08, 0x41, 0x08, 0x41, 0x08,
        0x41, 0x08, 0x20, 0x00, 0x41, 0x08, 0x20, 0x00, 0x20, 0x00, 0x20, 0x00,
        0x20, 0x00, 0x20, 0x00, 0x41, 0x08, 0x41, 0x08, 0x41, 0x08, 0x41, 0x08,
        0x41, 0x08, 0x41, 0x08, 0x21, 0x08, 0x21, 0x08, 0x21, 0x08, 0x21, 0x08,
        0x21, 0x08, 0x21, 0x08, 0x37, 0xde, 0x34, 0xe6, 0xd3, 0xdd, 0x56, 0xe6,
        0x35, 0xe6, 0x34, 0xe6, 0x34, 0xe6, 0xf3, 0xe5, 0xf3, 0xe5, 0x14, 0xe6,
        0x35, 0xe6, 0x14, 0xe6, 0x34, 0xe6, 0x34, 0xe6, 0x91, 0xd5, 0x91, 0xd5,
        0x91, 0xdd, 0x2f, 0xd5, 0xce, 0xc4, 0xad, 0xc4, 0xee, 0xcc, 0x2e, 0xd5,
        0x2e, 0xd5, 0x50, 0xd5, 0x50, 0xcd, 0x0f, 0xcd, 0x2f, 0xd5, 0xd3, 0xdd,
        0xd3, 0xdd, 0x76, 0xee, 0xfa, 0xee, 0xff, 0xff, 0xff, 0xff, 0x00, 0x00,
        0x00, 0x00, 0x00, 0x00, 0x00, 0x00, 0x00, 0x00, 0x00, 0x00, 0x00, 0x00,
        0x00, 0x00, 0x00, 0x00, 0x00, 0x00, 0x00, 0x00, 0x00, 0x00, 0x00, 0x00,
        0x00, 0x00, 0x00, 0x00, 0x00, 0x00, 0x00, 0x00, 0x00, 0x00, 0x00, 0x00,
        0x00, 0x00, 0x00, 0x00, 0x00, 0x00, 0x00, 0x00, 0x00, 0x00, 0x00, 0x00,
        0x00, 0x00, 0x00, 0x00, 0x00, 0x00, 0x00, 0x00, 0x00, 0x00, 0x00, 0x00,
        0x00, 0x00, 0x00, 0x00, 0x00, 0x00, 0x00, 0x00, 0x00, 0x00, 0x00, 0x00,
        0x00, 0x00, 0x00, 0x00, 0x00, 0x00, 0x00, 0x00, 0x00, 0x00, 0x00, 0x00,
        0x00, 0x00, 0x00, 0x00, 0x00, 0x00, 0x00, 0x00, 0x00, 0x00, 0x00, 0x00,
        0x00, 0x00, 0x00, 0x00, 0x00, 0x00, 0x00, 0x00, 0x00, 0x00, 0xff, 0xff,
        0xff, 0xff, 0xff, 0xff, 0xff, 0xff, 0xff, 0xff, 0xff, 0xff, 0xff, 0xff,
        0xff, 0xff, 0xff, 0xff, 0xff, 0xff, 0x08, 0x42, 0x08, 0x42, 0x08, 0x42,
        0x08, 0x42, 0x65, 0x29, 0x65, 0x29, 0x65, 0x29, 0x65, 0x29, 0x65, 0x29,
        0x65, 0x29, 0x08, 0x42, 0x65, 0x29, 0x65, 0x29, 0x65, 0x29, 0x65, 0x29,
        0x65, 0x29, 0x65, 0x29, 0xc3, 0x18, 0xc3, 0x18, 0xc3, 0x18, 0xa2, 0x10,
        0xa2, 0x10, 0xa2, 0x10, 0x82, 0x10, 0x82, 0x10, 0x82, 0x10, 0x82, 0x10,
        0x82, 0x10, 0x82, 0x10, 0x61, 0x08, 0x82, 0x10, 0x61, 0x08, 0x61, 0x08,
        0x61, 0x08, 0x61, 0x08, 0x61, 0x08, 0x61, 0x08, 0x61, 0x08, 0x82, 0x10,
        0x82, 0x10, 0x82, 0x10, 0x82, 0x10, 0xa2, 0x10, 0xa2, 0x10, 0xa2, 0x10,
        0xa2, 0x10, 0xa2, 0x10, 0x82, 0x10, 0x82, 0x10, 0x61, 0x08, 0x61, 0x08,
        0x2f, 0x94, 0x77, 0xe6, 0x56, 0xe6, 0x71, 0xd5, 0xac, 0xc4, 0xee, 0xcc,
        0xd2, 0xe5, 0x35, 0xe6, 0x56, 0xe6, 0x35, 0xe6, 0xb2, 0xdd, 0xee, 0xcc,
        0xca, 0xa3, 0xa7, 0x82, 0xac, 0xc4, 0x91, 0xdd, 0x4f, 0xd5, 0xee, 0xcc,
        0x8c, 0xcc, 0xac, 0xc4, 0x2e, 0xd5, 0xcd, 0xcc, 0x09, 0xb4, 0x2b, 0xbc,
        0x28, 0x93, 0x06, 0x5a, 0x2c, 0xb4, 0x30, 0xcd, 0x51, 0xcd, 0x71, 0xd5,
        0xd4, 0xdd, 0xf4, 0xdd, 0x30, 0xcd, 0xea, 0xab, 0x8c, 0xc4, 0xca, 0xa3,
        0x48, 0x9b, 0x89, 0xa3, 0x2c, 0xb4, 0x50, 0xcd, 0xd2, 0xe5, 0xb2, 0xdd,
        0xf3, 0xe5, 0x4f, 0xd5, 0x91, 0xdd, 0xac, 0xc4, 0x50, 0xd5, 0x2f, 0xd5,
        0xee, 0xcc, 0x2e, 0xd5, 0x50, 0xd5, 0x2f, 0xd5, 0xf3, 0xe5, 0x35, 0xe6,
        0x14, 0xe6, 0xf3, 0xe5, 0xd2, 0xe5, 0xd3, 0xdd, 0x14, 0xde, 0x71, 0xd5,
        0x10, 0xc5, 0x93, 0xcd, 0x93, 0xcd, 0x16, 0xd6, 0x50, 0x9c, 0x41, 0x08,
        0x20, 0x00, 0x41, 0x08, 0x20, 0x00, 0x41, 0x08, 0x41, 0x08, 0x41, 0x08,
        0x41, 0x08, 0x41, 0x08, 0x20, 0x00, 0x41, 0x08, 0x41, 0x08, 0x20, 0x00,
        0x20, 0x00, 0x20, 0x00, 0x20, 0x00, 0x20, 0x00, 0x20, 0x00, 0x41, 0x08,
        0x41, 0x08, 0x41, 0x08, 0x41, 0x08, 0x41, 0x08, 0x41, 0x08, 0x21, 0x08,
        0x41, 0x08, 0xa2, 0x10, 0x50, 0x9c, 0x76, 0xee, 0x15, 0xe6, 0x35, 0xe6,
        0x14, 0xe6, 0x35, 0xe6, 0xf3, 0xe5, 0x14, 0xe6, 0xf3, 0xe5, 0x14, 0xe6,
        0x34, 0xe6, 0xd3, 0xdd, 0xd3, 0xdd, 0x14, 0xe6, 0xd3, 0xdd, 0x70, 0xd5,
        0xd2, 0xe5, 0xb2, 0xdd, 0x2f, 0xd5, 0xce, 0xc4, 0xac, 0xc4, 0x8c, 0xc4,
        0xee, 0xcc, 0x2f, 0xd5, 0x2f, 0xd5, 0x50, 0xcd, 0x70, 0xd5, 0x70, 0xd5,
        0xd3, 0xdd, 0x96, 0xee, 0xfa, 0xee, 0xbf, 0xff, 0x00, 0x00, 0xff, 0xff,
        0x00, 0x00, 0x00, 0x00, 0x00, 0x00, 0x00, 0x00, 0x00, 0x00, 0x00, 0x00,
        0x00, 0x00, 0x00, 0x00, 0x00, 0x00, 0x00, 0x00, 0x00, 0x00, 0x00, 0x00,
        0x00, 0x00, 0x00, 0x00, 0x00, 0x00, 0x00, 0x00, 0x00, 0x00, 0x00, 0x00,
        0x00, 0x00, 0x00, 0x00, 0x00, 0x00, 0x00, 0x00, 0x00, 0x00, 0x00, 0x00,
        0x00, 0x00, 0x00, 0x00, 0x00, 0x00, 0x00, 0x00, 0x00, 0x00, 0x00, 0x00,
        0x00, 0x00, 0x00, 0x00, 0x00, 0x00, 0x00, 0x00, 0x00, 0x00, 0x00, 0x00,
        0x00, 0x00, 0x00, 0x00, 0x00, 0x00, 0x00, 0x00, 0x00, 0x00, 0x00, 0x00,
        0x00, 0x00, 0x00, 0x00, 0x00, 0x00, 0x00, 0x00, 0x00, 0x00, 0x00, 0x00,
        0x00, 0x00, 0x00, 0x00, 0x00, 0x00, 0x00, 0x00, 0x00, 0x00, 0xff, 0xff,
        0xff, 0xff, 0xff, 0xff, 0xff, 0xff, 0xff, 0xff, 0xff, 0xff, 0xff, 0xff,
        0xff, 0xff, 0xff, 0xff, 0xff, 0xff, 0x08, 0x42, 0x08, 0x42, 0x08, 0x42,
        0x08, 0x42, 0x65, 0x29, 0x65, 0x29, 0x65, 0x29, 0x65, 0x29, 0x65, 0x29,
        0x65, 0x29, 0x65, 0x29, 0x65, 0x29, 0x65, 0x29, 0x65, 0x29, 0x65, 0x29,
        0x65, 0x29, 0xc3, 0x18, 0xa2, 0x10, 0xc3, 0x18, 0xa2, 0x10, 0xa2, 0x10,
        0xa2, 0x10, 0x82, 0x10, 0x82, 0x10, 0x82, 0x10, 0x82, 0x10, 0x82, 0x10,
        0x61, 0x08, 0x61, 0x08, 0x61, 0x08, 0x61, 0x08, 0x61, 0x08, 0x61, 0x08,
        0x61, 0x08, 0x61, 0x08, 0x82, 0x10, 0x61, 0x08, 0x82, 0x10, 0x82, 0x10,
        0x82, 0x10, 0x82, 0x10, 0xa2, 0x10, 0xa2, 0x10, 0xa2, 0x10, 0xa2, 0x10,
        0xa2, 0x10, 0xa2, 0x10, 0x82, 0x10, 0x61, 0x08, 0x61, 0x08, 0x41, 0x08,
        0x37, 0xde, 0xb8, 0xee, 0x34, 0xe6, 0x71, 0xd5, 0xad, 0xc4, 0x70, 0xd5,
        0x35, 0xe6, 0x97, 0xee, 0x35, 0xe6, 0xd3, 0xdd, 0x91, 0xd5, 0xee, 0xcc,
        0x28, 0x93, 0x89, 0xa3, 0xd2, 0xe5, 0x91, 0xdd, 0x2f, 0xd5, 0xcd, 0xcc,
        0x4b, 0xbc, 0xcd, 0xcc, 0xcd, 0xcc, 0xee, 0xcc, 0x8c, 0xc4, 0x8c, 0xc4,
        0x28, 0x93, 0x84, 0x49, 0x4d, 0xac, 0xb2, 0xd5, 0x92, 0xd5, 0xd4, 0xdd,
        0x35, 0xde, 0x76, 0xee, 0x71, 0xd5, 0xce, 0xc4, 0x4c, 0xbc, 0x2b, 0xb4,
        0xac, 0xc4, 0x0f, 0xcd, 0xb2, 0xdd, 0x14, 0xe6, 0xb2, 0xdd, 0x34, 0xe6,
        0xb2, 0xdd, 0x91, 0xdd, 0xb2, 0xdd, 0x50, 0xd5, 0x91, 0xd5, 0xb2, 0xdd,
        0xb2, 0xdd, 0x70, 0xd5, 0x0f, 0xcd, 0x50, 0xd5, 0x96, 0xee, 0x76, 0xee,
        0xf3, 0xe5, 0xf3, 0xe5, 0xd3, 0xdd, 0xd3, 0xdd, 0xb2, 0xd5, 0x71, 0xd5,
        0x30, 0xcd, 0xcf, 0xbc, 0x32, 0xc5, 0xd6, 0xcd, 0x50, 0x9c, 0x20, 0x00,
        0x20, 0x00, 0x20, 0x00, 0x41, 0x08, 0x41, 0x08, 0x20, 0x00, 0x41, 0x08,
        0x41, 0x08, 0x41, 0x08, 0x41, 0x08, 0x41, 0x08, 0x41, 0x08, 0x41, 0x08,
        0x41, 0x08, 0x41, 0x08, 0x20, 0x00, 0x20, 0x00, 0x20, 0x00, 0x20, 0x00,
        0x20, 0x00, 0x20, 0x00, 0x41, 0x08, 0x20, 0x00, 0x41, 0x08, 0x41, 0x08,
        0x41, 0x08, 0x41, 0x08, 0xd6, 0xcd, 0x76, 0xee, 0x15, 0xe6, 0x14, 0xe6,
        0x14, 0xe6, 0x35, 0xe6, 0x34, 0xe6, 0x14, 0xe6, 0x14, 0xe6, 0xf3, 0xe5,
        0x34, 0xe6, 0xd3, 0xdd, 0x91, 0xd5, 0xd3, 0xdd, 0xd3, 0xdd, 0x70, 0xd5,
        0x70, 0xd5, 0x91, 0xd5, 0xee, 0xcc, 0x2f, 0xd5, 0x2f, 0xd5, 0xee, 0xcc,
        0x2e, 0xd5, 0x2f, 0xd5, 0xee, 0xcc, 0x50, 0xcd, 0x70, 0xd5, 0x70, 0xd5,
        0xd2, 0xe5, 0x76, 0xee, 0xfa, 0xf6, 0x5c, 0xf7, 0x00, 0x00, 0xff, 0xff,
        0xff, 0xff, 0x00, 0x00, 0x00, 0x00, 0x00, 0x00, 0x00, 0x00, 0x00, 0x00,
        0x00, 0x00, 0x00, 0x00, 0x00, 0x00, 0x00, 0x00, 0x00, 0x00, 0x00, 0x00,
        0x00, 0x00, 0x00, 0x00, 0x00, 0x00, 0x00, 0x00, 0x00, 0x00, 0x00, 0x00,
        0x00, 0x00, 0x00, 0x00, 0x00, 0x00, 0x00, 0x00, 0x00, 0x00, 0x00, 0x00,
        0x00, 0x00, 0x00, 0x00, 0x00, 0x00, 0x00, 0x00, 0x00, 0x00, 0x00, 0x00,
        0x00, 0x00, 0x00, 0x00, 0x00, 0x00, 0x00, 0x00, 0x00, 0x00, 0x00, 0x00,
        0x00, 0x00, 0x00, 0x00, 0x00, 0x00, 0x00, 0x00, 0x00, 0x00, 0x00, 0x00,
        0x00, 0x00, 0x00, 0x00, 0x00, 0x00, 0x00, 0x00, 0x00, 0x00, 0x00, 0x00,
        0x00, 0x00, 0x00, 0x00, 0x00, 0x00, 0x00, 0x00, 0x00, 0x00, 0xff, 0xff,
        0xff, 0xff, 0xff, 0xff, 0xff, 0xff, 0xff, 0xff, 0xff, 0xff, 0xff, 0xff,
        0xff, 0xff, 0xff, 0xff, 0xff, 0xff, 0x08, 0x42, 0x08, 0x42, 0x08, 0x42,
        0x08, 0x42, 0x65, 0x29, 0x65, 0x29, 0x65, 0x29, 0x08, 0x42, 0x65, 0x29,
        0x65, 0x29, 0x65, 0x29, 0x65, 0x29, 0x65, 0x29, 0x65, 0x29, 0x65, 0x29,
        0xc3, 0x18, 0xc3, 0x18, 0xa2, 0x10, 0xa2, 0x10, 0xa2, 0x10, 0xa2, 0x10,
        0x82, 0x10, 0x82, 0x10, 0x82, 0x10, 0x82, 0x10, 0x82, 0x10, 0x61, 0x08,
        0x82, 0x10, 0x61, 0x08, 0x61, 0x08, 0x61, 0x08, 0x61, 0x08, 0x61, 0x08,
        0x61, 0x08, 0x61, 0x08, 0x82, 0x10, 0x82, 0x10, 0x82, 0x10, 0x82, 0x10,
        0x82, 0x10, 0xa2, 0x10, 0xa2, 0x10, 0xa2, 0x10, 0xa2, 0x10, 0xa2, 0x10,
        0x82, 0x10, 0x82, 0x10, 0x82, 0x10, 0x61, 0x08, 0x61, 0x08, 0xa2, 0x10,
        0x57, 0xde, 0x97, 0xee, 0xb2, 0xd5, 0x8d, 0xbc, 0xad, 0xc4, 0x34, 0xe6,
        0x97, 0xee, 0x56, 0xe6, 0x14, 0xe6, 0xd3, 0xdd, 0x50, 0xcd, 0x4c, 0xbc,
        0xe8, 0x82, 0x6d, 0xb4, 0xb2, 0xdd, 0x2f, 0xd5, 0x91, 0xd5, 0xee, 0xcc,
        0xac, 0xc4, 0xcd, 0xcc, 0xee, 0xcc, 0x2e, 0xd5, 0x2f, 0xd5, 0xad, 0xc4,
        0x89, 0xa3, 0xc4, 0x61, 0xcb, 0x9b, 0x30, 0xcd, 0xce, 0xc4, 0x30, 0xcd,
        0xf4, 0xdd, 0x57, 0xe6, 0xb8, 0xee, 0x14, 0xe6, 0x91, 0xd5, 0xb2, 0xdd,
        0xf3, 0xe5, 0x55, 0xee, 0x35, 0xe6, 0xf3, 0xe5, 0xf3, 0xe5, 0x14, 0xe6,
        0xb2, 0xdd, 0xd2, 0xe5, 0x91, 0xd5, 0xb2, 0xdd, 0x34, 0xe6, 0x91, 0xd5,
        0x91, 0xd5, 0x70, 0xd5, 0xee, 0xcc, 0xf3, 0xe5, 0x97, 0xee, 0x35, 0xe6,
        0xf3, 0xe5, 0xb2, 0xdd, 0x2e, 0xd5, 0xd3, 0xdd, 0x70, 0xd5, 0xce, 0xc4,
        0x6d, 0xb4, 0xcf, 0xbc, 0xcf, 0xbc, 0xd6, 0xcd, 0x50, 0x9c, 0x20, 0x00,
        0x20, 0x00, 0x20, 0x00, 0x20, 0x00, 0x41, 0x08, 0x20, 0x00, 0x41, 0x08,
        0x41, 0x08, 0x41, 0x08, 0x41, 0x08, 0x41, 0x08, 0x41, 0x08, 0x41, 0x08,
        0x41, 0x08, 0x41, 0x08, 0x41, 0x08, 0x20, 0x00, 0x20, 0x00, 0x41, 0x08,
        0x20, 0x00, 0x20, 0x00, 0x20, 0x00, 0x20, 0x00, 0x20, 0x00, 0x20, 0x00,
        0x20, 0x00, 0x20, 0x00, 0x54, 0xbd, 0x97, 0xee, 0x14, 0xe6, 0xf3, 0xe5,
        0xf3, 0xe5, 0x34, 0xe6, 0x34, 0xe6, 0xd2, 0xe5, 0x34, 0xe6, 0xb2, 0xdd,
        0x14, 0xe6, 0xf3, 0xe5, 0x91, 0xd5, 0x91, 0xd5, 0x14, 0xe6, 0xd2, 0xe5,
        0xd3, 0xdd, 0x91, 0xd5, 0x50, 0xd5, 0x2f, 0xd5, 0xcd, 0xcc, 0x2f, 0xd5,
        0x91, 0xdd, 0x70, 0xd5, 0x2f, 0xd5, 0x50, 0xcd, 0x71, 0xd5, 0x2f, 0xd5,
        0x91, 0xd5, 0x55, 0xee, 0xd9, 0xee, 0x7d, 0xf7, 0x00, 0x00, 0xff, 0xff,
        0xff, 0xff, 0xff, 0xff, 0x00, 0x00, 0x00, 0x00, 0x00, 0x00, 0x00, 0x00,
        0x00, 0x00, 0x00, 0x00, 0x00, 0x00, 0x00, 0x00, 0x00, 0x00, 0x00, 0x00,
        0x00, 0x00, 0x00, 0x00, 0x00, 0x00, 0x00, 0x00, 0x00, 0x00, 0x00, 0x00,
        0x00, 0x00, 0x00, 0x00, 0x00, 0x00, 0x00, 0x00, 0x00, 0x00, 0x00, 0x00,
        0x00, 0x00, 0x00, 0x00, 0x00, 0x00, 0x00, 0x00, 0x00, 0x00, 0x00, 0x00,
        0x00, 0x00, 0x00, 0x00, 0x00, 0x00, 0x00, 0x00, 0x00, 0x00, 0x00, 0x00,
        0x00, 0x00, 0x00, 0x00, 0x00, 0x00, 0x00, 0x00, 0x00, 0x00, 0x00, 0x00,
        0x00, 0x00, 0x00, 0x00, 0x00, 0x00, 0x00, 0x00, 0x00, 0x00, 0x00, 0x00,
        0x00, 0x00, 0x00, 0x00, 0x00, 0x00, 0x00, 0x00, 0x00, 0x00, 0xff, 0xff,
        0xff, 0xff, 0xff, 0xff, 0xff, 0xff, 0xff, 0xff, 0xff, 0xff, 0xff, 0xff,
        0xff, 0xff, 0xff, 0xff, 0xff, 0xff, 0xff, 0xff, 0x08, 0x42, 0x08, 0x42,
        0x08, 0x42, 0x08, 0x42, 0x08, 0x42, 0x65, 0x29, 0x65, 0x29, 0x65, 0x29,
        0x65, 0x29, 0x65, 0x29, 0x65, 0x29, 0x65, 0x29, 0x65, 0x29, 0x65, 0x29,
        0xc3, 0x18, 0xc3, 0x18, 0xa2, 0x10, 0xa2, 0x10, 0x82, 0x10, 0x82, 0x10,
        0x82, 0x10, 0x82, 0x10, 0x82, 0x10, 0x82, 0x10, 0x82, 0x10, 0x61, 0x08,
        0x61, 0x08, 0x61, 0x08, 0x61, 0x08, 0x61, 0x08, 0x61, 0x08, 0x61, 0x08,
        0x61, 0x08, 0x82, 0x10, 0x82, 0x10, 0x82, 0x10, 0x82, 0x10, 0x82, 0x10,
        0xa2, 0x10, 0xa2, 0x10, 0xa2, 0x10, 0xa2, 0x10, 0xa2, 0x10, 0xa2, 0x10,
        0x82, 0x10, 0x82, 0x10, 0x61, 0x08, 0x61, 0x08, 0x41, 0x08, 0x95, 0xbd,
        0x98, 0xe6, 0x35, 0xe6, 0xef, 0xc4, 0x4a, 0x8b, 0x10, 0xc5, 0x97, 0xee,
        0x56, 0xe6, 0x35, 0xe6, 0xd3, 0xdd, 0x70, 0xd5, 0xad, 0xc4, 0x2b, 0xb4,
        0x06, 0x5a, 0x6a, 0x9b, 0x2f, 0xd5, 0x0f, 0xcd, 0x70, 0xd5, 0x0f, 0xcd,
        0x50, 0xcd, 0x2f, 0xd5, 0xee, 0xcc, 0xcd, 0xcc, 0x70, 0xd5, 0x4c, 0xbc,
        0x68, 0xa3, 0xc4, 0x61, 0x28, 0x93, 0xce, 0xc4, 0xce, 0xc4, 0x51, 0xcd,
        0xd4, 0xd5, 0x36, 0xe6, 0x57, 0xde, 0x57, 0xde, 0x97, 0xee, 0x55, 0xee,
        0x56, 0xe6, 0x14, 0xe6, 0x14, 0xe6, 0x35, 0xe6, 0x35, 0xe6, 0x34, 0xe6,
        0x35, 0xe6, 0xd3, 0xdd, 0x70, 0xd5, 0xb2, 0xd5, 0x50, 0xd5, 0x50, 0xd5,
        0xb2, 0xdd, 0xb2, 0xdd, 0xb2, 0xdd, 0x14, 0xe6, 0x34, 0xe6, 0xf3, 0xe5,
        0x14, 0xe6, 0xd3, 0xdd, 0x2f, 0xd5, 0xd3, 0xdd, 0x50, 0xcd, 0x2b, 0xbc,
        0xc9, 0xb3, 0xea, 0xab, 0x32, 0xc5, 0xd6, 0xcd, 0x50, 0x9c, 0x20, 0x00,
        0x20, 0x00, 0x41, 0x08, 0x20, 0x00, 0x20, 0x00, 0x41, 0x08, 0x20, 0x00,
        0x41, 0x08, 0x20, 0x00, 0x41, 0x08, 0x20, 0x00, 0x41, 0x08, 0x41, 0x08,
        0x41, 0x08, 0x41, 0x08, 0x41, 0x08, 0x41, 0x08, 0x41, 0x08, 0x20, 0x00,
        0x41, 0x08, 0x41, 0x08, 0x41, 0x08, 0x41, 0x08, 0x41, 0x08, 0x41, 0x08,
        0x41, 0x08, 0x20, 0x00, 0x50, 0x9c, 0x98, 0xe6, 0x35, 0xe6, 0x35, 0xe6,
        0x14, 0xe6, 0x35, 0xe6, 0x34, 0xe6, 0xd2, 0xe5, 0x34, 0xe6, 0xd2, 0xe5,
        0x34, 0xe6, 0x35, 0xe6, 0xd2, 0xe5, 0x4f, 0xd5, 0xd3, 0xdd, 0x70, 0xd5,
        0x70, 0xd5, 0x91, 0xdd, 0xb2, 0xdd, 0x50, 0xd5, 0x50, 0xd5, 0xee, 0xcc,
        0xac, 0xc4, 0x50, 0xd5, 0x50, 0xd5, 0x91, 0xdd, 0x35, 0xe6, 0xd3, 0xdd,
        0x70, 0xd5, 0x55, 0xee, 0xb9, 0xee, 0xbf, 0xff, 0x00, 0x00, 0x08, 0x42,
        0xff, 0xff, 0xff, 0xff, 0x00, 0x00, 0x00, 0x00, 0x00, 0x00, 0x00, 0x00,
        0x00, 0x00, 0x00, 0x00, 0x00, 0x00, 0x00, 0x00, 0x00, 0x00, 0x00, 0x00,
        0x00, 0x00, 0x00, 0x00, 0x00, 0x00, 0x00, 0x00, 0x00, 0x00, 0x00, 0x00,
        0x00, 0x00, 0x00, 0x00, 0x00, 0x00, 0x00, 0x00, 0x00, 0x00, 0x00, 0x00,
        0x00, 0x00, 0x00, 0x00, 0x00, 0x00, 0x00, 0x00, 0x00, 0x00, 0x00, 0x00,
        0x00, 0x00, 0x00, 0x00, 0x00, 0x00, 0x00, 0x00, 0x00, 0x00, 0x00, 0x00,
        0x00, 0x00, 0x00, 0x00, 0x00, 0x00, 0x00, 0x00, 0x00, 0x00, 0x00, 0x00,
        0x00, 0x00, 0x00, 0x00, 0x00, 0x00, 0x00, 0x00, 0x00, 0x00, 0x00, 0x00,
        0x00, 0x00, 0x00, 0x00, 0x00, 0x00, 0x00, 0x00, 0xff, 0xff, 0xff, 0xff,
        0xff, 0xff, 0xff, 0xff, 0xff, 0xff, 0xff, 0xff, 0xff, 0xff, 0xff, 0xff,
        0xff, 0xff, 0xff, 0xff, 0xff, 0xff, 0xff, 0xff, 0x08, 0x42, 0x08, 0x42,
        0x08, 0x42, 0x08, 0x42, 0x08, 0x42, 0x08, 0x42, 0x65, 0x29, 0x08, 0x42,
        0x65, 0x29, 0x08, 0x42, 0x65, 0x29, 0x65, 0x29, 0x65, 0x29, 0xc3, 0x18,
        0xc3, 0x18, 0xc3, 0x18, 0xa2, 0x10, 0xa2, 0x10, 0x82, 0x10, 0xa2, 0x10,
        0x82, 0x10, 0x82, 0x10, 0x82, 0x10, 0x82, 0x10, 0x61, 0x08, 0x61, 0x08,
        0x61, 0x08, 0x61, 0x08, 0x61, 0x08, 0x61, 0x08, 0x61, 0x08, 0x82, 0x10,
        0x82, 0x10, 0x82, 0x10, 0x82, 0x10, 0x82, 0x10, 0xa2, 0x10, 0xa2, 0x10,
        0xa2, 0x10, 0xa2, 0x10, 0xa2, 0x10, 0xa2, 0x10, 0xa2, 0x10, 0x82, 0x10,
        0x82, 0x10, 0x61, 0x08, 0x61, 0x08, 0x41, 0x08, 0x41, 0x08, 0x2f, 0x94,
        0x57, 0xde, 0x51, 0xcd, 0x8b, 0x93, 0xec, 0xa3, 0x76, 0xee, 0x97, 0xee,
        0x77, 0xe6, 0x35, 0xe6, 0xf4, 0xdd, 0x50, 0xcd, 0xad, 0xc4, 0x6a, 0x9b,
        0x06, 0x5a, 0xcb, 0x9b, 0x8d, 0xbc, 0x50, 0xcd, 0x2f, 0xd5, 0x2f, 0xd5,
        0x0f, 0xcd, 0xce, 0xc4, 0xcd, 0xcc, 0xac, 0xc4, 0x0f, 0xcd, 0xce, 0xc4,
        0x2b, 0xb4, 0x66, 0x7a, 0x4a, 0x8b, 0x8e, 0xb4, 0x32, 0xc5, 0x93, 0xcd,
        0xb4, 0xcd, 0x36, 0xe6, 0x16, 0xd6, 0x57, 0xde, 0x97, 0xee, 0x35, 0xe6,
        0x34, 0xe6, 0x14, 0xe6, 0x76, 0xee, 0x34, 0xe6, 0x14, 0xe6, 0x14, 0xe6,
        0x14, 0xde, 0x0f, 0xcd, 0x2f, 0xd5, 0xee, 0xcc, 0x0f, 0xcd, 0x91, 0xd5,
        0xf3, 0xe5, 0xd3, 0xdd, 0x70, 0xd5, 0x34, 0xe6, 0x14, 0xe6, 0x34, 0xe6,
        0xd3, 0xdd, 0x91, 0xd5, 0x91, 0xd5, 0x91, 0xd5, 0xb2, 0xdd, 0xac, 0xc4,
        0x8c, 0xc4, 0xea, 0xab, 0xcf, 0xbc, 0x11, 0xc5, 0x0f, 0x94, 0x41, 0x08,
        0x20, 0x00, 0x20, 0x00, 0x20, 0x00, 0x20, 0x00, 0x20, 0x00, 0x20, 0x00,
        0x20, 0x00, 0x20, 0x00, 0x41, 0x08, 0x20, 0x00, 0x20, 0x00, 0x20, 0x00,
        0x20, 0x00, 0x41, 0x08, 0x20, 0x00, 0x41, 0x08, 0x20, 0x00, 0x41, 0x08,
        0x41, 0x08, 0x41, 0x08, 0x41, 0x08, 0x41, 0x08, 0x41, 0x08, 0x41, 0x08,
        0x41, 0x08, 0x41, 0x08, 0x54, 0xbd, 0xb8, 0xee, 0x56, 0xe6, 0x35, 0xe6,
        0x35, 0xe6, 0x35, 0xe6, 0x35, 0xe6, 0x14, 0xe6, 0xb2, 0xdd, 0xf3, 0xe5,
        0xf3, 0xe5, 0x14, 0xe6, 0xf3, 0xe5, 0x2e, 0xd5, 0x91, 0xdd, 0x2e, 0xd5,
        0xcd, 0xcc, 0x2f, 0xd5, 0x0f, 0xcd, 0x2f, 0xd5, 0xee, 0xcc, 0x2e, 0xd5,
        0x0f, 0xcd, 0xac, 0xc4, 0xce, 0xc4, 0xac, 0xc4, 0xac, 0xc4, 0xd2, 0xe5,
        0x56, 0xe6, 0x55, 0xee, 0xb9, 0xee, 0xbf, 0xff, 0xff, 0xff, 0x08, 0x42,
        0x08, 0x42, 0xff, 0xff, 0xff, 0xff, 0x00, 0x00, 0x00, 0x00, 0x00, 0x00,
        0x00, 0x00, 0x00, 0x00, 0x00, 0x00, 0x00, 0x00, 0x00, 0x00, 0x00, 0x00,
        0x00, 0x00, 0x00, 0x00, 0x00, 0x00, 0x00, 0x00, 0x00, 0x00, 0x00, 0x00,
        0x00, 0x00, 0x00, 0x00, 0x00, 0x00, 0x00, 0x00, 0x00, 0x00, 0x00, 0x00,
        0x00, 0x00, 0x00, 0x00, 0x00, 0x00, 0x00, 0x00, 0x00, 0x00, 0x00, 0x00,
        0x00, 0x00, 0x00, 0x00, 0x00, 0x00, 0x00, 0x00, 0x00, 0x00, 0x00, 0x00,
        0x00, 0x00, 0x00, 0x00, 0x00, 0x00, 0x00, 0x00, 0x00, 0x00, 0x00, 0x00,
        0x00, 0x00, 0x00, 0x00, 0x00, 0x00, 0x00, 0x00, 0x00, 0x00, 0x00, 0x00,
        0x00, 0x00, 0x00, 0x00, 0x00, 0x00, 0x00, 0x00, 0x00, 0x00, 0x00, 0x00,
        0xff, 0xff, 0xff, 0xff, 0xff, 0xff, 0xff, 0xff, 0xff, 0xff, 0xff, 0xff,
        0xff, 0xff, 0xff, 0xff, 0xff, 0xff, 0xff, 0xff, 0xff, 0xff, 0xff, 0xff,
        0x08, 0x42, 0x08, 0x42, 0x08, 0x42, 0x08, 0x42, 0x08, 0x42, 0x08, 0x42,
        0x08, 0x42, 0x08, 0x42, 0x08, 0x42, 0x08, 0x42, 0x65, 0x29, 0xc3, 0x18,
        0xc3, 0x18, 0xc3, 0x18, 0xa2, 0x10, 0xa2, 0x10, 0xa2, 0x10, 0x82, 0x10,
        0x82, 0x10, 0x82, 0x10, 0x82, 0x10, 0x82, 0x10, 0x61, 0x08, 0x82, 0x10,
        0x61, 0x08, 0x61, 0x08, 0x82, 0x10, 0x82, 0x10, 0x82, 0x10, 0x82, 0x10,
        0x82, 0x10, 0x82, 0x10, 0x82, 0x10, 0xa2, 0x10, 0xa2, 0x10, 0xa2, 0x10,
        0xa2, 0x10, 0xa2, 0x10, 0xa2, 0x10, 0x82, 0x10, 0x82, 0x10, 0x82, 0x10,
        0x82, 0x10, 0x61, 0x08, 0x61, 0x08, 0x41, 0x08, 0x41, 0x08, 0xa2, 0x10,
        0x16, 0xd6, 0xcf, 0xbc, 0x8b, 0x93, 0xb3, 0xd5, 0x97, 0xee, 0x97, 0xee,
        0x97, 0xee, 0x15, 0xe6, 0x71, 0xd5, 0x8d, 0xbc, 0xa7, 0x7a, 0xa7, 0x7a,
        0x06, 0x5a, 0x29, 0x83, 0xad, 0xc4, 0x2b, 0xb4, 0x2c, 0xb4, 0x30, 0xcd,
        0xad, 0xc4, 0xce, 0xc4, 0x0f, 0xcd, 0xce, 0xc4, 0x30, 0xcd, 0x30, 0xcd,
        0xce, 0xc4, 0x29, 0x83, 0x88, 0x6a, 0x88, 0x6a, 0x4b, 0x83, 0x4d, 0xac,
        0x92, 0xd5, 0x16, 0xd6, 0x57, 0xde, 0x98, 0xe6, 0x98, 0xe6, 0x76, 0xee,
        0x35, 0xe6, 0x56, 0xe6, 0x34, 0xe6, 0x14, 0xe6, 0x14, 0xe6, 0x14, 0xe6,
        0x2f, 0xd5, 0x4f, 0xd5, 0x70, 0xdd, 0x4f, 0xd5, 0x2e, 0xd5, 0x50, 0xd5,
        0x14, 0xe6, 0x2f, 0xd5, 0xb2, 0xdd, 0x14, 0xe6, 0x34, 0xe6, 0x34, 0xe6,
        0x91, 0xd5, 0xcd, 0xcc, 0x50, 0xd5, 0x2f, 0xd5, 0xd3, 0xdd, 0xd3, 0xdd,
        0x2f, 0xd5, 0x0f, 0xcd, 0x8d, 0xbc, 0x11, 0xc5, 0xd1, 0xac, 0xaa, 0x62,
        0x20, 0x00, 0x20, 0x00, 0x20, 0x00, 0x20, 0x00, 0x20, 0x00, 0x20, 0x00,
        0x20, 0x00, 0x20, 0x00, 0x20, 0x00, 0x20, 0x00, 0x20, 0x00, 0x20, 0x00,
        0x20, 0x00, 0x20, 0x00, 0x20, 0x00, 0x20, 0x00, 0x20, 0x00, 0x20, 0x00,
        0x20, 0x00, 0x20, 0x00, 0x20, 0x00, 0x41, 0x08, 0x20, 0x00, 0x20, 0x00,
        0x20, 0x00, 0x41, 0x08, 0x41, 0x08, 0x57, 0xde, 0x97, 0xee, 0x35, 0xe6,
        0x35, 0xe6, 0x34, 0xe6, 0x14, 0xe6, 0xd3, 0xdd, 0xb2, 0xdd, 0xd2, 0xe5,
        0xd2, 0xe5, 0x50, 0xd5, 0x0f, 0xcd, 0xcd, 0xcc, 0x4f, 0xd5, 0x50, 0xd5,
        0xcd, 0xcc, 0x4f, 0xd5, 0x2e, 0xd5, 0xcd, 0xcc, 0x50, 0xd5, 0xac, 0xc4,
        0x8c, 0xc4, 0xac, 0xc4, 0xac, 0xc4, 0x2f, 0xd5, 0x70, 0xd5, 0x4f, 0xd5,
        0xd2, 0xe5, 0x96, 0xee, 0xd9, 0xee, 0x5c, 0xf7, 0x00, 0x00, 0x65, 0x29,
        0x08, 0x42, 0xff, 0xff, 0xff, 0xff, 0x00, 0x00, 0x00, 0x00, 0x00, 0x00,
        0x00, 0x00, 0x00, 0x00, 0x00, 0x00, 0x00, 0x00, 0x00, 0x00, 0x00, 0x00,
        0x00, 0x00, 0x00, 0x00, 0x00, 0x00, 0x00, 0x00, 0x00, 0x00, 0x00, 0x00,
        0x00, 0x00, 0x00, 0x00, 0x00, 0x00, 0x00, 0x00, 0x00, 0x00, 0x00, 0x00,
        0x00, 0x00, 0x00, 0x00, 0x00, 0x00, 0x00, 0x00, 0x00, 0x00, 0x00, 0x00,
        0x00, 0x00, 0x00, 0x00, 0x00, 0x00, 0x00, 0x00, 0x00, 0x00, 0x00, 0x00,
        0x00, 0x00, 0x00, 0x00, 0x00, 0x00, 0x00, 0x00, 0x00, 0x00, 0x00, 0x00,
        0x00, 0x00, 0x00, 0x00, 0x00, 0x00, 0x00, 0x00, 0x00, 0x00, 0x00, 0x00,
        0x00, 0x00, 0x00, 0x00, 0x00, 0x00, 0x00, 0x00, 0x00, 0x00, 0x00, 0x00,
        0xff, 0xff, 0xff, 0xff, 0xff, 0xff, 0xff, 0xff, 0xff, 0xff, 0xff, 0xff,
        0xff, 0xff, 0xff, 0xff, 0xff, 0xff, 0xff, 0xff, 0xff, 0xff, 0xff, 0xff,
        0xff, 0xff, 0x08, 0x42, 0x08, 0x42, 0x08, 0x42, 0x08, 0x42, 0x08, 0x42,
        0x08, 0x42, 0x08, 0x42, 0x08, 0x42, 0x08, 0x42, 0x65, 0x29, 0x65, 0x29,
        0xc3, 0x18, 0xc3, 0x18, 0xa2, 0x10, 0xa2, 0x10, 0xa2, 0x10, 0x82, 0x10,
        0x82, 0x10, 0x82, 0x10, 0x82, 0x10, 0x82, 0x10, 0x82, 0x10, 0x82, 0x10,
        0x82, 0x10, 0x82, 0x10, 0x82, 0x10, 0x82, 0x10, 0x82, 0x10, 0x82, 0x10,
        0x82, 0x10, 0xa2, 0x10, 0xa2, 0x10, 0xa2, 0x10, 0xa2, 0x10, 0xa2, 0x10,
        0xa2, 0x10, 0xa2, 0x10, 0x82, 0x10, 0x82, 0x10, 0x82, 0x10, 0x82, 0x10,
        0x61, 0x08, 0x61, 0x08, 0x41, 0x08, 0x41, 0x08, 0xa2, 0x10, 0xa2, 0x10,
        0x54, 0xbd, 0x32, 0xc5, 0xb0, 0xb4, 0x36, 0xe6, 0x77, 0xe6, 0x77, 0xe6,
        0x77, 0xe6, 0x15, 0xde, 0xd4, 0xdd, 0x6d, 0xb4, 0x84, 0x49, 0xc5, 0x51,
        0x84, 0x49, 0x29, 0x83, 0xae, 0xbc, 0x47, 0x6a, 0xc5, 0x51, 0xcf, 0xbc,
        0xce, 0xc4, 0xef, 0xc4, 0x8d, 0xbc, 0xef, 0xc4, 0x92, 0xd5, 0x30, 0xcd,
        0x8d, 0xbc, 0x28, 0x93, 0xe3, 0x30, 0xe3, 0x30, 0x29, 0x83, 0xf0, 0xbc,
        0xb4, 0xcd, 0x38, 0xd6, 0x95, 0xbd, 0xd1, 0xac, 0x16, 0xd6, 0x77, 0xe6,
        0x35, 0xe6, 0x34, 0xe6, 0xf3, 0xe5, 0x91, 0xdd, 0xd2, 0xe5, 0x91, 0xdd,
        0x91, 0xdd, 0xb2, 0xdd, 0xb2, 0xdd, 0x50, 0xd5, 0x4f, 0xd5, 0x91, 0xd5,
        0x70, 0xd5, 0x91, 0xd5, 0xb2, 0xdd, 0xd3, 0xdd, 0xd3, 0xdd, 0x34, 0xe6,
        0xb2, 0xd5, 0x50, 0xcd, 0x91, 0xd5, 0x2f, 0xd5, 0xb2, 0xdd, 0xb2, 0xd5,
        0x30, 0xcd, 0x30, 0xcd, 0xef, 0xc4, 0x11, 0xc5, 0xd1, 0xac, 0xaa, 0x62,
        0x20, 0x00, 0x20, 0x00, 0x20, 0x00, 0x20, 0x00, 0x20, 0x00, 0x20, 0x00,
        0x20, 0x00, 0x20, 0x00, 0x20, 0x00, 0x20, 0x00, 0x20, 0x00, 0x20, 0x00,
        0x20, 0x00, 0x20, 0x00, 0x20, 0x00, 0x20, 0x00, 0x20, 0x00, 0x20, 0x00,
        0x20, 0x00, 0x20, 0x00, 0x20, 0x00, 0x20, 0x00, 0x20, 0x00, 0x20, 0x00,
        0x20, 0x00, 0x20, 0x00, 0x41, 0x08, 0x57, 0xde, 0x55, 0xee, 0x35, 0xe6,
        0x14, 0xe6, 0x34, 0xe6, 0xf3, 0xe5, 0xd2, 0xe5, 0x0f, 0xcd, 0x91, 0xdd,
        0x34, 0xe6, 0x91, 0xdd, 0x2f, 0xd5, 0xcd, 0xcc, 0xee, 0xcc, 0x91, 0xd5,
        0xcd, 0xcc, 0x4b, 0xbc, 0x4c, 0xbc, 0xac, 0xc4, 0x8c, 0xc4, 0xce, 0xc4,
        0xcd, 0xcc, 0x0f, 0xcd, 0x0f, 0xcd, 0xcd, 0xcc, 0x70, 0xdd, 0xf3, 0xe5,
        0xb2, 0xdd, 0x34, 0xe6, 0xd8, 0xee, 0x1b, 0xf7, 0xc3, 0x18, 0x65, 0x29,
        0x08, 0x42, 0x08, 0x42, 0xff, 0xff, 0xff, 0xff, 0x00, 0x00, 0x00, 0x00,
        0x00, 0x00, 0x00, 0x00, 0x00, 0x00, 0x00, 0x00, 0x00, 0x00, 0x00, 0x00,
        0x00, 0x00, 0x00, 0x00, 0x00, 0x00, 0x00, 0x00, 0x00, 0x00, 0x00, 0x00,
        0x00, 0x00, 0x00, 0x00, 0x00, 0x00, 0x00, 0x00, 0x00, 0x00, 0x00, 0x00,
        0x00, 0x00, 0x00, 0x00, 0x00, 0x00, 0x00, 0x00, 0x00, 0x00, 0x00, 0x00,
        0x00, 0x00, 0x00, 0x00, 0x00, 0x00, 0x00, 0x00, 0x00, 0x00, 0x00, 0x00,
        0x00, 0x00, 0x00, 0x00, 0x00, 0x00, 0x00, 0x00, 0x00, 0x00, 0x00, 0x00,
        0x00, 0x00, 0x00, 0x00, 0x00, 0x00, 0x00, 0x00, 0x00, 0x00, 0x00, 0x00,
        0x00, 0x00, 0x00, 0x00, 0x00, 0x00, 0x00, 0x00, 0x00, 0x00, 0x00, 0x00,
        0xff, 0xff, 0xff, 0xff, 0xff, 0xff, 0xff, 0xff, 0xff, 0xff, 0xff, 0xff,
        0xff, 0xff, 0xff, 0xff, 0xff, 0xff, 0xff, 0xff, 0xff, 0xff, 0xff, 0xff,
        0xff, 0xff, 0xff, 0xff, 0x08, 0x42, 0x08, 0x42, 0x08, 0x42, 0x08, 0x42,
        0x08, 0x42, 0x08, 0x42, 0x08, 0x42, 0x08, 0x42, 0x65, 0x29, 0x65, 0x29,
        0xc3, 0x18, 0xc3, 0x18, 0xa2, 0x10, 0xa2, 0x10, 0xa2, 0x10, 0x82, 0x10,
        0x82, 0x10, 0x82, 0x10, 0x82, 0x10, 0x82, 0x10, 0x82, 0x10, 0x82, 0x10,
        0xa2, 0x10, 0x82, 0x10, 0x82, 0x10, 0xa2, 0x10, 0xa2, 0x10, 0xa2, 0x10,
        0xa2, 0x10, 0xa2, 0x10, 0xa2, 0x10, 0xa2, 0x10, 0xa2, 0x10, 0xa2, 0x10,
        0xa2, 0x10, 0xa2, 0x10, 0x82, 0x10, 0x82, 0x10, 0x82, 0x10, 0x61, 0x00,
        0x61, 0x08, 0x61, 0x08, 0x41, 0x08, 0x41, 0x08, 0xa2, 0x10, 0xa2, 0x10,
        0xaa, 0x5a, 0x53, 0xc5, 0x32, 0xc5, 0x57, 0xe6, 0x36, 0xe6, 0x36, 0xe6,
        0x35, 0xde, 0xd4, 0xd5, 0xb3, 0xd5, 0x0c, 0xac, 0xc5, 0x51, 0x23, 0x41,
        0x47, 0x6a, 0x4b, 0x83, 0x8b, 0x93, 0x06, 0x5a, 0xe3, 0x30, 0x0c, 0xac,
        0x51, 0xcd, 0x10, 0xc5, 0xae, 0xbc, 0x8e, 0xb4, 0x51, 0xcd, 0xcf, 0xbc,
        0x8d, 0xbc, 0x6a, 0x9b, 0x84, 0x49, 0xc5, 0x51, 0x4b, 0x83, 0x6f, 0xac,
        0x93, 0xcd, 0x4f, 0xa4, 0xe7, 0x49, 0x41, 0x08, 0x0f, 0x94, 0x76, 0xee,
        0x55, 0xee, 0xb2, 0xdd, 0x91, 0xdd, 0x14, 0xe6, 0xf3, 0xe5, 0x91, 0xdd,
        0xd2, 0xe5, 0x14, 0xe6, 0xd1, 0xe5, 0x91, 0xdd, 0x2f, 0xd5, 0x2f, 0xd5,
        0xee, 0xcc, 0x2f, 0xd5, 0xd3, 0xdd, 0xd3, 0xdd, 0x70, 0xd5, 0xd3, 0xdd,
        0xd3, 0xdd, 0xee, 0xcc, 0x70, 0xd5, 0x91, 0xd5, 0x91, 0xd5, 0xd3, 0xdd,
        0x30, 0xcd, 0x30, 0xcd, 0xcf, 0xbc, 0xf0, 0xbc, 0xf2, 0xb4, 0xaa, 0x62,
        0x41, 0x08, 0x41, 0x08, 0x20, 0x00, 0x20, 0x00, 0x20, 0x00, 0x20, 0x00,
        0x20, 0x00, 0x20, 0x00, 0x20, 0x00, 0x20, 0x00, 0x20, 0x00, 0x20, 0x00,
        0x20, 0x00, 0x20, 0x00, 0x20, 0x00, 0x20, 0x00, 0x20, 0x00, 0x20, 0x00,
        0x20, 0x00, 0x20, 0x00, 0x20, 0x00, 0x20, 0x00, 0x20, 0x00, 0x20, 0x00,
        0x41, 0x08, 0x20, 0x00, 0x0f, 0x94, 0x97, 0xee, 0x35, 0xe6, 0x35, 0xe6,
        0x14, 0xe6, 0xd2, 0xe5, 0xf3, 0xe5, 0xd2, 0xe5, 0xcd, 0xcc, 0x2f, 0xd5,
        0xb2, 0xdd, 0xb2, 0xdd, 0x0f, 0xcd, 0x8c, 0xc4, 0xac, 0xc4, 0x91, 0xdd,
        0x2f, 0xd5, 0xce, 0xc4, 0x2b, 0xbc, 0x8c, 0xc4, 0x4c, 0xbc, 0x68, 0xa3,
        0xc9, 0xb3, 0xea, 0xab, 0xac, 0xc4, 0xce, 0xc4, 0xac, 0xc4, 0xcd, 0xcc,
        0x91, 0xdd, 0x34, 0xe6, 0x98, 0xe6, 0x1b, 0xf7, 0xff, 0xff, 0x65, 0x29,
        0x65, 0x29, 0x08, 0x42, 0x08, 0x42, 0xff, 0xff, 0x00, 0x00, 0x00, 0x00,
        0x00, 0x00, 0x00, 0x00, 0x00, 0x00, 0x00, 0x00, 0x00, 0x00, 0x00, 0x00,
        0x00, 0x00, 0x00, 0x00, 0x00, 0x00, 0x00, 0x00, 0x00, 0x00, 0x00, 0x00,
        0x00, 0x00, 0x00, 0x00, 0x00, 0x00, 0x00, 0x00, 0x00, 0x00, 0x00, 0x00,
        0x00, 0x00, 0x00, 0x00, 0x00, 0x00, 0x00, 0x00, 0x00, 0x00, 0x00, 0x00,
        0x00, 0x00, 0x00, 0x00, 0x00, 0x00, 0x00, 0x00, 0x00, 0x00, 0x00, 0x00,
        0x00, 0x00, 0x00, 0x00, 0x00, 0x00, 0x00, 0x00, 0x00, 0x00, 0x00, 0x00,
        0x00, 0x00, 0x00, 0x00, 0x00, 0x00, 0x00, 0x00, 0x00, 0x00, 0x00, 0x00,
        0x00, 0x00, 0x00, 0x00, 0x00, 0x00, 0x00, 0x00, 0x00, 0x00, 0x00, 0x00,
        0x00, 0x00, 0x00, 0x00, 0x00, 0x00, 0xff, 0xff, 0xff, 0xff, 0xff, 0xff,
        0xff, 0xff, 0xff, 0xff, 0xff, 0xff, 0xff, 0xff, 0xff, 0xff, 0xff, 0xff,
        0xff, 0xff, 0xff, 0xff, 0x08, 0x42, 0x08, 0x42, 0x08, 0x42, 0x08, 0x42,
        0x08, 0x42, 0x08, 0x42, 0x08, 0x42, 0xff, 0xff, 0x08, 0x42, 0x65, 0x29,
        0x65, 0x29, 0xc3, 0x18, 0xc3, 0x18, 0xa2, 0x10, 0xa2, 0x10, 0xa2, 0x10,
        0xa2, 0x10, 0xa2, 0x10, 0xa2, 0x10, 0xa2, 0x10, 0xa2, 0x10, 0xa2, 0x10,
        0xa2, 0x10, 0xa2, 0x10, 0xa2, 0x10, 0xa2, 0x10, 0xa2, 0x10, 0xa2, 0x10,
        0xa2, 0x10, 0xa2, 0x10, 0xa2, 0x10, 0xa2, 0x10, 0xa2, 0x10, 0xa2, 0x10,
        0xa2, 0x10, 0xa2, 0x10, 0x82, 0x10, 0x82, 0x10, 0x82, 0x10, 0x61, 0x08,
        0x61, 0x08, 0x61, 0x08, 0x41, 0x08, 0x41, 0x08, 0xa2, 0x10, 0x21, 0x08,
        0x21, 0x08, 0x0f, 0x94, 0xb4, 0xcd, 0x37, 0xde, 0xf5, 0xd5, 0x93, 0xcd,
        0x93, 0xcd, 0x72, 0xcd, 0xb0, 0xb4, 0x29, 0x83, 0xc5, 0x51, 0x84, 0x49,
        0x06, 0x5a, 0xc5, 0x51, 0x29, 0x83, 0x06, 0x5a, 0xe3, 0x30, 0x29, 0x83,
        0xcf, 0xbc, 0xcf, 0xbc, 0x8e, 0xb4, 0x8e, 0xb4, 0xb0, 0xb4, 0x4d, 0xac,
        0x0c, 0xac, 0x4a, 0x8b, 0x06, 0x5a, 0x23, 0x41, 0x06, 0x5a, 0x07, 0x52,
        0xe7, 0x49, 0x41, 0x08, 0x41, 0x08, 0x41, 0x08, 0x0f, 0x94, 0x97, 0xee,
        0x76, 0xee, 0x34, 0xe6, 0xd2, 0xe5, 0xb2, 0xdd, 0x91, 0xdd, 0x34, 0xe6,
        0x14, 0xe6, 0xd2, 0xe5, 0x91, 0xdd, 0x2e, 0xd5, 0xee, 0xcc, 0xee, 0xcc,
        0xac, 0xc4, 0x2f, 0xd5, 0xb2, 0xdd, 0x70, 0xd5, 0x91, 0xd5, 0x91, 0xd5,
        0xb2, 0xd5, 0x0f, 0xcd, 0xd3, 0xdd, 0xb2, 0xdd, 0x91, 0xd5, 0xd3, 0xdd,
        0x91, 0xd5, 0x50, 0xcd, 0xef, 0xc4, 0xae, 0xbc, 0xf2, 0xb4, 0x0f, 0x94,
        0x41, 0x08, 0x41, 0x08, 0x41, 0x08, 0x20, 0x00, 0x20, 0x00, 0x20, 0x00,
        0x20, 0x00, 0x20, 0x00, 0x20, 0x00, 0x20, 0x00, 0x20, 0x00, 0x20, 0x00,
        0x20, 0x00, 0x20, 0x00, 0x20, 0x00, 0x20, 0x00, 0x20, 0x00, 0x20, 0x00,
        0x41, 0x08, 0x20, 0x00, 0x41, 0x08, 0x20, 0x00, 0x41, 0x08, 0x41, 0x08,
        0x41, 0x08, 0x41, 0x08, 0x16, 0xd6, 0x97, 0xee, 0x35, 0xe6, 0x34, 0xe6,
        0x34, 0xe6, 0xf3, 0xe5, 0xd2, 0xe5, 0xd2, 0xe5, 0xee, 0xcc, 0xee, 0xcc,
        0x2f, 0xd5, 0x0f, 0xcd, 0x0f, 0xcd, 0x2b, 0xbc, 0xa9, 0xab, 0x4c, 0xbc,
        0xee, 0xcc, 0x4c, 0xbc, 0xea, 0xab, 0xc9, 0xb3, 0x47, 0xa3, 0xc9, 0xb3,
        0xac, 0xc4, 0x09, 0xb4, 0x09, 0xb4, 0xac, 0xc4, 0xee, 0xcc, 0x50, 0xd5,
        0x91, 0xdd, 0x34, 0xe6, 0x55, 0xee, 0x77, 0xe6, 0x1b, 0xf7, 0xf4, 0xac,
        0x65, 0x29, 0x08, 0x42, 0x08, 0x42, 0x08, 0x42, 0xff, 0xff, 0x00, 0x00,
        0x00, 0x00, 0x00, 0x00, 0x00, 0x00, 0x00, 0x00, 0x00, 0x00, 0x00, 0x00,
        0x00, 0x00, 0x00, 0x00, 0x00, 0x00, 0x00, 0x00, 0x00, 0x00, 0x00, 0x00,
        0x00, 0x00, 0x00, 0x00, 0x00, 0x00, 0x00, 0x00, 0x00, 0x00, 0x00, 0x00,
        0x00, 0x00, 0x00, 0x00, 0x00, 0x00, 0x00, 0x00, 0x00, 0x00, 0x00, 0x00,
        0x00, 0x00, 0x00, 0x00, 0x00, 0x00, 0x00, 0x00, 0x00, 0x00, 0x00, 0x00,
        0x00, 0x00, 0x00, 0x00, 0x00, 0x00, 0x00, 0x00, 0x00, 0x00, 0x00, 0x00,
        0x00, 0x00, 0x00, 0x00, 0x00, 0x00, 0x00, 0x00, 0x00, 0x00, 0x00, 0x00,
        0x00, 0x00, 0x00, 0x00, 0x00, 0x00, 0x00, 0x00, 0x00, 0x00, 0x00, 0x00,
        0x00, 0x00, 0x00, 0x00, 0x00, 0x00, 0x00, 0x00, 0xff, 0xff, 0xff, 0xff,
        0xff, 0xff, 0xff, 0xff, 0xff, 0xff, 0xff, 0xff, 0xff, 0xff, 0xff, 0xff,
        0xff, 0xff, 0xff, 0xff, 0x08, 0x42, 0x08, 0x42, 0x08, 0x42, 0x08, 0x42,
        0x08, 0x42, 0x08, 0x42, 0xff, 0xff, 0xff, 0xff, 0xff, 0xff, 0x65, 0x29,
        0x65, 0x29, 0x65, 0x29, 0xc3, 0x18, 0xc3, 0x18, 0xa2, 0x10, 0xa2, 0x10,
        0xa2, 0x10, 0xa2, 0x10, 0xa2, 0x10, 0xa2, 0x10, 0xc3, 0x18, 0xc3, 0x18,
        0xc3, 0x18, 0xc3, 0x18, 0xc3, 0x18, 0xa2, 0x10, 0xa2, 0x10, 0xa2, 0x10,
        0xa2, 0x10, 0xa2, 0x10, 0xa2, 0x10, 0xa2, 0x10, 0xa2, 0x10, 0xa2, 0x10,
        0xa2, 0x10, 0xa2, 0x10, 0xa2, 0x10, 0x82, 0x10, 0x82, 0x10, 0x82, 0x10,
        0x61, 0x08, 0x61, 0x08, 0x41, 0x08, 0x41, 0x08, 0x41, 0x08, 0xa2, 0x10,
        0x21, 0x08, 0x41, 0x08, 0x0f, 0x94, 0x16, 0xd6, 0x37, 0xde, 0x53, 0xc5,
        0xf0, 0xbc, 0xb0, 0xb4, 0x8b, 0x93, 0x88, 0x6a, 0x47, 0x6a, 0xc5, 0x51,
        0x84, 0x49, 0xc5, 0x51, 0x88, 0x6a, 0x84, 0x49, 0x23, 0x41, 0x26, 0x6a,
        0x4a, 0x8b, 0x0c, 0xac, 0x8b, 0x93, 0x4b, 0x83, 0x8b, 0x93, 0x29, 0x83,
        0x0a, 0x7b, 0x68, 0x5a, 0x07, 0x52, 0x07, 0x52, 0xe7, 0x49, 0x41, 0x08,
        0x41, 0x08, 0x41, 0x08, 0x41, 0x08, 0x41, 0x08, 0xd1, 0xac, 0xd8, 0xf6,
        0x76, 0xee, 0x55, 0xee, 0xd2, 0xe5, 0x4f, 0xd5, 0x91, 0xdd, 0xb2, 0xdd,
        0x91, 0xdd, 0x91, 0xdd, 0x4f, 0xd5, 0x4f, 0xd5, 0x50, 0xd5, 0xee, 0xcc,
        0x70, 0xd5, 0x2f, 0xd5, 0x91, 0xd5, 0xb2, 0xdd, 0xee, 0xcc, 0x70, 0xd5,
        0xb2, 0xd5, 0x30, 0xcd, 0x50, 0xcd, 0xb2, 0xd5, 0xb2, 0xdd, 0x14, 0xde,
        0xb2, 0xd5, 0x50, 0xcd, 0x71, 0xd5, 0xef, 0xc4, 0x32, 0xc5, 0xd1, 0xac,
        0x41, 0x08, 0x20, 0x00, 0x41, 0x08, 0x41, 0x08, 0x41, 0x08, 0x20, 0x00,
        0x20, 0x00, 0x20, 0x00, 0x20, 0x00, 0x20, 0x00, 0x20, 0x00, 0x20, 0x00,
        0x20, 0x00, 0x20, 0x00, 0x20, 0x00, 0x20, 0x00, 0x20, 0x00, 0x41, 0x08,
        0x41, 0x08, 0x41, 0x08, 0x41, 0x08, 0x41, 0x08, 0x41, 0x08, 0x41, 0x08,
        0x41, 0x08, 0x0f, 0x94, 0xb8, 0xf6, 0x35, 0xe6, 0x34, 0xe6, 0x34, 0xe6,
        0x35, 0xe6, 0x34, 0xe6, 0xd2, 0xe5, 0x91, 0xdd, 0x4f, 0xd5, 0x2e, 0xd5,
        0x2f, 0xd5, 0x8c, 0xc4, 0xee, 0xcc, 0x2b, 0xbc, 0x68, 0xa3, 0xc9, 0xb3,
        0x4b, 0xbc, 0x4c, 0xbc, 0x09, 0xb4, 0x09, 0xb4, 0xc9, 0xb3, 0x4b, 0xbc,
        0x6b, 0xc4, 0x8c, 0xc4, 0xee, 0xcc, 0x2e, 0xd5, 0xcd, 0xcc, 0x4f, 0xd5,
        0x70, 0xd5, 0x91, 0xd5, 0xd2, 0xe5, 0xd8, 0xf6, 0xfa, 0xee, 0xf4, 0xac,
        0x65, 0x29, 0x65, 0x29, 0x08, 0x42, 0x08, 0x42, 0x08, 0x42, 0x00, 0x00,
        0x00, 0x00, 0x00, 0x00, 0x00, 0x00, 0x00, 0x00, 0x00, 0x00, 0x00, 0x00,
        0x00, 0x00, 0x00, 0x00, 0x00, 0x00, 0x00, 0x00, 0x00, 0x00, 0x00, 0x00,
        0x00, 0x00, 0x00, 0x00, 0x00, 0x00, 0x00, 0x00, 0x00, 0x00, 0x00, 0x00,
        0x00, 0x00, 0x00, 0x00, 0x00, 0x00, 0x00, 0x00, 0x00, 0x00, 0x00, 0x00,
        0x00, 0x00, 0x00, 0x00, 0x00, 0x00, 0x00, 0x00, 0x00, 0x00, 0x00, 0x00,
        0x00, 0x00, 0x00, 0x00, 0x00, 0x00, 0x00, 0x00, 0x00, 0x00, 0x00, 0x00,
        0x00, 0x00, 0x00, 0x00, 0x00, 0x00, 0x00, 0x00, 0x00, 0x00, 0x00, 0x00,
        0x00, 0x00, 0x00, 0x00, 0x00, 0x00, 0x00, 0x00, 0x00, 0x00, 0x00, 0x00,
        0x00, 0x00, 0x00, 0x00, 0x00, 0x00, 0x00, 0x00, 0xff, 0xff, 0xff, 0xff,
        0xff, 0xff, 0xff, 0xff, 0xff, 0xff, 0xff, 0xff, 0xff, 0xff, 0xff, 0xff,
        0xff, 0xff, 0xff, 0xff, 0x08, 0x42, 0x08, 0x42, 0xff, 0xff, 0xff, 0xff,
        0xff, 0xff, 0xff, 0xff, 0xff, 0xff, 0xff, 0xff, 0xff, 0xff, 0x08, 0x42,
        0x08, 0x42, 0x65, 0x29, 0x65, 0x29, 0xc3, 0x18, 0xc3, 0x18, 0xc3, 0x18,
        0xc3, 0x18, 0xc3, 0x18, 0xc3, 0x18, 0xc3, 0x18, 0xc3, 0x18, 0xc3, 0x18,
        0xc3, 0x18, 0xc3, 0x18, 0xc3, 0x18, 0xc3, 0x18, 0xa2, 0x10, 0xa2, 0x10,
        0xa2, 0x10, 0xa2, 0x10, 0xa2, 0x10, 0xa2, 0x10, 0xa2, 0x10, 0xa2, 0x10,
        0xa2, 0x10, 0xa2, 0x10, 0xa2, 0x10, 0xa2, 0x10, 0x82, 0x10, 0x82, 0x10,
        0x82, 0x10, 0x61, 0x08, 0x61, 0x08, 0x41, 0x08, 0x41, 0x08, 0x41, 0x08,
        0xa2, 0x10, 0x21, 0x08, 0x41, 0x08, 0xaa, 0x62, 0x75, 0xbd, 0x93, 0xcd,
        0x6f, 0xac, 0xcc, 0x93, 0xc9, 0x7a, 0x88, 0x6a, 0x88, 0x6a, 0x06, 0x5a,
        0xc5, 0x51, 0xc5, 0x51, 0xc5, 0x51, 0x23, 0x41, 0xe3, 0x30, 0x26, 0x6a,
        0xa7, 0x7a, 0x47, 0x6a, 0x06, 0x5a, 0xc5, 0x51, 0x68, 0x5a, 0x68, 0x5a,
        0x07, 0x52, 0x41, 0x08, 0x20, 0x00, 0x20, 0x00, 0x41, 0x08, 0x20, 0x00,
        0x41, 0x08, 0x41, 0x08, 0x41, 0x08, 0x41, 0x08, 0x0f, 0x94, 0x98, 0xe6,
        0x55, 0xee, 0x35, 0xe6, 0xf3, 0xe5, 0xf3, 0xe5, 0xd1, 0xe5, 0xd2, 0xe5,
        0x70, 0xdd, 0xcd, 0xcc, 0x50, 0xd5, 0x2f, 0xd5, 0xac, 0xc4, 0x91, 0xdd,
        0x0f, 0xcd, 0xac, 0xc4, 0x70, 0xd5, 0xb2, 0xdd, 0xce, 0xc4, 0x50, 0xcd,
        0x0f, 0xcd, 0x91, 0xd5, 0xad, 0xc4, 0x50, 0xcd, 0x91, 0xd5, 0x35, 0xe6,
        0x71, 0xd5, 0xef, 0xc4, 0x71, 0xd5, 0x10, 0xc5, 0x93, 0xcd, 0xd6, 0xcd,
        0xaa, 0x62, 0x20, 0x00, 0x20, 0x00, 0x41, 0x08, 0x41, 0x08, 0x41, 0x08,
        0x41, 0x08, 0x20, 0x00, 0x20, 0x00, 0x20, 0x00, 0x20, 0x00, 0x20, 0x00,
        0x20, 0x00, 0x20, 0x00, 0x20, 0x00, 0x20, 0x00, 0x41, 0x08, 0x41, 0x08,
        0x41, 0x08, 0x20, 0x00, 0x20, 0x00, 0x20, 0x00, 0x20, 0x00, 0x20, 0x00,
        0x20, 0x00, 0xd1, 0xac, 0x96, 0xee, 0x14, 0xe6, 0x55, 0xee, 0x35, 0xe6,
        0x34, 0xe6, 0xf3, 0xe5, 0xd2, 0xe5, 0x70, 0xdd, 0x70, 0xdd, 0xcd, 0xcc,
        0x2e, 0xd5, 0x8c, 0xc4, 0xac, 0xc4, 0xcd, 0xcc, 0x4b, 0xbc, 0xc9, 0xb3,
        0x09, 0xb4, 0xc9, 0xb3, 0x6b, 0xc4, 0xcc, 0xcc, 0x70, 0xdd, 0x0d, 0xd5,
        0x4f, 0xd5, 0x2e, 0xd5, 0x6b, 0xc4, 0x8c, 0xcc, 0xcc, 0xcc, 0x0d, 0xd5,
        0x70, 0xdd, 0x4f, 0xdd, 0xd2, 0xe5, 0xb7, 0xf6, 0xfa, 0xee, 0x08, 0x42,
        0xc3, 0x18, 0x65, 0x29, 0x08, 0x42, 0x08, 0x42, 0x08, 0x42, 0xff, 0xff,
        0x00, 0x00, 0x00, 0x00, 0x00, 0x00, 0x00, 0x00, 0x00, 0x00, 0x00, 0x00,
        0x00, 0x00, 0x00, 0x00, 0x00, 0x00, 0x00, 0x00, 0x00, 0x00, 0x00, 0x00,
        0x00, 0x00, 0x00, 0x00, 0x00, 0x00, 0x00, 0x00, 0x00, 0x00, 0x00, 0x00,
        0x00, 0x00, 0x00, 0x00, 0x00, 0x00, 0x00, 0x00, 0x00, 0x00, 0x00, 0x00,
        0x00, 0x00, 0x00, 0x00, 0x00, 0x00, 0x00, 0x00, 0x00, 0x00, 0x00, 0x00,
        0x00, 0x00, 0x00, 0x00, 0x00, 0x00, 0x00, 0x00, 0x00, 0x00, 0x00, 0x00,
        0x00, 0x00, 0x00, 0x00, 0x00, 0x00, 0x00, 0x00, 0x00, 0x00, 0x00, 0x00,
        0x00, 0x00, 0x00, 0x00, 0x00, 0x00, 0x00, 0x00, 0x00, 0x00, 0x00, 0x00,
        0x00, 0x00, 0x00, 0x00, 0x00, 0x00, 0x00, 0x00, 0xff, 0xff, 0xff, 0xff,
        0xff, 0xff, 0xff, 0xff, 0xff, 0xff, 0xff, 0xff, 0xff, 0xff, 0xff, 0xff,
        0xff, 0xff, 0xff, 0xff, 0x08, 0x42, 0x08, 0x42, 0xff, 0xff, 0xff, 0xff,
        0xff, 0xff, 0xff, 0xff, 0xff, 0xff, 0xff, 0xff, 0xff, 0xff, 0xff, 0xff,
        0xff, 0xff, 0x08, 0x42, 0x65, 0x29, 0x65, 0x29, 0x65, 0x29, 0x65, 0x29,
        0xc3, 0x18, 0x65, 0x29, 0x65, 0x29, 0xc3, 0x18, 0xc3, 0x18, 0x65, 0x29,
        0x65, 0x29, 0xc3, 0x18, 0xc3, 0x18, 0xc3, 0x18, 0xc3, 0x18, 0xc3, 0x18,
        0xa2, 0x10, 0xa2, 0x10, 0xa2, 0x10, 0xa2, 0x10, 0xa2, 0x10, 0xa2, 0x10,
        0xc3, 0x18, 0xa2, 0x10, 0xa2, 0x10, 0xa2, 0x10, 0xa2, 0x10, 0x82, 0x10,
        0x82, 0x10, 0x82, 0x10, 0x61, 0x08, 0x61, 0x08, 0x61, 0x08, 0x61, 0x08,
        0x41, 0x08, 0xa2, 0x10, 0x21, 0x08, 0x41, 0x08, 0x41, 0x08, 0xaa, 0x62,
        0x4b, 0x7b, 0x07, 0x52, 0x07, 0x52, 0x07, 0x52, 0x07, 0x52, 0xe7, 0x49,
        0xe7, 0x49, 0xe7, 0x49, 0x41, 0x08, 0x07, 0x52, 0x07, 0x52, 0xe7, 0x49,
        0xe7, 0x49, 0x41, 0x08, 0x41, 0x08, 0x20, 0x00, 0x41, 0x08, 0x20, 0x00,
        0x20, 0x00, 0x41, 0x08, 0x41, 0x08, 0x41, 0x08, 0x41, 0x08, 0x41, 0x08,
        0x41, 0x08, 0x20, 0x00, 0x20, 0x00, 0x20, 0x00, 0x0f, 0x94, 0x98, 0xe6,
        0x55, 0xee, 0x34, 0xe6, 0x14, 0xe6, 0xd2, 0xe5, 0x34, 0xe6, 0xd2, 0xe5,
        0xcc, 0xcc, 0x2e, 0xd5, 0x70, 0xdd, 0x8c, 0xcc, 0x50, 0xd5, 0x4f, 0xd5,
        0x2b, 0xbc, 0xcd, 0xcc, 0xd2, 0xe5, 0x70, 0xd5, 0x0f, 0xcd, 0x0f, 0xcd,
        0x0f, 0xcd, 0xb2, 0xdd, 0xcd, 0xcc, 0x50, 0xcd, 0x50, 0xcd, 0xf4, 0xdd,
        0xb2, 0xd5, 0xce, 0xc4, 0xef, 0xc4, 0x10, 0xc5, 0xf0, 0xbc, 0x95, 0xbd,
        0x0f, 0x94, 0x41, 0x08, 0x20, 0x00, 0x20, 0x00, 0x41, 0x08, 0x41, 0x08,
        0x41, 0x08, 0x41, 0x08, 0x41, 0x08, 0x41, 0x08, 0x41, 0x08, 0x41, 0x08,
        0x20, 0x00, 0x20, 0x00, 0x20, 0x00, 0x41, 0x08, 0x41, 0x08, 0x41, 0x08,
        0x20, 0x00, 0x20, 0x00, 0x20, 0x00, 0x20, 0x00, 0x41, 0x08, 0x41, 0x08,
        0x41, 0x08, 0x16, 0xd6, 0x54, 0xee, 0x34, 0xe6, 0x55, 0xee, 0x14, 0xe6,
        0x34, 0xe6, 0xf3, 0xe5, 0x4f, 0xd5, 0x8c, 0xcc, 0x4f, 0xd5, 0x2b, 0xbc,
        0x6b, 0xc4, 0xea, 0xab, 0x68, 0xa3, 0x2b, 0xbc, 0xa9, 0xab, 0xa9, 0xab,
        0xc9, 0xb3, 0x09, 0xb4, 0xcc, 0xcc, 0xcc, 0xcc, 0x0d, 0xd5, 0x90, 0xe5,
        0x70, 0xdd, 0x8c, 0xcc, 0xcc, 0xcc, 0xcc, 0xcc, 0xcc, 0xcc, 0xd1, 0xe5,
        0x90, 0xe5, 0xd1, 0xe5, 0x14, 0xee, 0x95, 0xf6, 0xd9, 0xee, 0x5c, 0xf7,
        0xc3, 0x18, 0x65, 0x29, 0x08, 0x42, 0x08, 0x42, 0x08, 0x42, 0x08, 0x42,
        0x00, 0x00, 0x00, 0x00, 0x00, 0x00, 0x00, 0x00, 0x00, 0x00, 0x00, 0x00,
        0x00, 0x00, 0x00, 0x00, 0x00, 0x00, 0x00, 0x00, 0x00, 0x00, 0x00, 0x00,
        0x00, 0x00, 0x00, 0x00, 0x00, 0x00, 0x00, 0x00, 0x00, 0x00, 0x00, 0x00,
        0x00, 0x00, 0x00, 0x00, 0x00, 0x00, 0x00, 0x00, 0x00, 0x00, 0x00, 0x00,
        0x00, 0x00, 0x00, 0x00, 0x00, 0x00, 0x00, 0x00, 0x00, 0x00, 0x00, 0x00,
        0x00, 0x00, 0x00, 0x00, 0x00, 0x00, 0x00, 0x00, 0x00, 0x00, 0x00, 0x00,
        0x00, 0x00, 0x00, 0x00, 0x00, 0x00, 0x00, 0x00, 0x00, 0x00, 0x00, 0x00,
        0x00, 0x00, 0x00, 0x00, 0x00, 0x00, 0x00, 0x00, 0x00, 0x00, 0x00, 0x00,
        0x00, 0x00, 0x00, 0x00, 0x00, 0x00, 0x00, 0x00, 0xff, 0xff, 0xff, 0xff,
        0xff, 0xff, 0xff, 0xff, 0xff, 0xff, 0xff, 0xff, 0xff, 0xff, 0xff, 0xff,
        0xff, 0xff, 0xff, 0xff, 0x08, 0x42, 0xff, 0xff, 0xff, 0xff, 0xff, 0xff,
        0xff, 0xff, 0xff, 0xff, 0xff, 0xff, 0xff, 0xff, 0xff, 0xff, 0xff, 0xff,
        0xff, 0xff, 0xff, 0xff, 0x08, 0x42, 0x08, 0x42, 0x65, 0x29, 0x65, 0x29,
        0x65, 0x29, 0x65, 0x01, 0x65, 0x29, 0x65, 0x29, 0x65, 0x29, 0x08, 0x42,
        0x65, 0x29, 0x65, 0x29, 0xc3, 0x18, 0xc3, 0x18, 0xc3, 0x18, 0xc3, 0x18,
        0xc3, 0x18, 0xc3, 0x18, 0xc3, 0x18, 0xc3, 0x18, 0xc3, 0x18, 0xc3, 0x18,
        0xc3, 0x18, 0xc3, 0x18, 0xc3, 0x18, 0xa2, 0x10, 0xa2, 0x10, 0xa2, 0x10,
        0xa2, 0x10, 0x82, 0x10, 0x82, 0x10, 0x82, 0x10, 0x82, 0x10, 0x82, 0x10,
        0x61, 0x08, 0x61, 0x08, 0x41, 0x08, 0xa2, 0x10, 0x21, 0x08, 0x21, 0x08,
        0x41, 0x08, 0x41, 0x08, 0x41, 0x08, 0x41, 0x08, 0x21, 0x08, 0x41, 0x08,
        0x41, 0x08, 0x21, 0x08, 0x21, 0x08, 0x21, 0x08, 0x21, 0x08, 0x21, 0x08,
        0x21, 0x08, 0x21, 0x08, 0x41, 0x08, 0x41, 0x08, 0x41, 0x08, 0x41, 0x08,
        0x41, 0x08, 0x21, 0x08, 0x21, 0x08, 0x21, 0x08, 0x21, 0x08, 0x41, 0x08,
        0x41, 0x08, 0x20, 0x00, 0x41, 0x08, 0x20, 0x00, 0x0f, 0x94, 0x57, 0xde,
        0x55, 0xee, 0x35, 0xe6, 0xf3, 0xe5, 0xf3, 0xe5, 0xf3, 0xe5, 0x4f, 0xd5,
        0x50, 0xd5, 0x70, 0xdd, 0x70, 0xdd, 0x91, 0xdd, 0x70, 0xdd, 0xac, 0xc4,
        0xee, 0xcc, 0xd2, 0xe5, 0xb2, 0xdd, 0x2f, 0xd5, 0x2e, 0xd5, 0xee, 0xcc,
        0x70, 0xd5, 0x91, 0xd5, 0xce, 0xc4, 0x30, 0xcd, 0x71, 0xd5, 0xb2, 0xd5,
        0xd3, 0xdd, 0xce, 0xc4, 0x8d, 0xbc, 0xae, 0xbc, 0xae, 0xbc, 0xf0, 0xbc,
        0xf2, 0xb4, 0xaa, 0x62, 0x41, 0x08, 0x20, 0x00, 0x20, 0x00, 0x20, 0x00,
        0x41, 0x08, 0x41, 0x08, 0x41, 0x08, 0x41, 0x08, 0x41, 0x08, 0x41, 0x08,
        0x41, 0x08, 0x41, 0x08, 0x41, 0x08, 0x41, 0x08, 0x20, 0x00, 0x20, 0x00,
        0x20, 0x00, 0x20, 0x00, 0x41, 0x08, 0x41, 0x08, 0x41, 0x08, 0x41, 0x08,
        0xaa, 0x62, 0xf4, 0xdd, 0x34, 0xe6, 0x14, 0xe6, 0x34, 0xe6, 0xb2, 0xdd,
        0x14, 0xe6, 0x91, 0xdd, 0x2e, 0xd5, 0x09, 0xb4, 0x8c, 0xcc, 0x8c, 0xc4,
        0x68, 0xa3, 0xc6, 0x8a, 0x07, 0x9b, 0xc9, 0xb3, 0x09, 0xb4, 0x8c, 0xcc,
        0x29, 0xc4, 0x6a, 0xcc, 0x2e, 0xd5, 0x4f, 0xdd, 0x4f, 0xdd, 0x4f, 0xdd,
        0x70, 0xdd, 0x0d, 0xd5, 0x4b, 0xbc, 0xac, 0xc4, 0x70, 0xdd, 0xf3, 0xed,
        0x54, 0xee, 0x14, 0xee, 0x75, 0xf6, 0xb7, 0xf6, 0xd8, 0xf6, 0xf9, 0xf6,
        0xfa, 0xee, 0xc3, 0x18, 0x65, 0x29, 0x65, 0x29, 0x08, 0x42, 0x08, 0x42,
        0xff, 0xff, 0x00, 0x00, 0x00, 0x00, 0x00, 0x00, 0x00, 0x00, 0x00, 0x00,
        0x00, 0x00, 0x00, 0x00, 0x00, 0x00, 0x00, 0x00, 0x00, 0x00, 0x00, 0x00,
        0x00, 0x00, 0x00, 0x00, 0x00, 0x00, 0x00, 0x00, 0x00, 0x00, 0x00, 0x00,
        0x00, 0x00, 0x00, 0x00, 0x00, 0x00, 0x00, 0x00, 0x00, 0x00, 0x00, 0x00,
        0x00, 0x00, 0x00, 0x00, 0x00, 0x00, 0x00, 0x00, 0x00, 0x00, 0x00, 0x00,
        0x00, 0x00, 0x00, 0x00, 0x00, 0x00, 0x00, 0x00, 0x00, 0x00, 0x00, 0x00,
        0x00, 0x00, 0x00, 0x00, 0x00, 0x00, 0x00, 0x00, 0x00, 0x00, 0x00, 0x00,
        0x00, 0x00, 0x00, 0x00, 0x00, 0x00, 0x00, 0x00, 0x00, 0x00, 0x00, 0x00,
        0x00, 0x00, 0x00, 0x00, 0x00, 0x00, 0xff, 0xff, 0xff, 0xff, 0xff, 0xff,
        0xff, 0xff, 0xff, 0xff, 0xff, 0xff, 0xff, 0xff, 0xff, 0xff, 0xff, 0xff,
        0xff, 0xff, 0xff, 0xff, 0x08, 0x42, 0xff, 0xff, 0xff, 0xff, 0xff, 0xff,
        0xff, 0xff, 0xff, 0xff, 0xff, 0xff, 0xff, 0xff, 0xff, 0xff, 0xff, 0xff,
        0xff, 0xff, 0xff, 0xff, 0xff, 0xff, 0xff, 0xff, 0xff, 0xff, 0x08, 0x42,
        0x08, 0x42, 0x08, 0x42, 0x08, 0x42, 0x08, 0x42, 0x08, 0x42, 0x65, 0x29,
        0x65, 0x29, 0x65, 0x29, 0xc3, 0x18, 0xc3, 0x18, 0xc3, 0x18, 0xc3, 0x18,
        0xc3, 0x18, 0xc3, 0x18, 0xc3, 0x18, 0xc3, 0x18, 0xc3, 0x18, 0xc3, 0x18,
        0xc3, 0x18, 0xc3, 0x18, 0xc3, 0x18, 0xc3, 0x18, 0xa2, 0x10, 0xa2, 0x10,
        0xa2, 0x10, 0xa2, 0x10, 0xa2, 0x10, 0xa2, 0x10, 0xa2, 0x10, 0xa2, 0x10,
        0x82, 0x10, 0x82, 0x10, 0x61, 0x08, 0x61, 0x08, 0x41, 0x08, 0x41, 0x08,
        0xa2, 0x10, 0x41, 0x08, 0xa2, 0x10, 0xa2, 0x10, 0xa2, 0x10, 0xa2, 0x10,
        0xa2, 0x10, 0xa2, 0x10, 0xa2, 0x10, 0xa2, 0x10, 0xa2, 0x10, 0x41, 0x08,
        0xa2, 0x10, 0xa2, 0x10, 0xa2, 0x10, 0xa2, 0x10, 0xa2, 0x10, 0xa2, 0x10,
        0x41, 0x08, 0x41, 0x08, 0x41, 0x08, 0x41, 0x08, 0xa2, 0x10, 0xa2, 0x10,
        0x21, 0x08, 0x41, 0x08, 0x20, 0x00, 0xaa, 0x5a, 0x54, 0xbd, 0x98, 0xe6,
        0x97, 0xee, 0x35, 0xe6, 0x34, 0xe6, 0xf3, 0xe5, 0x91, 0xdd, 0x2e, 0xd5,
        0xee, 0xcc, 0x4f, 0xd5, 0x70, 0xdd, 0xee, 0xcc, 0xee, 0xcc, 0xcd, 0xcc,
        0x50, 0xd5, 0x70, 0xd5, 0xee, 0xcc, 0xac, 0xc4, 0xcd, 0xcc, 0x2f, 0xd5,
        0x0f, 0xcd, 0x30, 0xcd, 0xce, 0xc4, 0x70, 0xd5, 0x0f, 0xcd, 0x70, 0xd5,
        0x34, 0xe6, 0x71, 0xd5, 0xce, 0xc4, 0xce, 0xc4, 0xae, 0xbc, 0xcf, 0xbc,
        0x11, 0xc5, 0xd1, 0xac, 0x41, 0x08, 0x41, 0x08, 0x20, 0x00, 0x20, 0x00,
        0x20, 0x00, 0x20, 0x00, 0x41, 0x08, 0x20, 0x00, 0x41, 0x08, 0x41, 0x08,
        0x41, 0x08, 0x41, 0x08, 0x20, 0x00, 0x41, 0x08, 0x20, 0x00, 0x20, 0x00,
        0x20, 0x00, 0x41, 0x08, 0x41, 0x08, 0x41, 0x08, 0x41, 0x08, 0x41, 0x08,
        0xe7, 0x49, 0x35, 0xde, 0x14, 0xe6, 0xd3, 0xdd, 0xb2, 0xdd, 0x91, 0xdd,
        0x91, 0xdd, 0x0d, 0xd5, 0xcc, 0xcc, 0x09, 0xb4, 0x09, 0xb4, 0x29, 0xc4,
        0x68, 0xa3, 0xc6, 0x8a, 0x6b, 0xc4, 0x8c, 0xcc, 0xcc, 0xcc, 0x4f, 0xdd,
        0x2e, 0xd5, 0x8c, 0xcc, 0xcc, 0xcc, 0x0d, 0xd5, 0x70, 0xdd, 0x90, 0xe5,
        0x90, 0xe5, 0xcd, 0xcc, 0xc9, 0xb3, 0x2b, 0xbc, 0x4f, 0xd5, 0x14, 0xee,
        0x55, 0xee, 0x95, 0xf6, 0x96, 0xf6, 0x95, 0xf6, 0x96, 0xf6, 0x96, 0xf6,
        0x39, 0xff, 0x1b, 0xf7, 0x00, 0x00, 0x65, 0x29, 0x65, 0x29, 0x08, 0x42,
        0x08, 0x02, 0x00, 0x00, 0x00, 0x00, 0x00, 0x00, 0x00, 0x00, 0x00, 0x00,
        0x00, 0x00, 0x00, 0x00, 0x00, 0x00, 0x00, 0x00, 0x00, 0x00, 0x00, 0x00,
        0x00, 0x00, 0x00, 0x00, 0x00, 0x00, 0x00, 0x00, 0x00, 0x00, 0x00, 0x00,
        0x00, 0x00, 0x00, 0x00, 0x00, 0x00, 0x00, 0x00, 0x00, 0x00, 0x00, 0x00,
        0x00, 0x00, 0x00, 0x00, 0x00, 0x00, 0x00, 0x00, 0x00, 0x00, 0x00, 0x00,
        0x00, 0x00, 0x00, 0x00, 0x00, 0x00, 0x00, 0x00, 0x00, 0x00, 0x00, 0x00,
        0x00, 0x00, 0x00, 0x00, 0x00, 0x00, 0x00, 0x00, 0x00, 0x00, 0x00, 0x00,
        0x00, 0x00, 0x00, 0x00, 0x00, 0x00, 0x00, 0x00, 0x00, 0x00, 0x00, 0x00,
        0x00, 0x00, 0x00, 0x00, 0x00, 0x00, 0x00, 0x00, 0xff, 0xff, 0xff, 0xff,
        0xff, 0xff, 0xff, 0xff, 0xff, 0xff, 0xff, 0xff, 0xff, 0xff, 0xff, 0xff,
        0xff, 0xff, 0xff, 0xff, 0xff, 0xff, 0xff, 0xff, 0xff, 0xff, 0xff, 0xff,
        0xff, 0xff, 0xff, 0xff, 0xff, 0xff, 0xff, 0xff, 0xff, 0xff, 0xff, 0xff,
        0xff, 0xff, 0xff, 0xff, 0xff, 0xff, 0xff, 0xff, 0xff, 0xff, 0xff, 0xff,
        0x08, 0x42, 0x08, 0x42, 0x08, 0x42, 0x08, 0x42, 0x08, 0x42, 0x65, 0x29,
        0x65, 0x29, 0x65, 0x29, 0x65, 0x29, 0x65, 0x29, 0xc3, 0x18, 0xc3, 0x18,
        0xc3, 0x18, 0xc3, 0x18, 0xc3, 0x18, 0xc3, 0x18, 0xc3, 0x18, 0xc3, 0x18,
        0xc3, 0x18, 0xc3, 0x18, 0xc3, 0x18, 0xc3, 0x18, 0xc3, 0x18, 0xc3, 0x18,
        0xc3, 0x18, 0xc3, 0x18, 0xc3, 0x18, 0xc3, 0x18, 0xc3, 0x18, 0xc3, 0x18,
        0xa2, 0x38, 0xa2, 0x10, 0x82, 0x10, 0x82, 0x10, 0x82, 0x10, 0x61, 0x08,
        0x61, 0x08, 0x61, 0x08, 0x61, 0x08, 0x61, 0x08, 0x61, 0x08, 0x61, 0x08,
        0x61, 0x08, 0x61, 0x08, 0x61, 0x08, 0x61, 0x08, 0x61, 0x08, 0x61, 0x08,
        0x61, 0x08, 0x61, 0x08, 0x61, 0x08, 0x41, 0x08, 0x41, 0x08, 0x61, 0x08,
        0x61, 0x08, 0x61, 0x08, 0x61, 0x08, 0x61, 0x08, 0x61, 0x08, 0x41, 0x08,
        0xa2, 0x10, 0x21, 0x08, 0x41, 0x08, 0xaa, 0x5a, 0xd6, 0xcd, 0xd8, 0xee,
        0x97, 0xee, 0xd2, 0xe5, 0xd2, 0xe5, 0x70, 0xdd, 0x0d, 0xd5, 0xcd, 0xcc,
        0x2e, 0xd5, 0x2e, 0xd5, 0x8c, 0xc4, 0xcd, 0xcc, 0xac, 0xc4, 0xcd, 0xcc,
        0xcd, 0xcc, 0x8c, 0xc4, 0xac, 0xc4, 0x2b, 0xbc, 0xcd, 0xcc, 0xcd, 0xcc,
        0xac, 0xc4, 0xad, 0xc4, 0xcd, 0xcc, 0x0f, 0xcd, 0xce, 0xc4, 0x50, 0xcd,
        0xd3, 0xdd, 0xd3, 0xdd, 0x4c, 0xbc, 0x51, 0xcd, 0x30, 0xcd, 0xef, 0xc4,
        0xcf, 0xbc, 0x4f, 0xa4, 0xaa, 0x62, 0x41, 0x08, 0x20, 0x00, 0x20, 0x00,
        0x20, 0x00, 0x20, 0x00, 0x20, 0x00, 0x20, 0x00, 0x20, 0x00, 0x41, 0x08,
        0x20, 0x00, 0x41, 0x08, 0x20, 0x00, 0x20, 0x00, 0x20, 0x00, 0x20, 0x00,
        0x41, 0x08, 0x41, 0x08, 0x41, 0x08, 0x41, 0x08, 0x41, 0x08, 0x41, 0x08,
        0xe7, 0x49, 0x15, 0xde, 0xb2, 0xdd, 0xd3, 0xdd, 0x2f, 0xd5, 0x50, 0xd5,
        0xcc, 0xcc, 0x6b, 0xc4, 0x6b, 0xc4, 0x29, 0xc4, 0xc9, 0xbb, 0x09, 0xb4,
        0x09, 0xb4, 0x87, 0xb3, 0x29, 0xc4, 0x2e, 0xd5, 0xcd, 0xcc, 0x8c, 0xcc,
        0x8c, 0xcc, 0x6b, 0xc4, 0x6b, 0xc4, 0x0d, 0xd5, 0x8f, 0xe5, 0x90, 0xe5,
        0x33, 0xf6, 0x75, 0xf6, 0xd2, 0xe5, 0x8c, 0xc4, 0xac, 0xc4, 0xf3, 0xed,
        0xd8, 0xf6, 0xd8, 0xf6, 0xd8, 0xf6, 0xb7, 0xf6, 0x96, 0xf6, 0x96, 0xee,
        0x76, 0xee, 0xd9, 0xee, 0x1b, 0xf7, 0xc3, 0x18, 0x65, 0x29, 0x65, 0x29,
        0x08, 0x42, 0xff, 0xff, 0xff, 0xff, 0x00, 0x00, 0x00, 0x00, 0x00, 0x00,
        0x00, 0x00, 0x00, 0x00, 0x00, 0x00, 0x00, 0x00, 0x00, 0x00, 0x00, 0x00,
        0x00, 0x00, 0x00, 0x00, 0x00, 0x00, 0x00, 0x00, 0x00, 0x00, 0x00, 0x00,
        0x00, 0x00, 0x00, 0x00, 0x00, 0x00, 0x00, 0x00, 0x00, 0x00, 0x00, 0x00,
        0x00, 0x00, 0x00, 0x00, 0x00, 0x00, 0x00, 0x00, 0x00, 0x00, 0x00, 0x00,
        0x00, 0x00, 0x00, 0x00, 0x00, 0x00, 0x00, 0x00, 0x00, 0x00, 0x00, 0x00,
        0x00, 0x00, 0x00, 0x00, 0x00, 0x00, 0x00, 0x00, 0x00, 0x00, 0x00, 0x00,
        0x00, 0x00, 0x00, 0x00, 0x00, 0x00, 0x00, 0x00, 0x00, 0x00, 0x00, 0x00,
        0x00, 0x00, 0x00, 0x00, 0x00, 0x00, 0x00, 0x00, 0xff, 0xff, 0xff, 0xff,
        0xff, 0xff, 0xff, 0xff, 0xff, 0xff, 0xff, 0xff, 0xff, 0xff, 0xff, 0xff,
        0xff, 0xff, 0xff, 0xff, 0xff, 0xff, 0xff, 0xff, 0xff, 0xff, 0xff, 0xff,
        0xff, 0xff, 0xff, 0xff, 0xff, 0xff, 0xff, 0xff, 0xff, 0xff, 0xff, 0xff,
        0xff, 0xff, 0xff, 0xff, 0xff, 0xff, 0xff, 0xff, 0xff, 0xff, 0xff, 0xff,
        0xff, 0xff, 0xff, 0xff, 0xff, 0xff, 0x08, 0x42, 0x08, 0x42, 0x08, 0x42,
        0x08, 0x42, 0x65, 0x29, 0x65, 0x29, 0x65, 0x29, 0x65, 0x29, 0x65, 0x29,
        0xc3, 0x18, 0xc3, 0x18, 0xc3, 0x18, 0xc3, 0x18, 0x65, 0x29, 0x65, 0x29,
        0xc3, 0x18, 0x65, 0x29, 0x65, 0x29, 0xc3, 0x18, 0xc3, 0x18, 0xc3, 0x18,
        0xc3, 0x18, 0xc3, 0x18, 0xc3, 0x18, 0xc3, 0x18, 0xc3, 0x18, 0xc3, 0x18,
        0xc3, 0x18, 0xc3, 0x18, 0xa2, 0x10, 0xa2, 0x10, 0xa2, 0x10, 0x82, 0x10,
        0x82, 0x10, 0x82, 0x10, 0x82, 0x10, 0x61, 0x08, 0x82, 0x10, 0x82, 0x10,
        0x82, 0x10, 0x82, 0x10, 0x82, 0x10, 0x82, 0x10, 0x82, 0x10, 0x82, 0x10,
        0x61, 0x08, 0x61, 0x08, 0x61, 0x08, 0x61, 0x08, 0x61, 0x08, 0x82, 0x10,
        0x82, 0x10, 0x82, 0x10, 0x82, 0x10, 0x02, 0x10, 0x82, 0x10, 0x61, 0x08,
        0x41, 0x08, 0xa2, 0x10, 0x21, 0x08, 0x50, 0x9c, 0x16, 0xd6, 0x98, 0xe6,
        0x14, 0xe6, 0x91, 0xdd, 0x91, 0xdd, 0x70, 0xdd, 0x4f, 0xd5, 0x2e, 0xd5,
        0xac, 0xc4, 0x2b, 0xbc, 0xac, 0xc4, 0x4b, 0xbc, 0x09, 0xb4, 0xc9, 0xb3,
        0x4b, 0xbc, 0xac, 0xc4, 0x6b, 0xc4, 0x8c, 0xc4, 0x2b, 0xbc, 0xcd, 0xcc,
        0x4b, 0xbc, 0x4b, 0xbc, 0xee, 0xcc, 0xcd, 0xcc, 0xee, 0xcc, 0x8c, 0xc4,
        0x70, 0xd5, 0x34, 0xe6, 0xad, 0xc4, 0xce, 0xc4, 0x30, 0xcd, 0xce, 0xc4,
        0x10, 0xc5, 0x4f, 0xa4, 0x4b, 0x7b, 0x41, 0x08, 0x41, 0x08, 0x20, 0x00,
        0x20, 0x00, 0x20, 0x00, 0x20, 0x00, 0x20, 0x00, 0x20, 0x00, 0x20, 0x00,
        0x20, 0x00, 0x20, 0x00, 0x41, 0x08, 0x20, 0x00, 0x20, 0x00, 0x20, 0x00,
        0x41, 0x08, 0x41, 0x08, 0x41, 0x08, 0x41, 0x08, 0x41, 0x08, 0x41, 0x08,
        0xe7, 0x49, 0xb3, 0xd5, 0xd2, 0xe5, 0x71, 0xd5, 0xac, 0xc4, 0x2f, 0xd5,
        0xcc, 0xcc, 0x29, 0xc4, 0x6b, 0xc4, 0x8c, 0xcc, 0x29, 0xc4, 0x6b, 0xc4,
        0x29, 0xc4, 0xc9, 0xb3, 0x09, 0xb4, 0x8c, 0xcc, 0x8c, 0xcc, 0xac, 0xc4,
        0x6b, 0xc4, 0xcc, 0xcc, 0xcc, 0xcc, 0xcc, 0xcc, 0x90, 0xe5, 0xf3, 0xed,
        0x54, 0xee, 0x76, 0xee, 0x39, 0xff, 0xb2, 0xd5, 0x2b, 0xbc, 0x54, 0xee,
        0xf8, 0xfe, 0x39, 0xff, 0x1a, 0xf7, 0xf9, 0xf6, 0xd8, 0xee, 0xb7, 0xf6,
        0xd3, 0xdd, 0x14, 0xe6, 0xf9, 0xf6, 0x5c, 0xf7, 0x65, 0x29, 0xc3, 0x18,
        0x65, 0x29, 0x08, 0x42, 0xff, 0xff, 0xff, 0xff, 0xff, 0xff, 0x00, 0x00,
        0x00, 0x00, 0x00, 0x00, 0x00, 0x00, 0x00, 0x00, 0x00, 0x00, 0x00, 0x00,
        0x00, 0x00, 0x00, 0x00, 0x00, 0x00, 0x00, 0x00, 0x00, 0x00, 0x00, 0x00,
        0x00, 0x00, 0x00, 0x00, 0x00, 0x00, 0x00, 0x00, 0x00, 0x00, 0x00, 0x00,
        0x00, 0x00, 0x00, 0x00, 0x00, 0x00, 0x00, 0x00, 0x00, 0x00, 0x00, 0x00,
        0x00, 0x00, 0x00, 0x00, 0x00, 0x00, 0x00, 0x00, 0x00, 0x00, 0x00, 0x00,
        0x00, 0x00, 0x00, 0x00, 0x00, 0x00, 0x00, 0x00, 0x00, 0x00, 0x00, 0x00,
        0x00, 0x00, 0x00, 0x00, 0x00, 0x00, 0x00, 0x00, 0x00, 0x00, 0x00, 0x00,
        0x00, 0x00, 0x00, 0x00, 0x00, 0x00, 0x00, 0x00, 0xff, 0xff, 0x00, 0x00,
        0x00, 0x00, 0xff, 0xff, 0xff, 0xff, 0xff, 0xff, 0xff, 0xff, 0xff, 0xff,
        0xff, 0xff, 0xff, 0xff, 0xff, 0xff, 0xff, 0xff, 0xff, 0xff, 0xff, 0xff,
        0xff, 0xff, 0xff, 0xff, 0xff, 0xff, 0xff, 0xff, 0xff, 0xff, 0xff, 0xff,
        0xff, 0xff, 0xff, 0xff, 0xff, 0xff, 0xff, 0xff, 0xff, 0xff, 0xff, 0xff,
        0xff, 0xff, 0xff, 0xff, 0xff, 0xff, 0x08, 0x42, 0x08, 0x42, 0x08, 0x42,
        0x08, 0x42, 0x08, 0x42, 0x65, 0x29, 0x65, 0x29, 0x65, 0x29, 0x65, 0x29,
        0x65, 0x29, 0x65, 0x29, 0x65, 0x29, 0xc3, 0x18, 0x65, 0x29, 0x65, 0x29,
        0x65, 0x29, 0x65, 0x29, 0x65, 0x29, 0x65, 0x29, 0xc3, 0x18, 0xc3, 0x18,
        0xc3, 0x18, 0xc3, 0x18, 0xc3, 0x18, 0xc3, 0x18, 0xc3, 0x18, 0xc3, 0x18,
        0xc3, 0x18, 0xc3, 0x18, 0xc3, 0x18, 0xa2, 0x10, 0xa2, 0x10, 0xa2, 0x10,
        0x82, 0x10, 0x82, 0x10, 0x82, 0x10, 0x82, 0x10, 0x82, 0x10, 0x82, 0x10,
        0x82, 0x10, 0x82, 0x10, 0x82, 0x10, 0x82, 0x10, 0x82, 0x10, 0x82, 0x10,
        0x82, 0x10, 0x61, 0x08, 0x61, 0x08, 0x61, 0x08, 0x82, 0x10, 0x82, 0x10,
        0x82, 0x10, 0xa2, 0x10, 0xa2, 0x10, 0xa2, 0x10, 0x82, 0x10, 0x82, 0x10,
        0x61, 0x08, 0x41, 0x08, 0x21, 0x08, 0x50, 0x9c, 0x57, 0xde, 0x35, 0xe6,
        0xd2, 0xe5, 0x70, 0xdd, 0x50, 0xd5, 0x50, 0xd5, 0xac, 0xc4, 0x6b, 0xc4,
        0x6b, 0xc4, 0x2b, 0xbc, 0x09, 0xb4, 0x4b, 0xbc, 0x09, 0xb4, 0xac, 0xc4,
        0xac, 0xc4, 0xac, 0xc4, 0x6b, 0xc4, 0xc9, 0xb3, 0xc9, 0xb3, 0x8c, 0xc4,
        0x09, 0xb4, 0x2b, 0xbc, 0xac, 0xc4, 0xee, 0xcc, 0xac, 0xc4, 0xac, 0xc4,
        0x2e, 0xd5, 0xb2, 0xdd, 0xb2, 0xd5, 0xac, 0xc4, 0xce, 0xc4, 0xce, 0xc4,
        0xef, 0xc4, 0xf2, 0xb4, 0x4b, 0x7b, 0xe7, 0x49, 0x41, 0x08, 0x20, 0x00,
        0x20, 0x00, 0x20, 0x00, 0x20, 0x00, 0x20, 0x00, 0x20, 0x00, 0x20, 0x00,
        0x20, 0x00, 0x41, 0x08, 0x20, 0x00, 0x20, 0x00, 0x20, 0x00, 0x20, 0x00,
        0x41, 0x08, 0x41, 0x08, 0x41, 0x08, 0x41, 0x08, 0x41, 0x08, 0x41, 0x08,
        0xe7, 0x49, 0x36, 0xe6, 0xf4, 0xdd, 0x50, 0xcd, 0xee, 0xcc, 0xcd, 0xcc,
        0x8c, 0xcc, 0x6b, 0xc4, 0x29, 0xc4, 0x8c, 0xcc, 0x0d, 0xd5, 0x0d, 0xd5,
        0x0d, 0xd5, 0xc9, 0xb3, 0x07, 0x9b, 0x48, 0x9b, 0xea, 0xab, 0x4b, 0xbc,
        0x09, 0xb4, 0x6b, 0xc4, 0xcc, 0xcc, 0x4f, 0xd5, 0x2e, 0xd5, 0xee, 0xcc,
        0xd2, 0xe5, 0xf3, 0xe5, 0x35, 0xe6, 0xb8, 0xf6, 0xb2, 0xd5, 0x70, 0xd5,
        0x35, 0xe6, 0xb7, 0xf6, 0xf9, 0xf6, 0xf9, 0xf6, 0xd8, 0xf6, 0xb8, 0xf6,
        0x96, 0xee, 0x70, 0xd5, 0x34, 0xe6, 0xd9, 0xee, 0x75, 0xb5, 0x65, 0x29,
        0xc3, 0x18, 0x65, 0x29, 0x08, 0x42, 0xff, 0xff, 0xff, 0xff, 0x00, 0x00,
        0x00, 0x00, 0x00, 0x00, 0x00, 0x00, 0x00, 0x00, 0x00, 0x00, 0x00, 0x00,
        0x00, 0x00, 0x00, 0x00, 0x00, 0x00, 0x00, 0x00, 0x00, 0x00, 0x00, 0x00,
        0x00, 0x00, 0x00, 0x00, 0x00, 0x00, 0x00, 0x00, 0x00, 0x00, 0x00, 0x00,
        0x00, 0x00, 0x00, 0x00, 0x00, 0x00, 0x00, 0x00, 0x00, 0x00, 0x00, 0x00,
        0x00, 0x00, 0x00, 0x00, 0x00, 0x00, 0x00, 0x00, 0x00, 0x00, 0x00, 0x00,
        0x00, 0x00, 0x00, 0x00, 0x00, 0x00, 0x00, 0x00, 0x00, 0x00, 0x00, 0x00,
        0x00, 0x00, 0x00, 0x00, 0x00, 0x00, 0x00, 0x00, 0x00, 0x00, 0x00, 0x00,
        0x00, 0x00, 0x00, 0x00, 0x00, 0x00, 0x00, 0x00, 0x00, 0x00, 0x00, 0x00,
        0x00, 0x00, 0x00, 0x00, 0x00, 0x00, 0xff, 0xff, 0xff, 0xff, 0xff, 0xff,
        0xff, 0xff, 0xff, 0xff, 0xff, 0xff, 0xff, 0xff, 0xff, 0xff, 0xff, 0xff,
        0xff, 0xff, 0xff, 0xff, 0xff, 0xff, 0xff, 0xff, 0xff, 0xff, 0xff, 0xff,
        0xff, 0xff, 0xff, 0xff, 0xff, 0xff, 0xff, 0xff, 0xff, 0xff, 0xff, 0xff,
        0xff, 0xff, 0x08, 0x42, 0x08, 0x42, 0x08, 0x42, 0x08, 0x42, 0x08, 0x42,
        0x08, 0x42, 0x08, 0x42, 0x65, 0x29, 0x65, 0x29, 0x65, 0x29, 0x65, 0x29,
        0x65, 0x29, 0x65, 0x29, 0x65, 0x29, 0x65, 0x29, 0x65, 0x29, 0x65, 0x29,
        0x65, 0x29, 0x65, 0x29, 0x65, 0x29, 0x65, 0x29, 0x65, 0x29, 0xc3, 0x18,
        0x65, 0x29, 0xc3, 0x18, 0x65, 0x29, 0x65, 0x29, 0xc3, 0x18, 0x65, 0x29,
        0xc3, 0x18, 0xc3, 0x18, 0xc3, 0x18, 0xc3, 0x18, 0xa2, 0x10, 0xa2, 0x10,
        0xa2, 0x10, 0xa2, 0x10, 0xa2, 0x10, 0xa2, 0x10, 0x82, 0x10, 0xa2, 0x10,
        0xa2, 0x10, 0xa2, 0x10, 0xa2, 0x10, 0x82, 0x10, 0x82, 0x10, 0x82, 0x10,
        0x82, 0x10, 0x82, 0x10, 0x82, 0x10, 0x82, 0x10, 0x82, 0x10, 0xa2, 0x10,
        0xa2, 0x10, 0xa2, 0x10, 0xc3, 0x18, 0xa2, 0x10, 0xa2, 0x10, 0x82, 0x10,
        0x61, 0x08, 0x41, 0x08, 0xa2, 0x10, 0x54, 0xbd, 0x15, 0xde, 0x91, 0xd5,
        0x4f, 0xd5, 0x4f, 0xd5, 0x8c, 0xcc, 0x6b, 0xc4, 0x6b, 0xc4, 0x6b, 0xc4,
        0x8c, 0xc4, 0x09, 0xb4, 0x4b, 0xbc, 0x6b, 0xc4, 0x6b, 0xc4, 0x6b, 0xc4,
        0x09, 0xb4, 0x09, 0xb4, 0x09, 0xb4, 0x68, 0xa3, 0x47, 0xa3, 0x68, 0xa3,
        0xc9, 0xb3, 0xa9, 0xab, 0x2b, 0xbc, 0xa9, 0xab, 0xc9, 0xb3, 0x2b, 0xbc,
        0x50, 0xd5, 0xee, 0xcc, 0xb2, 0xdd, 0xce, 0xc4, 0x8c, 0xc4, 0xce, 0xc4,
        0xae, 0xbc, 0x8e, 0xb4, 0x4b, 0x7b, 0xe7, 0x49, 0x41, 0x08, 0x20, 0x00,
        0x20, 0x00, 0x20, 0x00, 0x20, 0x00, 0x20, 0x00, 0x20, 0x00, 0x20, 0x00,
        0x41, 0x08, 0x20, 0x00, 0x20, 0x00, 0x20, 0x00, 0x20, 0x00, 0x20, 0x00,
        0x41, 0x08, 0x41, 0x08, 0x41, 0x08, 0x41, 0x08, 0x41, 0x08, 0x41, 0x08,
        0x41, 0x08, 0xf2, 0xb4, 0x14, 0xe6, 0x50, 0xd5, 0x70, 0xdd, 0x2e, 0xd5,
        0xcc, 0xcc, 0x6b, 0xc4, 0x6b, 0xc4, 0x2e, 0xd5, 0x4f, 0xd5, 0x50, 0xd5,
        0xce, 0xc4, 0x4b, 0xbc, 0x28, 0x93, 0xc4, 0x61, 0x66, 0x7a, 0x48, 0x9b,
        0x4b, 0xbc, 0x6b, 0xc4, 0xcc, 0xcc, 0x8c, 0xcc, 0x4f, 0xd5, 0x2f, 0xd5,
        0xd2, 0xe5, 0x96, 0xee, 0xd2, 0xe5, 0x55, 0xee, 0xd8, 0xf6, 0xb2, 0xd5,
        0x2f, 0xd5, 0x34, 0xe6, 0x56, 0xe6, 0x97, 0xee, 0xd8, 0xf6, 0xb8, 0xf6,
        0xf9, 0xf6, 0x97, 0xee, 0x34, 0xe6, 0xd9, 0xee, 0x1b, 0xf7, 0xa2, 0x10,
        0xa2, 0x10, 0xc3, 0x18, 0x65, 0x29, 0x08, 0x42, 0xff, 0xff, 0xff, 0xff,
        0x00, 0x00, 0x00, 0x00, 0x00, 0x00, 0x00, 0x00, 0x00, 0x00, 0x00, 0x00,
        0x00, 0x00, 0x00, 0x00, 0x00, 0x00, 0x00, 0x00, 0x00, 0x00, 0x00, 0x00,
        0x00, 0x00, 0x00, 0x00, 0x00, 0x00, 0x00, 0x00, 0x00, 0x00, 0x00, 0x00,
        0x00, 0x00, 0x00, 0x00, 0x00, 0x00, 0x00, 0x00, 0x00, 0x00, 0x00, 0x00,
        0x00, 0x00, 0x00, 0x00, 0x00, 0x00, 0x00, 0x00, 0x00, 0x00, 0x00, 0x00,
        0x00, 0x00, 0x00, 0x00, 0x00, 0x00, 0x00, 0x00, 0x00, 0x00, 0x00, 0x00,
        0x00, 0x00, 0x00, 0x00, 0x00, 0x00, 0x00, 0x00, 0x00, 0x00, 0x00, 0x00,
        0x00, 0x00, 0x00, 0x00, 0x00, 0x00, 0x00, 0x00, 0x00, 0x00, 0x00, 0x00,
        0x00, 0x00, 0x00, 0x00, 0x00, 0x00, 0x00, 0x00, 0x00, 0x00, 0x00, 0x00,
        0xff, 0xff, 0xff, 0xff, 0xff, 0xff, 0xff, 0xff, 0xff, 0xff, 0xff, 0xff,
        0xff, 0xff, 0xff, 0xff, 0xff, 0xff, 0xff, 0xff, 0xff, 0xff, 0xff, 0xff,
        0xff, 0xff, 0xff, 0xff, 0xff, 0xff, 0xff, 0xff, 0xff, 0xff, 0xff, 0xff,
        0xff, 0xff, 0xff, 0xff, 0xff, 0xff, 0x08, 0x42, 0x08, 0x42, 0x08, 0x42,
        0x08, 0x42, 0x08, 0x42, 0x08, 0x42, 0x08, 0x42, 0x08, 0x42, 0x08, 0x42,
        0x08, 0x42, 0x08, 0x42, 0x08, 0x42, 0x08, 0x42, 0x08, 0x42, 0x65, 0x29,
        0x65, 0x29, 0x65, 0x29, 0x65, 0x29, 0x65, 0x29, 0x65, 0x29, 0x65, 0x29,
        0x65, 0x29, 0xc3, 0x18, 0x65, 0x29, 0x65, 0x29, 0x65, 0x29, 0x65, 0x29,
        0x65, 0x29, 0xc3, 0x18, 0xc3, 0x18, 0xc3, 0x18, 0xc3, 0x18, 0xc3, 0x18,
        0xc3, 0x18, 0xa2, 0x10, 0xa2, 0x10, 0x02, 0x10, 0xa2, 0x10, 0xa2, 0x10,
        0xa2, 0x10, 0xa2, 0x10, 0xa2, 0x10, 0xa2, 0x10, 0x82, 0x10, 0x82, 0x10,
        0x82, 0x10, 0x82, 0x10, 0x82, 0x10, 0xa2, 0x10, 0xa2, 0x10, 0xa2, 0x10,
        0xc3, 0x18, 0xc3, 0x18, 0xc3, 0x18, 0xc3, 0x18, 0xc3, 0x18, 0xa2, 0x10,
        0x82, 0x10, 0x61, 0x08, 0x2f, 0x94, 0xd6, 0xcd, 0xd3, 0xdd, 0x91, 0xdd,
        0x4f, 0xd5, 0x0d, 0xd5, 0xcc, 0xcc, 0x6b, 0xc4, 0x29, 0xc4, 0x6b, 0xc4,
        0x4b, 0xbc, 0x09, 0xb4, 0x09, 0xb4, 0x6b, 0xc4, 0x6b, 0xc4, 0x29, 0xc4,
        0x29, 0xc4, 0x09, 0xb4, 0x8c, 0xcc, 0x09, 0xb4, 0x09, 0xb4, 0x4b, 0xbc,
        0xc9, 0xb3, 0x07, 0x9b, 0x47, 0xa3, 0xa9, 0xab, 0x47, 0xa3, 0x09, 0xb4,
        0x2b, 0xbc, 0x4b, 0xbc, 0x8c, 0xc4, 0x30, 0xcd, 0x2b, 0xb4, 0x2b, 0xb4,
        0xcf, 0xbc, 0xec, 0xa3, 0x4b, 0x7b, 0xe7, 0x49, 0x41, 0x08, 0x20, 0x00,
        0x20, 0x00, 0x20, 0x00, 0x41, 0x08, 0x41, 0x08, 0x41, 0x08, 0x41, 0x08,
        0x41, 0x08, 0x41, 0x08, 0x41, 0x08, 0x20, 0x00, 0x20, 0x00, 0x20, 0x00,
        0x20, 0x00, 0x41, 0x08, 0x41, 0x08, 0x41, 0x08, 0x41, 0x08, 0x41, 0x08,
        0x41, 0x08, 0x4b, 0x7b, 0x15, 0xe6, 0xb2, 0xdd, 0x70, 0xdd, 0xcd, 0xcc,
        0x8c, 0xcc, 0x0d, 0xd5, 0x2e, 0xd5, 0x2e, 0xd5, 0x91, 0xd5, 0x8c, 0xc4,
        0x2b, 0xb4, 0x2b, 0xb4, 0x89, 0xa3, 0x84, 0x49, 0x23, 0x41, 0xe7, 0x92,
        0x4b, 0xbc, 0x2b, 0xbc, 0x0d, 0xd5, 0x2e, 0xd5, 0x2e, 0xd5, 0x70, 0xdd,
        0x50, 0xd5, 0x50, 0xcd, 0xd3, 0xdd, 0xd2, 0xe5, 0xb7, 0xf6, 0xf4, 0xdd,
        0x30, 0xcd, 0x97, 0xee, 0x96, 0xee, 0xd8, 0xee, 0xb9, 0xee, 0xd8, 0xee,
        0x76, 0xee, 0xf9, 0xf6, 0xf4, 0xdd, 0x76, 0xee, 0xfa, 0xee, 0xf4, 0xac,
        0xa2, 0x10, 0xc3, 0x18, 0x65, 0x29, 0x08, 0x42, 0x08, 0x42, 0xff, 0xff,
        0xff, 0xff, 0x00, 0x00, 0x00, 0x00, 0x00, 0x00, 0x00, 0x00, 0x00, 0x00,
        0x00, 0x00, 0x00, 0x00, 0x00, 0x00, 0x00, 0x00, 0x00, 0x00, 0x00, 0x00,
        0x00, 0x00, 0x00, 0x00, 0x00, 0x00, 0x00, 0x00, 0x00, 0x00, 0x00, 0x00,
        0x00, 0x00, 0x00, 0x00, 0x00, 0x00, 0x00, 0x00, 0x00, 0x00, 0x00, 0x00,
        0x00, 0x00, 0x00, 0x00, 0x00, 0x00, 0x00, 0x00, 0x00, 0x00, 0x00, 0x00,
        0x00, 0x00, 0x00, 0x00, 0x00, 0x00, 0x00, 0x00, 0x00, 0x00, 0x00, 0x00,
        0x00, 0x00, 0x00, 0x00, 0x00, 0x00, 0x00, 0x00, 0x00, 0x00, 0x00, 0x00,
        0x00, 0x00, 0x00, 0x00, 0x00, 0x00, 0x00, 0x00, 0x00, 0x00, 0x00, 0x00,
        0x00, 0x00, 0x00, 0x00, 0x00, 0x00, 0x00, 0x00, 0x00, 0x00, 0x00, 0x00,
        0x00, 0x00, 0xff, 0xff, 0xff, 0xff, 0xff, 0xff, 0xff, 0xff, 0xff, 0xff,
        0xff, 0xff, 0xff, 0xff, 0xff, 0xff, 0xff, 0xff, 0xff, 0xff, 0xff, 0xff,
        0xff, 0xff, 0xff, 0xff, 0xff, 0xff, 0xff, 0xff, 0xff, 0xff, 0xff, 0xff,
        0xff, 0xff, 0xff, 0xff, 0xff, 0xff, 0xff, 0xff, 0xff, 0xff, 0x08, 0x42,
        0x08, 0x42, 0x08, 0x42, 0x08, 0x42, 0x08, 0x42, 0x08, 0x42, 0x08, 0x42,
        0x08, 0x42, 0x08, 0x42, 0x08, 0x42, 0x08, 0x42, 0x08, 0x42, 0x08, 0x42,
        0x65, 0x29, 0x65, 0x29, 0x08, 0x42, 0x65, 0x29, 0x08, 0x42, 0x08, 0x42,
        0x65, 0x29, 0x65, 0x29, 0x65, 0x29, 0x65, 0x29, 0x65, 0x29, 0x65, 0x29,
        0x65, 0x29, 0x65, 0x29, 0x65, 0x29, 0x65, 0x29, 0x65, 0x29, 0xc3, 0x18,
        0xc3, 0x18, 0xc3, 0x18, 0xc3, 0x18, 0xc3, 0x18, 0xc3, 0x18, 0xc3, 0x18,
        0xa2, 0x10, 0xa2, 0x10, 0xa2, 0x10, 0xa2, 0x10, 0xa2, 0x10, 0xa2, 0x10,
        0xa2, 0x10, 0xa2, 0x10, 0xa2, 0x10, 0xc3, 0x18, 0xc3, 0x18, 0xc3, 0x18,
        0xc3, 0x18, 0xc3, 0x18, 0xc3, 0x18, 0xc3, 0x18, 0xa2, 0x10, 0x82, 0x10,
        0x82, 0x10, 0x61, 0x08, 0x2f, 0x94, 0x16, 0xd6, 0x35, 0xe6, 0xb2, 0xdd,
        0x4f, 0xdd, 0x0d, 0xd5, 0x0d, 0xd5, 0x0d, 0xd5, 0x8c, 0xcc, 0x6b, 0xc4,
        0xc9, 0xb3, 0x09, 0xb4, 0x8c, 0xcc, 0x6b, 0xc4, 0x6b, 0xc4, 0x09, 0xb4,
        0x09, 0xb4, 0x6b, 0xc4, 0xac, 0xc4, 0x8c, 0xcc, 0xcc, 0xcc, 0x6b, 0xc4,
        0x87, 0xb3, 0x47, 0xa3, 0xc9, 0xb3, 0x6b, 0xc4, 0x09, 0xb4, 0x4b, 0xbc,
        0x2b, 0xbc, 0x09, 0xb4, 0x2b, 0xbc, 0xcd, 0xcc, 0xef, 0xc4, 0xca, 0xa3,
        0x2c, 0xb4, 0xac, 0x93, 0x07, 0x52, 0xe7, 0x49, 0x41, 0x08, 0x20, 0x00,
        0x20, 0x00, 0x41, 0x08, 0x41, 0x08, 0x41, 0x08, 0x40, 0x00, 0x41, 0x08,
        0x41, 0x08, 0x41, 0x08, 0x20, 0x00, 0x41, 0x08, 0x20, 0x00, 0x20, 0x00,
        0x41, 0x08, 0x41, 0x08, 0x41, 0x08, 0x41, 0x08, 0x41, 0x08, 0x41, 0x08,
        0x41, 0x08, 0x41, 0x08, 0xf2, 0xb4, 0x33, 0xf6, 0x50, 0xd5, 0x4f, 0xd5,
        0xee, 0xcc, 0xcc, 0xcc, 0x4f, 0xd5, 0x4f, 0xd5, 0x50, 0xd5, 0xce, 0xc4,
        0x8d, 0xbc, 0x2b, 0xb4, 0xea, 0xab, 0x4a, 0x8b, 0xa3, 0x18, 0x25, 0x72,
        0x6b, 0xc4, 0x09, 0xb4, 0xcd, 0xcc, 0x2e, 0xd5, 0x91, 0xdd, 0xb2, 0xdd,
        0x14, 0xe6, 0x70, 0xd5, 0x91, 0xd5, 0xd3, 0xdd, 0x35, 0xe6, 0xd8, 0xee,
        0x92, 0xd5, 0x70, 0xd5, 0x97, 0xee, 0xb8, 0xf6, 0xb9, 0xee, 0xd9, 0xee,
        0xf9, 0xf6, 0xfa, 0xf6, 0x57, 0xde, 0xd3, 0xdd, 0xb9, 0xee, 0x95, 0xbd,
        0x82, 0x10, 0xa2, 0x10, 0xc3, 0x18, 0x65, 0x29, 0x08, 0x42, 0xff, 0xff,
        0xff, 0xff, 0xff, 0xff, 0x00, 0x00, 0x00, 0x00, 0x00, 0x00, 0x00, 0x00,
        0x00, 0x00, 0x00, 0x00, 0x00, 0x00, 0x00, 0x00, 0x00, 0x00, 0x00, 0x00,
        0x00, 0x00, 0x00, 0x00, 0x00, 0x00, 0x00, 0x00, 0x00, 0x00, 0x00, 0x00,
        0x00, 0x00, 0x00, 0x00, 0x00, 0x00, 0x00, 0x00, 0x00, 0x00, 0x00, 0x00,
        0x00, 0x00, 0x00, 0x00, 0x00, 0x00, 0x00, 0x00, 0x00, 0x00, 0x00, 0x00,
        0x00, 0x00, 0x00, 0x00, 0x00, 0x00, 0x00, 0x00, 0x00, 0x00, 0x00, 0x00,
        0x00, 0x00, 0x00, 0x00, 0x00, 0x00, 0x00, 0x00, 0x00, 0x00, 0x00, 0x00,
        0x00, 0x00, 0x00, 0x00, 0x00, 0x00, 0x00, 0x00, 0x00, 0x00, 0x00, 0x00,
        0x00, 0x00, 0x00, 0x00, 0x00, 0x00, 0x00, 0x00, 0x00, 0x00, 0x00, 0x00,
        0x00, 0x00, 0x00, 0x00, 0xff, 0xff, 0xff, 0xff, 0x00, 0x00, 0xff, 0xff,
        0xff, 0xff, 0xff, 0xff, 0xff, 0xff, 0x00, 0x00, 0x00, 0x00, 0xff, 0xff,
        0xff, 0xff, 0xff, 0xff, 0xff, 0xff, 0xff, 0xff, 0xff, 0xff, 0xff, 0xff,
        0xff, 0xff, 0xff, 0xff, 0xff, 0xff, 0xff, 0xff, 0xff, 0xff, 0xff, 0xff,
        0xff, 0xff, 0xff, 0xff, 0xff, 0xff, 0xff, 0xff, 0x08, 0x42, 0x08, 0x42,
        0x08, 0x42, 0x08, 0x42, 0x08, 0x42, 0x08, 0x42, 0x08, 0x42, 0x08, 0x42,
        0x08, 0x42, 0x65, 0x29, 0x08, 0x42, 0x08, 0x42, 0x08, 0x42, 0x08, 0x42,
        0x65, 0x29, 0x65, 0x29, 0x65, 0x29, 0x65, 0x29, 0x65, 0x29, 0x65, 0x29,
        0x65, 0x29, 0x65, 0x29, 0x65, 0x29, 0x65, 0x29, 0x65, 0x29, 0x65, 0x29,
        0x65, 0x29, 0x65, 0x29, 0x65, 0x29, 0xc3, 0x18, 0xc3, 0x18, 0xc3, 0x18,
        0xc3, 0x18, 0xc3, 0x18, 0xc3, 0x18, 0xa2, 0x10, 0xa2, 0x10, 0xa2, 0x10,
        0xc3, 0x18, 0xc3, 0x18, 0xc3, 0x18, 0xc3, 0x18, 0xc3, 0x18, 0xc3, 0x18,
        0xc3, 0x18, 0xc3, 0x18, 0xc3, 0x18, 0xc3, 0x18, 0xa2, 0x10, 0x82, 0x10,
        0x61, 0x08, 0x61, 0x08, 0x2f, 0x94, 0x57, 0xde, 0x34, 0xe6, 0x91, 0xdd,
        0x90, 0xe5, 0x4f, 0xdd, 0x70, 0xdd, 0x70, 0xdd, 0x0d, 0xd5, 0x09, 0xb4,
        0x09, 0xb4, 0x6b, 0xc4, 0xcc, 0xcc, 0xcc, 0xcc, 0x6b, 0xc4, 0x47, 0xa3,
        0xa9, 0xab, 0x4b, 0xbc, 0x09, 0xb4, 0xc9, 0xb3, 0x2b, 0xbc, 0x8c, 0xc4,
        0xc9, 0xb3, 0x07, 0x9b, 0x09, 0xb4, 0x2e, 0xd5, 0x2e, 0xd5, 0x6b, 0xc4,
        0x68, 0xa3, 0xa9, 0xab, 0x4b, 0xbc, 0xac, 0xc4, 0x0f, 0xcd, 0x2b, 0xb4,
        0x89, 0xa3, 0xac, 0x93, 0x07, 0x52, 0x41, 0x08, 0x41, 0x08, 0x20, 0x00,
        0x41, 0x08, 0x41, 0x08, 0x20, 0x00, 0x20, 0x00, 0x20, 0x00, 0x20, 0x00,
        0x20, 0x00, 0x41, 0x08, 0x41, 0x08, 0x41, 0x08, 0x20, 0x00, 0x20, 0x00,
        0x20, 0x00, 0x41, 0x08, 0x41, 0x08, 0x41, 0x08, 0x41, 0x08, 0x41, 0x08,
        0x41, 0x08, 0x41, 0x08, 0x4b, 0x7b, 0x51, 0xcd, 0x70, 0xdd, 0x4f, 0xd5,
        0xcc, 0xcc, 0x2e, 0xd5, 0x90, 0xe5, 0xd2, 0xe5, 0x91, 0xdd, 0x2b, 0xbc,
        0x0f, 0xcd, 0x70, 0xd5, 0xad, 0xc4, 0x2b, 0xb4, 0x23, 0x41, 0x25, 0x72,
        0x4b, 0xbc, 0x2b, 0xbc, 0xee, 0xcc, 0x91, 0xdd, 0x2f, 0xd5, 0xee, 0xcc,
        0x0f, 0xcd, 0xce, 0xc4, 0xb2, 0xdd, 0x15, 0xe6, 0x35, 0xe6, 0xd8, 0xee,
        0x76, 0xee, 0x71, 0xd5, 0xd3, 0xdd, 0x98, 0xe6, 0xb9, 0xee, 0xd9, 0xee,
        0xd9, 0xee, 0xd9, 0xee, 0x77, 0xe6, 0xf4, 0xdd, 0x97, 0xee, 0x77, 0xe6,
        0xa2, 0x10, 0x82, 0x10, 0xa2, 0x10, 0xc3, 0x18, 0x65, 0x29, 0x08, 0x42,
        0xff, 0xff, 0xff, 0xff, 0x00, 0x00, 0x00, 0x00, 0x00, 0x00, 0x00, 0x00,
        0x00, 0x00, 0x00, 0x00, 0x00, 0x00, 0x00, 0x00, 0x00, 0x00, 0x00, 0x00,
        0x00, 0x00, 0x00, 0x00, 0x00, 0x00, 0x00, 0x00, 0x00, 0x00, 0x00, 0x00,
        0x00, 0x00, 0x00, 0x00, 0x00, 0x00, 0x00, 0x00, 0x00, 0x00, 0x00, 0x00,
        0x00, 0x00, 0x00, 0x00, 0x00, 0x00, 0x00, 0x00, 0x00, 0x00, 0x00, 0x00,
        0x00, 0x00, 0x00, 0x00, 0x00, 0x00, 0x00, 0x00, 0x00, 0x00, 0x00, 0x00,
        0x00, 0x00, 0x00, 0x00, 0x00, 0x00, 0x00, 0x00, 0x00, 0x00, 0x00, 0x00,
        0x00, 0x00, 0x00, 0x00, 0x00, 0x00, 0x00, 0x00, 0x00, 0x00, 0x00, 0x00,
        0x00, 0x00, 0x00, 0x00, 0x00, 0x00, 0x00, 0x00, 0x00, 0x00, 0x00, 0x00,
        0x00, 0x00, 0x00, 0x00, 0x00, 0x00, 0x00, 0x00, 0x00, 0x00, 0x00, 0x00,
        0x00, 0x00, 0x00, 0x00, 0x00, 0x00, 0x00, 0x00, 0x00, 0x00, 0x00, 0x00,
        0x00, 0x00, 0x00, 0x00, 0xff, 0xff, 0xff, 0xff, 0xff, 0xff, 0xff, 0xff,
        0xff, 0xff, 0xff, 0xff, 0xff, 0xff, 0xff, 0xff, 0xff, 0xff, 0xff, 0xff,
        0xff, 0xff, 0xff, 0xff, 0xff, 0xff, 0xff, 0xff, 0xff, 0xff, 0xff, 0xff,
        0xff, 0xff, 0xff, 0xff, 0xff, 0xff, 0xff, 0xff, 0xff, 0xff, 0xff, 0xff,
        0xff, 0xff, 0x08, 0x42, 0x08, 0x42, 0x08, 0x42, 0x08, 0x42, 0x08, 0x42,
        0x08, 0x42, 0x08, 0x42, 0x08, 0x42, 0x65, 0x29, 0x65, 0x29, 0x65, 0x29,
        0x65, 0x29, 0x65, 0x29, 0x08, 0x42, 0x08, 0x42, 0x65, 0x29, 0x65, 0x29,
        0x65, 0x29, 0x65, 0x29, 0x65, 0x29, 0x65, 0x29, 0x65, 0x29, 0xc3, 0x18,
        0xc3, 0x18, 0xc3, 0x18, 0xc3, 0x18, 0xc3, 0x18, 0xc3, 0x18, 0xc3, 0x18,
        0xc3, 0x18, 0xc3, 0x18, 0xc3, 0x18, 0x65, 0x29, 0xc3, 0x18, 0x65, 0x29,
        0x65, 0x29, 0xc3, 0x18, 0xc3, 0x18, 0xc3, 0x18, 0xa2, 0x10, 0x82, 0x10,
        0x61, 0x08, 0x41, 0x08, 0x50, 0x9c, 0xf4, 0xdd, 0xd1, 0xe5, 0xd1, 0xe5,
        0xd1, 0xe5, 0x91, 0xdd, 0x91, 0xdd, 0x2e, 0xd5, 0xac, 0xc4, 0x6b, 0xc4,
        0xee, 0xcc, 0x0d, 0xd5, 0x0d, 0xd5, 0x8c, 0xcc, 0x6b, 0xc4, 0x09, 0xb4,
        0xa9, 0xab, 0xa9, 0xab, 0x09, 0xb4, 0xc9, 0xb3, 0x07, 0x9b, 0x47, 0xa3,
        0x65, 0x82, 0xe7, 0x92, 0x2e, 0xd5, 0x4f, 0xd5, 0x8c, 0xcc, 0x4b, 0xbc,
        0x68, 0xa3, 0x07, 0x9b, 0x09, 0xb4, 0xc9, 0xb3, 0x4b, 0xbc, 0x8c, 0xc4,
        0xca, 0xa3, 0x0a, 0x7b, 0x07, 0x52, 0x41, 0x08, 0x41, 0x08, 0x20, 0x00,
        0x41, 0x08, 0x20, 0x00, 0x20, 0x00, 0x20, 0x00, 0x20, 0x00, 0x20, 0x00,
        0x20, 0x00, 0x20, 0x00, 0x20, 0x00, 0x41, 0x08, 0x41, 0x08, 0x20, 0x00,
        0x20, 0x00, 0x41, 0x08, 0x41, 0x08, 0x41, 0x08, 0x41, 0x08, 0x41, 0x08,
        0x41, 0x08, 0x41, 0x08, 0x41, 0x08, 0x4b, 0x7b, 0x70, 0xdd, 0x70, 0xdd,
        0x0d, 0xd5, 0x0d, 0xd5, 0x91, 0xdd, 0xd1, 0xe5, 0x91, 0xdd, 0x2f, 0xd5,
        0xad, 0xc4, 0xce, 0xc4, 0x70, 0xd5, 0x50, 0xd5, 0x47, 0x6a, 0x84, 0x59,
        0x4b, 0xbc, 0x8c, 0xc4, 0xac, 0xc4, 0x70, 0xd5, 0xce, 0xc4, 0x70, 0xd5,
        0xae, 0xbc, 0x66, 0x7a, 0x70, 0xd5, 0x35, 0xe6, 0x56, 0xe6, 0x76, 0xee,
        0x57, 0xe6, 0xec, 0xa3, 0xad, 0xc4, 0x76, 0xee, 0x98, 0xe6, 0xb9, 0xee,
        0xd9, 0xee, 0x77, 0xe6, 0x54, 0xbd, 0xd6, 0xcd, 0xb3, 0xd5, 0x16, 0xd6,
        0x95, 0xbd, 0xa2, 0x10, 0xa2, 0x10, 0xc3, 0x18, 0x65, 0x29, 0x08, 0x42,
        0xff, 0xff, 0xff, 0xff, 0x00, 0x00, 0x00, 0x00, 0x00, 0x00, 0x00, 0x00,
        0x00, 0x00, 0x00, 0x00, 0x00, 0x00, 0x00, 0x00, 0x00, 0x00, 0x00, 0x00,
        0x00, 0x00, 0x00, 0x00, 0x00, 0x00, 0x00, 0x00, 0x00, 0x00, 0x00, 0x00,
        0x00, 0x00, 0x00, 0x00, 0x00, 0x00, 0x00, 0x00, 0x00, 0x00, 0x00, 0x00,
        0x00, 0x00, 0x00, 0x00, 0x00, 0x00, 0x00, 0x00, 0x00, 0x00, 0x00, 0x00,
        0x00, 0x00, 0x00, 0x00, 0x00, 0x00, 0x00, 0x00, 0x00, 0x00, 0x00, 0x00,
        0x00, 0x00, 0x00, 0x00, 0x00, 0x00, 0x00, 0x00, 0x00, 0x00, 0x00, 0x00,
        0x00, 0x00, 0x00, 0x00, 0x00, 0x00, 0x00, 0x00, 0x00, 0x00, 0x00, 0x00,
        0x00, 0x00, 0x00, 0x00, 0x00, 0x00, 0x00, 0x00, 0x00, 0x00, 0x00, 0x00,
        0x00, 0x00, 0x00, 0x00, 0x00, 0x00, 0x00, 0x00, 0x00, 0x00, 0x00, 0x00,
        0x00, 0x00, 0x00, 0x00, 0x00, 0x00, 0x00, 0x00, 0x00, 0x00, 0x00, 0x00,
        0x00, 0x00, 0x00, 0x00, 0x00, 0x00, 0x00, 0x00, 0xff, 0xff, 0xff, 0xff,
        0xff, 0xff, 0xff, 0xff, 0xff, 0xff, 0xff, 0xff, 0xff, 0xff, 0xff, 0xff,
        0xff, 0xff, 0xff, 0xff, 0xff, 0xff, 0xff, 0xff, 0xff, 0xff, 0xff, 0xff,
        0xff, 0xff, 0xff, 0xff, 0xff, 0xff, 0xff, 0xff, 0xff, 0xff, 0xff, 0xff,
        0xff, 0xff, 0xff, 0xff, 0xff, 0xff, 0xff, 0xff, 0x08, 0x42, 0x08, 0x42,
        0x08, 0x42, 0x08, 0x42, 0x08, 0x42, 0x08, 0x42, 0x08, 0x42, 0x65, 0x29,
        0x08, 0x42, 0x08, 0x42, 0x08, 0x42, 0x08, 0x42, 0x08, 0x42, 0x65, 0x29,
        0x08, 0x42, 0x65, 0x29, 0x65, 0x29, 0x65, 0x29, 0xc3, 0x18, 0x65, 0x29,
        0xc3, 0x18, 0xc3, 0x18, 0xc3, 0x18, 0xc3, 0x18, 0xc3, 0x18, 0x65, 0x29,
        0x65, 0x29, 0x65, 0x29, 0x65, 0x29, 0x65, 0x29, 0x65, 0x29, 0x65, 0x29,
        0x65, 0x29, 0xc3, 0x18, 0xc3, 0x18, 0xa2, 0x10, 0x82, 0x10, 0x82, 0x10,
        0x41, 0x08, 0xa2, 0x10, 0x54, 0xbd, 0xd2, 0xe5, 0xf3, 0xe5, 0x35, 0xe6,
        0x55, 0xee, 0x14, 0xe6, 0xd2, 0xe5, 0x2e, 0xd5, 0xac, 0xc4, 0x4f, 0xd5,
        0x91, 0xdd, 0xee, 0xcc, 0xcd, 0xcc, 0x6b, 0xc4, 0x6b, 0xc4, 0x09, 0xb4,
        0x09, 0xb4, 0xa9, 0xab, 0x09, 0xb4, 0xa9, 0xab, 0x28, 0x93, 0x25, 0x72,
        0x65, 0x82, 0x4b, 0xbc, 0xcd, 0xcc, 0xcd, 0xcc, 0x4b, 0xbc, 0x2b, 0xbc,
        0xc9, 0xb3, 0xa9, 0xab, 0x68, 0xa3, 0xc9, 0xb3, 0x8c, 0xc4, 0xce, 0xc4,
        0x6d, 0xb4, 0x0a, 0x7b, 0xe7, 0x49, 0x41, 0x08, 0x20, 0x00, 0x41, 0x08,
        0x20, 0x00, 0x20, 0x00, 0x20, 0x00, 0x20, 0x00, 0x41, 0x08, 0x20, 0x00,
        0x20, 0x00, 0x20, 0x00, 0x20, 0x00, 0x20, 0x00, 0x20, 0x00, 0x41, 0x08,
        0x20, 0x00, 0x20, 0x00, 0x41, 0x08, 0x41, 0x08, 0x41, 0x08, 0x41, 0x08,
        0x41, 0x08, 0x41, 0x08, 0x07, 0x52, 0x4f, 0xa4, 0x30, 0xcd, 0x4f, 0xdd,
        0x0d, 0xd5, 0xcc, 0xcc, 0x0d, 0xd5, 0x50, 0xd5, 0xcd, 0xcc, 0xee, 0xcc,
        0x2f, 0xd5, 0x0f, 0xcd, 0xce, 0xc4, 0xb2, 0xdd, 0x4d, 0xac, 0x25, 0x72,
        0x8c, 0xcc, 0x8c, 0xc4, 0xee, 0xcc, 0x2f, 0xd5, 0xce, 0xc4, 0x50, 0xcd,
        0xae, 0xbc, 0x66, 0x7a, 0x70, 0xd5, 0x34, 0xe6, 0x34, 0xe6, 0x35, 0xe6,
        0x98, 0xe6, 0x6f, 0xac, 0x2c, 0xb4, 0x14, 0xde, 0xd8, 0xee, 0x57, 0xde,
        0xd6, 0xcd, 0x57, 0xde, 0x77, 0xe6, 0xd6, 0xcd, 0x32, 0xc5, 0xd4, 0xd5,
        0x37, 0xde, 0xa2, 0x10, 0x82, 0x10, 0xc3, 0x18, 0x65, 0x29, 0x08, 0x42,
        0xff, 0xff, 0xff, 0xff, 0xff, 0xff, 0x00, 0x00, 0x00, 0x00, 0x00, 0x00,
        0x00, 0x00, 0x00, 0x00, 0x00, 0x00, 0x00, 0x00, 0x00, 0x00, 0x00, 0x00,
        0x00, 0x00, 0x00, 0x00, 0x00, 0x00, 0x00, 0x00, 0x00, 0x00, 0x00, 0x00,
        0x00, 0x00, 0x00, 0x00, 0x00, 0x00, 0x00, 0x00, 0x00, 0x00, 0x00, 0x00,
        0x00, 0x00, 0x00, 0x00, 0x00, 0x00, 0x00, 0x00, 0x00, 0x00, 0x00, 0x00,
        0x00, 0x00, 0x00, 0x00, 0x00, 0x00, 0x00, 0x00, 0x00, 0x00, 0x00, 0x00,
        0x00, 0x00, 0x00, 0x00, 0x00, 0x00, 0x00, 0x00, 0x00, 0x00, 0x00, 0x00,
        0x00, 0x00, 0x00, 0x00, 0x00, 0x00, 0x00, 0x00, 0x00, 0x00, 0x00, 0x00,
        0x00, 0x00, 0x00, 0x00, 0x00, 0x00, 0x00, 0x00, 0x00, 0x00, 0x00, 0x00,
        0x00, 0x00, 0x00, 0x00, 0x00, 0x00, 0x00, 0x00, 0x00, 0x00, 0x00, 0x00,
        0x00, 0x00, 0x00, 0x00, 0x00, 0x00, 0x00, 0x00, 0x00, 0x00, 0x00, 0x00,
        0x00, 0x00, 0x00, 0x00, 0x00, 0x00, 0x00, 0x00, 0x00, 0x00, 0x00, 0x00,
        0x00, 0x00, 0xff, 0xff, 0xff, 0xff, 0xff, 0xff, 0xff, 0xff, 0xff, 0xff,
        0xff, 0xff, 0xff, 0xff, 0xff, 0xff, 0xff, 0xff, 0x1f, 0xf8, 0xff, 0xff,
        0xff, 0xff, 0xff, 0xff, 0xff, 0xff, 0xff, 0xff, 0xff, 0xff, 0xff, 0xff,
        0xff, 0xff, 0xff, 0xff, 0xff, 0xff, 0xff, 0xff, 0xff, 0xff, 0xff, 0xff,
        0xff, 0xff, 0xff, 0xff, 0x08, 0x42, 0x08, 0x42, 0x08, 0x42, 0x08, 0x42,
        0x08, 0x42, 0x08, 0x42, 0x08, 0x42, 0x08, 0x42, 0x08, 0x42, 0x08, 0x42,
        0x08, 0x42, 0x08, 0x42, 0x65, 0x29, 0x65, 0x29, 0x65, 0x29, 0x65, 0x29,
        0x65, 0x29, 0x65, 0x29, 0x65, 0x29, 0x65, 0x29, 0x65, 0x29, 0x65, 0x29,
        0x08, 0x42, 0x08, 0x42, 0x65, 0x29, 0x08, 0x42, 0x65, 0x29, 0x65, 0x29,
        0x65, 0x29, 0xc3, 0x18, 0xc3, 0x18, 0xa2, 0x10, 0x82, 0x10, 0x61, 0x08,
        0x41, 0x08, 0x2f, 0x94, 0x11, 0xc5, 0xd2, 0xe5, 0x76, 0xee, 0x76, 0xee,
        0x35, 0xe6, 0xf3, 0xe5, 0x70, 0xdd, 0x2e, 0xd5, 0xd2, 0xe5, 0xb2, 0xdd,
        0x0f, 0xcd, 0xee, 0xcc, 0x8c, 0xc4, 0x4b, 0xbc, 0x6b, 0xc4, 0x8c, 0xcc,
        0x4b, 0xbc, 0xc9, 0xb3, 0xc9, 0xb3, 0x68, 0xa3, 0xc4, 0x61, 0x84, 0x49,
        0x89, 0xa3, 0xac, 0xc4, 0xc9, 0xb3, 0x4c, 0xbc, 0x8c, 0xc4, 0x4b, 0xbc,
        0x2b, 0xbc, 0xc9, 0xb3, 0x68, 0xa3, 0x09, 0xb4, 0x2b, 0xbc, 0x2b, 0xbc,
        0x6d, 0xb4, 0x0a, 0x7b, 0xe7, 0x49, 0x41, 0x08, 0x20, 0x00, 0x20, 0x00,
        0x20, 0x00, 0x41, 0x08, 0x41, 0x08, 0x41, 0x08, 0x41, 0x08, 0x20, 0x00,
        0x41, 0x08, 0x41, 0x08, 0x41, 0x08, 0x20, 0x00, 0x20, 0x00, 0x20, 0x00,
        0x41, 0x08, 0x20, 0x00, 0x41, 0x08, 0x41, 0x08, 0x41, 0x08, 0x41, 0x08,
        0x41, 0x08, 0x41, 0x08, 0x41, 0x08, 0x32, 0xc5, 0x91, 0xdd, 0xcd, 0xcc,
        0xac, 0xc4, 0x8c, 0xcc, 0xcc, 0xcc, 0xcd, 0xcc, 0x4b, 0xbc, 0xad, 0xc4,
        0xea, 0xab, 0xcb, 0x9b, 0xea, 0xab, 0x91, 0xd5, 0x4d, 0xac, 0xe8, 0x82,
        0x2b, 0xbc, 0x8c, 0xc4, 0xce, 0xc4, 0x0f, 0xcd, 0x50, 0xcd, 0xd2, 0xe5,
        0x8e, 0xb4, 0xe8, 0x82, 0x71, 0xd5, 0x36, 0xe6, 0x97, 0xee, 0x98, 0xe6,
        0x16, 0xd6, 0x53, 0xc5, 0x8e, 0xb4, 0x72, 0xcd, 0x35, 0xde, 0x37, 0xde,
        0x57, 0xde, 0x16, 0xd6, 0xd6, 0xcd, 0x16, 0xd6, 0x16, 0xd6, 0xf5, 0xd5,
        0x2f, 0x94, 0x82, 0x10, 0x82, 0x10, 0xc3, 0x18, 0x65, 0x29, 0x08, 0x42,
        0xff, 0xff, 0xff, 0xff, 0xff, 0xff, 0x00, 0x00, 0x00, 0x00, 0x00, 0x00,
        0x00, 0x00, 0x00, 0x00, 0x00, 0x00, 0x00, 0x00, 0x00, 0x00, 0x00, 0x00,
        0x00, 0x00, 0x00, 0x00, 0x00, 0x00, 0x00, 0x00, 0x00, 0x00, 0x00, 0x00,
        0x00, 0x00, 0x00, 0x00, 0x00, 0x00, 0x00, 0x00, 0x00, 0x00, 0x00, 0x00,
        0x00, 0x00, 0x00, 0x00, 0x00, 0x00, 0x00, 0x00, 0x00, 0x00, 0x00, 0x00,
        0x00, 0x00, 0x00, 0x00, 0x00, 0x00, 0x00, 0x00, 0x00, 0x00, 0x00, 0x00,
        0x00, 0x00, 0x00, 0x00, 0x00, 0x00, 0x00, 0x00, 0x00, 0x00, 0x00, 0x00,
        0x00, 0x00, 0x00, 0x00, 0x00, 0x00, 0x00, 0x00, 0x00, 0x00, 0x00, 0x00,
        0x00, 0x00, 0x00, 0x00, 0x00, 0x00, 0x00, 0x00, 0x00, 0x00, 0x00, 0x00,
        0x00, 0x00, 0x00, 0x00, 0x00, 0x00, 0x00, 0x00, 0x00, 0x00, 0x00, 0x00,
        0x00, 0x00, 0x00, 0x00, 0x00, 0x00, 0x00, 0x00, 0x00, 0x00, 0x00, 0x00,
        0x00, 0x00, 0x00, 0x00, 0x00, 0x00, 0x00, 0x00, 0x00, 0x00, 0x00, 0x00,
        0x00, 0x00, 0x00, 0x00, 0x00, 0x00, 0x00, 0x00, 0xff, 0xff, 0x00, 0x00,
        0x00, 0x00, 0xff, 0xff, 0xff, 0xff, 0x00, 0x00, 0xff, 0xff, 0xff, 0xff,
        0xff, 0xff, 0xff, 0xff, 0xff, 0xff, 0xff, 0xff, 0xff, 0xff, 0xff, 0xff,
        0xff, 0xff, 0xff, 0xff, 0xff, 0xff, 0xff, 0xff, 0xff, 0xff, 0xff, 0xff,
        0xff, 0xff, 0xff, 0xff, 0xff, 0xff, 0xff, 0xff, 0xff, 0xff, 0x08, 0x42,
        0x08, 0x42, 0x08, 0x42, 0x08, 0x42, 0x08, 0x42, 0x08, 0x42, 0x08, 0x42,
        0x08, 0x42, 0x08, 0x42, 0x08, 0x42, 0x08, 0x42, 0x08, 0x42, 0x65, 0x29,
        0x08, 0x42, 0x08, 0x42, 0x08, 0x42, 0x08, 0x42, 0x08, 0x42, 0x08, 0x42,
        0xff, 0xff, 0x08, 0x42, 0x08, 0x42, 0x08, 0x42, 0x08, 0x42, 0x65, 0x29,
        0x65, 0x29, 0xc3, 0x18, 0xc3, 0x18, 0xa2, 0x10, 0x61, 0x08, 0x41, 0x08,
        0xa2, 0x10, 0x50, 0x9c, 0xb2, 0xdd, 0x55, 0xee, 0x97, 0xee, 0x56, 0xe6,
        0x14, 0xe6, 0x14, 0xe6, 0x91, 0xdd, 0xd2, 0xe5, 0x50, 0xcd, 0x4c, 0xbc,
        0xac, 0xc4, 0x2e, 0xd5, 0x50, 0xd5, 0x0d, 0xd5, 0x8c, 0xcc, 0x6b, 0xc4,
        0x6b, 0xc4, 0xa9, 0xab, 0xa9, 0xab, 0x26, 0x6a, 0xe3, 0x30, 0x84, 0x49,
        0x48, 0x9b, 0x2b, 0xb4, 0xea, 0xab, 0x2b, 0xbc, 0xea, 0xab, 0x4b, 0xbc,
        0x2b, 0xbc, 0x4b, 0xbc, 0x4b, 0xbc, 0x09, 0xb4, 0x4b, 0xbc, 0x2b, 0xbc,
        0x2b, 0xb4, 0x4b, 0x7b, 0xe7, 0x49, 0x41, 0x08, 0x41, 0x08, 0x20, 0x00,
        0x41, 0x08, 0x41, 0x08, 0x20, 0x00, 0x20, 0x00, 0x20, 0x00, 0x20, 0x00,
        0x20, 0x00, 0x20, 0x00, 0x20, 0x00, 0x41, 0x08, 0x41, 0x08, 0x20, 0x00,
        0x20, 0x00, 0x20, 0x00, 0x41, 0x08, 0x20, 0x00, 0x41, 0x08, 0x41, 0x08,
        0x41, 0x08, 0x41, 0x08, 0x41, 0x08, 0x4b, 0x7b, 0xae, 0xbc, 0xac, 0xc4,
        0x2b, 0xbc, 0x8c, 0xc4, 0xac, 0xc4, 0x8d, 0xbc, 0x6d, 0xb4, 0x2f, 0xd5,
        0xe8, 0x82, 0xe3, 0x30, 0x89, 0xa3, 0x14, 0xe6, 0x10, 0xc5, 0x66, 0x7a,
        0x48, 0x9b, 0x8c, 0xc4, 0x8d, 0xbc, 0xef, 0xc4, 0x71, 0xd5, 0x71, 0xd5,
        0x51, 0xcd, 0x28, 0x93, 0x10, 0xc5, 0x15, 0xe6, 0x98, 0xe6, 0x57, 0xde,
        0x77, 0xe6, 0xb0, 0xb4, 0x6a, 0x9b, 0x8e, 0xb4, 0x53, 0xc5, 0x93, 0xcd,
        0x16, 0xd6, 0x37, 0xde, 0x57, 0xde, 0x38, 0xd6, 0x16, 0xd6, 0x50, 0x9c,
        0xa2, 0x10, 0x61, 0x08, 0x82, 0x10, 0xc3, 0x18, 0x65, 0x29, 0x08, 0x42,
        0xff, 0xff, 0xff, 0xff, 0xff, 0xff, 0x00, 0x00, 0x00, 0x00, 0x00, 0x00,
        0x00, 0x00, 0x00, 0x00, 0x00, 0x00, 0x00, 0x00, 0x00, 0x00, 0x00, 0x00,
        0x00, 0x00, 0x00, 0x00, 0x00, 0x00, 0x00, 0x00, 0x00, 0x00, 0x00, 0x00,
        0x00, 0x00, 0x00, 0x00, 0x00, 0x00, 0x00, 0x00, 0x00, 0x00, 0x00, 0x00,
        0x00, 0x00, 0x00, 0x00, 0x00, 0x00, 0x00, 0x00, 0x00, 0x00, 0x00, 0x00,
        0x00, 0x00, 0x00, 0x00, 0x00, 0x00, 0x00, 0x00, 0x00, 0x00, 0x00, 0x00,
        0x00, 0x00, 0x00, 0x00, 0x00, 0x00, 0x00, 0x00, 0x00, 0x00, 0x00, 0x00,
        0x00, 0x00, 0x00, 0x00, 0x00, 0x00, 0x00, 0x00, 0x00, 0x00, 0x00, 0x00,
        0x00, 0x00, 0x00, 0x00, 0x00, 0x00, 0x00, 0x00, 0x00, 0x00, 0x00, 0x00,
        0x00, 0x00, 0x00, 0x00, 0x00, 0x00, 0x00, 0x00, 0x00, 0x00, 0x00, 0x00,
        0x00, 0x00, 0x00, 0x00, 0x00, 0x00, 0x00, 0x00, 0x00, 0x00, 0x00, 0x00,
        0x00, 0x00, 0x00, 0x00, 0x00, 0x00, 0x00, 0x00, 0x00, 0x00, 0x00, 0x00,
        0x00, 0x00, 0x00, 0x00, 0x00, 0x00, 0x00, 0x00, 0x00, 0x00, 0x00, 0x00,
        0x00, 0x00, 0x00, 0x00, 0x00, 0x00, 0x00, 0x00, 0x00, 0x00, 0x00, 0x00,
        0x00, 0x00, 0x00, 0x00, 0x00, 0x00, 0x00, 0x00, 0xff, 0xff, 0xff, 0xff,
        0x00, 0x00, 0x00, 0x00, 0x00, 0x00, 0x00, 0x00, 0x00, 0x00, 0x00, 0x00,
        0xff, 0xff, 0xff, 0xff, 0xff, 0xff, 0xff, 0xff, 0xff, 0xff, 0xff, 0xff,
        0xff, 0xff, 0xff, 0xff, 0xff, 0xff, 0xff, 0xff, 0x08, 0x42, 0x08, 0x42,
        0x08, 0x42, 0x08, 0x42, 0x08, 0x42, 0x08, 0x42, 0x08, 0x42, 0x08, 0x42,
        0x08, 0x42, 0x08, 0x42, 0x08, 0x42, 0xff, 0xff, 0xff, 0xff, 0xff, 0xff,
        0xff, 0xff, 0xff, 0xff, 0xff, 0xff, 0x08, 0x42, 0x08, 0x42, 0x65, 0x29,
        0x65, 0x29, 0xc3, 0x18, 0xa2, 0x10, 0x82, 0x10, 0x61, 0x08, 0x41, 0x08,
        0x41, 0x08, 0xd1, 0xac, 0x15, 0xe6, 0x96, 0xee, 0x76, 0xee, 0x35, 0xe6,
        0xd2, 0xe5, 0x70, 0xd5, 0xd3, 0xdd, 0xd3, 0xdd, 0xce, 0xc4, 0xac, 0xc4,
        0x70, 0xd5, 0x91, 0xdd, 0xcd, 0xcc, 0xcd, 0xcc, 0xac, 0xc4, 0x4b, 0xbc,
        0x29, 0xc4, 0x09, 0xb4, 0xe7, 0x92, 0x84, 0x49, 0xa3, 0x18, 0x84, 0x49,
        0x48, 0x9b, 0xad, 0xc4, 0x4c, 0xbc, 0x2b, 0xb4, 0x2b, 0xb4, 0xac, 0xc4,
        0x2b, 0xbc, 0x6b, 0xc4, 0x2b, 0xbc, 0x09, 0xb4, 0x4c, 0xbc, 0xea, 0xab,
        0xea, 0xab, 0xac, 0x93, 0xe7, 0x49, 0x41, 0x08, 0x41, 0x08, 0x20, 0x00,
        0x41, 0x08, 0x20, 0x00, 0x20, 0x00, 0x41, 0x08, 0x41, 0x08, 0x41, 0x08,
        0x41, 0x08, 0x41, 0x08, 0x41, 0x08, 0x41, 0x08, 0x20, 0x00, 0x41, 0x08,
        0x41, 0x08, 0x20, 0x00, 0x20, 0x00, 0x41, 0x08, 0x20, 0x00, 0x20, 0x00,
        0x41, 0x08, 0x41, 0x08, 0x41, 0x08, 0x41, 0x08, 0x0a, 0x7b, 0x4f, 0xd5,
        0x2b, 0xbc, 0xea, 0xab, 0x4c, 0xbc, 0x4c, 0xbc, 0x6d, 0xb4, 0xf3, 0xe5,
        0xa7, 0x7a, 0x23, 0x41, 0xea, 0xab, 0xd3, 0xdd, 0x71, 0xd5, 0xe8, 0x82,
        0x28, 0x93, 0x2c, 0xb4, 0x2b, 0xb4, 0x2c, 0xb4, 0xd4, 0xd5, 0x92, 0xd5,
        0x72, 0xcd, 0x4a, 0x8b, 0xef, 0xc4, 0x35, 0xde, 0x57, 0xe6, 0xf5, 0xd5,
        0x57, 0xde, 0x95, 0xbd, 0x4a, 0x8b, 0x6f, 0xac, 0xb0, 0xb4, 0xf0, 0xbc,
        0x32, 0xc5, 0xb4, 0xcd, 0xd9, 0xe6, 0x16, 0xd6, 0x41, 0x08, 0x41, 0x08,
        0xa2, 0x10, 0x61, 0x08, 0xa2, 0x10, 0xc3, 0x18, 0x65, 0x29, 0x08, 0x42,
        0xff, 0xff, 0xff, 0xff, 0xff, 0xff, 0x00, 0x00, 0x00, 0x00, 0x00, 0x00,
        0x00, 0x00, 0x00, 0x00, 0x00, 0x00, 0x00, 0x00, 0x00, 0x00, 0x00, 0x00,
        0x00, 0x00, 0x00, 0x00, 0x00, 0x00, 0x00, 0x00, 0x00, 0x00, 0x00, 0x00,
        0x00, 0x00, 0x00, 0x00, 0x00, 0x00, 0x00, 0x00, 0x00, 0x00, 0x00, 0x00,
        0x00, 0x00, 0x00, 0x00, 0x00, 0x00, 0x00, 0x00, 0x00, 0x00, 0x00, 0x00,
        0x00, 0x00, 0x00, 0x00, 0x00, 0x00, 0x00, 0x00, 0x00, 0x00, 0x00, 0x00,
        0x00, 0x00, 0x00, 0x00, 0x00, 0x00, 0x00, 0x00, 0x00, 0x00, 0x00, 0x00,
        0x00, 0x00, 0x00, 0x00, 0x00, 0x00, 0x00, 0x00, 0x00, 0x00, 0x00, 0x00,
        0x00, 0x00, 0x00, 0x00, 0x00, 0x00, 0x00, 0x00, 0x00, 0x00, 0x00, 0x00,
        0x00, 0x00, 0x00, 0x00, 0x00, 0x00, 0x00, 0x00, 0x00, 0x00, 0x00, 0x00,
        0x00, 0x00, 0x00, 0x00, 0x00, 0x00, 0x00, 0x00, 0x00, 0x00, 0x00, 0x00,
        0x00, 0x00, 0x00, 0x00, 0x00, 0x00, 0x00, 0x00, 0x00, 0x00, 0x00, 0x00,
        0x00, 0x00, 0x00, 0x00, 0x00, 0x00, 0x00, 0x00, 0x00, 0x00, 0x00, 0x00,
        0x00, 0x00, 0x00, 0x00, 0x00, 0x00, 0x00, 0x00, 0x00, 0x00, 0x00, 0x00,
        0x00, 0x00, 0x00, 0x00, 0x00, 0x00, 0x00, 0x00, 0x00, 0x00, 0x00, 0x00,
        0x00, 0x00, 0x00, 0x00, 0x00, 0x00, 0x00, 0x00, 0x00, 0x00, 0x00, 0x00,
        0x00, 0x00, 0x00, 0x00, 0xff, 0xff, 0xff, 0xff, 0xff, 0xff, 0xff, 0xff,
        0xff, 0xff, 0xff, 0xff, 0xff, 0xff, 0xff, 0xff, 0xff, 0xff, 0xff, 0xff,
        0xff, 0xff, 0xff, 0xff, 0x08, 0x42, 0x08, 0x42, 0x08, 0x42, 0x08, 0x42,
        0xff, 0xff, 0xff, 0xff, 0xff, 0xff, 0xff, 0xff, 0xff, 0xff, 0xff, 0xff,
        0xff, 0xff, 0xff, 0xff, 0xff, 0xff, 0xff, 0xff, 0x08, 0x42, 0x65, 0x29,
        0x65, 0x29, 0xc3, 0x18, 0xa2, 0x10, 0x82, 0x10, 0x41, 0x08, 0xa2, 0x10,
        0xaa, 0x5a, 0x11, 0xc5, 0x76, 0xee, 0x97, 0xee, 0xb8, 0xee, 0x34, 0xe6,
        0x91, 0xd5, 0x50, 0xd5, 0x91, 0xd5, 0x71, 0xd5, 0x30, 0xcd, 0xcd, 0xcc,
        0x2f, 0xd5, 0xee, 0xcc, 0x2e, 0xd5, 0x4f, 0xd5, 0x8c, 0xc4, 0x4b, 0xbc,
        0xc9, 0xb3, 0x09, 0xb4, 0x48, 0x9b, 0xe3, 0x30, 0xa3, 0x18, 0xe8, 0x82,
        0x4f, 0xd5, 0x50, 0xd5, 0x4c, 0xbc, 0xad, 0xc4, 0x0f, 0xcd, 0x8c, 0xc4,
        0x2b, 0xbc, 0x68, 0xa3, 0x47, 0xa3, 0xa9, 0xab, 0xea, 0xab, 0x2b, 0xbc,
        0xea, 0xab, 0xac, 0x93, 0xe7, 0x49, 0x20, 0x00, 0x20, 0x00, 0x41, 0x08,
        0x20, 0x00, 0x41, 0x08, 0x41, 0x08, 0x21, 0x08, 0x21, 0x08, 0x21, 0x08,
        0x21, 0x08, 0x21, 0x08, 0x21, 0x08, 0x21, 0x08, 0x21, 0x08, 0x41, 0x08,
        0x20, 0x00, 0x20, 0x00, 0x41, 0x08, 0x20, 0x00, 0x20, 0x00, 0x20, 0x00,
        0x20, 0x00, 0x41, 0x08, 0x41, 0x08, 0x41, 0x08, 0x07, 0x52, 0x6f, 0xac,
        0xca, 0xa3, 0x89, 0xa3, 0xca, 0xa3, 0x0c, 0xac, 0xae, 0xbc, 0xf4, 0xdd,
        0x8b, 0x93, 0x26, 0x6a, 0x70, 0xd5, 0xb2, 0xd5, 0xcf, 0xbc, 0x6a, 0x9b,
        0x66, 0x7a, 0x6a, 0x9b, 0x0c, 0xac, 0xcb, 0x9b, 0xae, 0xbc, 0x92, 0xd5,
        0xb0, 0xb4, 0xc9, 0x7a, 0x2e, 0xa4, 0x93, 0xcd, 0xf5, 0xd5, 0x16, 0xd6,
        0x53, 0xc5, 0x57, 0xde, 0xb0, 0xb4, 0x88, 0x6a, 0x2e, 0xa4, 0xb0, 0xb4,
        0xf0, 0xbc, 0x6f, 0xac, 0xf0, 0xbc, 0x0f, 0x94, 0x41, 0x08, 0x21, 0x08,
        0x61, 0x08, 0x82, 0x10, 0xa2, 0x10, 0xc3, 0x18, 0x65, 0x29, 0x08, 0x42,
        0xff, 0xff, 0xff, 0xff, 0x00, 0x00, 0x00, 0x00, 0x00, 0x00, 0x00, 0x00,
        0x00, 0x00, 0x00, 0x00, 0x00, 0x00, 0x00, 0x00, 0x00, 0x00, 0x00, 0x00,
        0x00, 0x00, 0x00, 0x00, 0x00, 0x00, 0x00, 0x00, 0x00, 0x00, 0x00, 0x00,
        0x00, 0x00, 0x00, 0x00, 0x00, 0x00, 0x00, 0x00, 0x00, 0x00, 0x00, 0x00,
        0x00, 0x00, 0x00, 0x00, 0x00, 0x00, 0x00, 0x00, 0x00, 0x00, 0x00, 0x00,
        0x00, 0x00, 0x00, 0x00, 0x00, 0x00, 0x00, 0x00, 0x00, 0x00, 0x00, 0x00,
        0x00, 0x00, 0x00, 0x00, 0x00, 0x00, 0x00, 0x00, 0x00, 0x00, 0x00, 0x00,
        0x00, 0x00, 0x00, 0x00, 0x00, 0x00, 0x00, 0x00, 0x00, 0x00, 0x00, 0x00,
        0x00, 0x00, 0x00, 0x00, 0x00, 0x00, 0x00, 0x00, 0x00, 0x00, 0x00, 0x00,
        0x00, 0x00, 0x00, 0x00, 0x00, 0x00, 0x00, 0x00, 0x00, 0x00, 0x00, 0x00,
        0x00, 0x00, 0x00, 0x00, 0x00, 0x00, 0x00, 0x00, 0x00, 0x00, 0x00, 0x00,
        0x00, 0x00, 0x00, 0x00, 0x00, 0x00, 0x00, 0x00, 0x00, 0x00, 0x00, 0x00,
        0x00, 0x00, 0x00, 0x00, 0x00, 0x00, 0x00, 0x00, 0x00, 0x00, 0x00, 0x00,
        0x00, 0x00, 0x00, 0x00, 0x00, 0x00, 0x00, 0x00, 0x00, 0x00, 0x00, 0x00,
        0x00, 0x00, 0x00, 0x00, 0x00, 0x00, 0x00, 0x00, 0x00, 0x00, 0x00, 0x00,
        0x00, 0x00, 0x00, 0x00, 0x00, 0x00, 0x00, 0x00, 0x00, 0x00, 0x00, 0x00,
        0x00, 0x00, 0x00, 0x00, 0x00, 0x00, 0x00, 0x00, 0x00, 0x00, 0xff, 0xff,
        0xff, 0xff, 0xff, 0xff, 0xff, 0xff, 0xff, 0xff, 0xff, 0xff, 0xff, 0xff,
        0xff, 0xff, 0xff, 0xff, 0xff, 0xff, 0xff, 0xff, 0xff, 0xff, 0xff, 0xff,
        0xff, 0xff, 0xff, 0xff, 0xff, 0xff, 0xff, 0xff, 0xff, 0xff, 0xff, 0xff,
        0xff, 0xff, 0xff, 0xff, 0xff, 0xff, 0xff, 0xff, 0x08, 0x42, 0x08, 0x42,
        0x65, 0x29, 0xc3, 0x18, 0xa2, 0x10, 0x61, 0x08, 0x41, 0x08, 0x21, 0x08,
        0x50, 0x9c, 0xf4, 0xdd, 0xb8, 0xee, 0xb8, 0xee, 0x97, 0xee, 0xd3, 0xdd,
        0x2f, 0xd5, 0x30, 0xcd, 0xb2, 0xd5, 0x70, 0xd5, 0x50, 0xcd, 0x2f, 0xd5,
        0x8c, 0xc4, 0xce, 0xc4, 0x50, 0xd5, 0x2f, 0xd5, 0xcd, 0xcc, 0xcd, 0xcc,
        0x8c, 0xc4, 0xc9, 0xb3, 0x0a, 0xac, 0x84, 0x49, 0xa3, 0x18, 0xa7, 0x7a,
        0xb2, 0xdd, 0xce, 0xc4, 0xa7, 0x7a, 0x29, 0x83, 0xad, 0xc4, 0x4c, 0xbc,
        0x89, 0xa3, 0xea, 0xab, 0xa9, 0xab, 0x68, 0xa3, 0x68, 0xa3, 0xa9, 0xab,
        0x4c, 0xbc, 0x8c, 0xc4, 0x4b, 0x7b, 0x41, 0x08, 0x41, 0x08, 0x20, 0x00,
        0x41, 0x08, 0x21, 0x08, 0x21, 0x08, 0xa2, 0x10, 0xa2, 0x10, 0xa2, 0x10,
        0xa2, 0x10, 0x41, 0x08, 0xa2, 0x10, 0xa2, 0x10, 0xa2, 0x10, 0xa2, 0x10,
        0x21, 0x08, 0x21, 0x08, 0x41, 0x08, 0x20, 0x00, 0x20, 0x00, 0x41, 0x08,
        0x20, 0x00, 0x20, 0x00, 0x20, 0x00, 0x41, 0x08, 0x41, 0x08, 0x41, 0x08,
        0x0a, 0x7b, 0x4a, 0x8b, 0xcb, 0x9b, 0x0c, 0xac, 0x8e, 0xb4, 0x10, 0xc5,
        0xc9, 0x7a, 0xcb, 0x9b, 0xb3, 0xd5, 0xb3, 0xd5, 0x4a, 0x8b, 0xa7, 0x7a,
        0x29, 0x83, 0x29, 0x83, 0x8b, 0x93, 0x8b, 0x93, 0x0c, 0xac, 0xb0, 0xb4,
        0x4b, 0x83, 0x23, 0x41, 0x47, 0x6a, 0xcc, 0x93, 0x53, 0xc5, 0xb4, 0xcd,
        0xf0, 0xbc, 0x2e, 0xa4, 0xb0, 0xb4, 0x88, 0x6a, 0xc5, 0x51, 0x68, 0x5a,
        0x0a, 0x7b, 0x4b, 0x7b, 0xaa, 0x62, 0x21, 0x08, 0x41, 0x08, 0x61, 0x08,
        0x82, 0x10, 0xa2, 0x10, 0xc3, 0x18, 0x65, 0x29, 0x08, 0x42, 0xff, 0xff,
        0xff, 0xff, 0xff, 0xff, 0x00, 0x00, 0x00, 0x00, 0x00, 0x00, 0x00, 0x00,
        0x00, 0x00, 0x00, 0x00, 0x00, 0x00, 0x00, 0x00, 0x00, 0x00, 0x00, 0x00,
        0x00, 0x00, 0x00, 0x00, 0x00, 0x00, 0x00, 0x00, 0x00, 0x00, 0x00, 0x00,
        0x00, 0x00, 0x00, 0x00, 0x00, 0x00, 0x00, 0x00, 0x00, 0x00, 0x00, 0x00,
        0x00, 0x00, 0x00, 0x00, 0x00, 0x00, 0x00, 0x00, 0x00, 0x00, 0x00, 0x00,
        0x00, 0x00, 0x00, 0x00, 0x00, 0x00, 0x00, 0x00, 0x00, 0x00, 0x00, 0x00,
        0x00, 0x00, 0x00, 0x00, 0x00, 0x00, 0x00, 0x00, 0x00, 0x00, 0x00, 0x00,
        0x00, 0x00, 0x00, 0x00, 0x00, 0x00, 0x00, 0x00, 0x00, 0x00, 0x00, 0x00,
        0x00, 0x00, 0x00, 0x00, 0x00, 0x00, 0x00, 0x00, 0x00, 0x00, 0x00, 0x00,
        0x00, 0x00, 0x00, 0x00, 0x00, 0x00, 0x00, 0x00, 0x00, 0x00, 0x00, 0x00,
        0x00, 0x00, 0x00, 0x00, 0x00, 0x00, 0x00, 0x00, 0x00, 0x00, 0x00, 0x00,
        0x00, 0x00, 0x00, 0x00, 0x00, 0x00, 0x00, 0x00, 0x00, 0x00, 0x00, 0x00,
        0x00, 0x00, 0x00, 0x00, 0x00, 0x00, 0x00, 0x00, 0x00, 0x00, 0x00, 0x00,
        0x00, 0x00, 0x00, 0x00, 0x00, 0x00, 0x00, 0x00, 0x00, 0x00, 0x00, 0x00,
        0x00, 0x00, 0x00, 0x00, 0x00, 0x00, 0x00, 0x00, 0x00, 0x00, 0x00, 0x00,
        0x00, 0x00, 0x00, 0x00, 0x00, 0x00, 0x00, 0x00, 0x00, 0x00, 0x00, 0x00,
        0x00, 0x00, 0x00, 0x00, 0x00, 0x00, 0x00, 0x00, 0x00, 0x00, 0x00, 0x00,
        0x00, 0x00, 0x00, 0x00, 0x00, 0x00, 0x00, 0x00, 0x00, 0x00, 0x00, 0x00,
        0x00, 0x00, 0x00, 0x00, 0x00, 0x00, 0x00, 0x00, 0x00, 0x00, 0x00, 0x00,
        0xff, 0xff, 0xff, 0xff, 0xff, 0xff, 0xff, 0xff, 0xff, 0xff, 0xff, 0xff,
        0xff, 0xff, 0xff, 0xff, 0xff, 0xff, 0xff, 0xff, 0x08, 0x42, 0x08, 0x42,
        0x65, 0x29, 0xc3, 0x18, 0x82, 0x10, 0x61, 0x08, 0xa2, 0x10, 0x41, 0x08,
        0x0f, 0x94, 0x77, 0xe6, 0xf9, 0xee, 0xb8, 0xee, 0x35, 0xe6, 0xf4, 0xdd,
        0x50, 0xcd, 0x0f, 0xcd, 0x71, 0xd5, 0xb2, 0xdd, 0x2f, 0xd5, 0xea, 0xab,
        0x25, 0x72, 0x2c, 0xb4, 0x2f, 0xd5, 0xee, 0xcc, 0xce, 0xc4, 0x4c, 0xbc,
        0x8c, 0xc4, 0xca, 0xa3, 0x48, 0x9b, 0x25, 0x72, 0xa3, 0x18, 0xa7, 0x7a,
        0x50, 0xd5, 0x6d, 0xb4, 0x23, 0x41, 0x23, 0x41, 0x28, 0x93, 0x6d, 0xb4,
        0x4c, 0xbc, 0xea, 0xab, 0x89, 0xa3, 0x89, 0xa3, 0x48, 0x9b, 0x48, 0x9b,
        0x89, 0xa3, 0x6d, 0xb4, 0x4b, 0x7b, 0x20, 0x00, 0x20, 0x00, 0x41, 0x08,
        0x21, 0x08, 0xa2, 0x10, 0xa2, 0x10, 0x41, 0x08, 0x41, 0x08, 0x41, 0x08,
        0x61, 0x08, 0x61, 0x08, 0x61, 0x08, 0x61, 0x08, 0x41, 0x08, 0x41, 0x08,
        0x41, 0x08, 0xa2, 0x10, 0xa2, 0x10, 0xa2, 0x10, 0x21, 0x08, 0x41, 0x08,
        0x41, 0x08, 0x20, 0x00, 0x41, 0x08, 0x20, 0x00, 0x20, 0x00, 0x41, 0x08,
        0x41, 0x08, 0x07, 0x52, 0x2e, 0xa4, 0x4d, 0xac, 0x6f, 0xac, 0x4b, 0x83,
        0x84, 0x49, 0x2e, 0xa4, 0xb0, 0xb4, 0x8e, 0xb4, 0xc9, 0x7a, 0x84, 0x49,
        0xc9, 0x7a, 0x88, 0x6a, 0xc9, 0x7a, 0xc9, 0x7a, 0x29, 0x83, 0xc9, 0x7a,
        0x84, 0x49, 0xe3, 0x30, 0x84, 0x49, 0x68, 0x5a, 0x0a, 0x7b, 0x4b, 0x7b,
        0x07, 0x52, 0xe7, 0x49, 0xaa, 0x62, 0xaa, 0x62, 0x20, 0x00, 0x41, 0x08,
        0x41, 0x08, 0xa2, 0x10, 0x61, 0x08, 0x82, 0x10, 0xa2, 0x10, 0xa2, 0x10,
        0xc3, 0x18, 0xc3, 0x18, 0x65, 0x29, 0x08, 0x42, 0xff, 0xff, 0xff, 0xff,
        0xff, 0xff, 0xff, 0xff, 0x00, 0x00, 0x00, 0x00, 0x00, 0x00, 0x00, 0x00,
        0x00, 0x00, 0x00, 0x00, 0x00, 0x00, 0x00, 0x00, 0x00, 0x00, 0x00, 0x00,
        0x00, 0x00, 0x00, 0x00, 0x00, 0x00, 0x00, 0x00, 0x00, 0x00, 0x00, 0x00,
        0x00, 0x00, 0x00, 0x00, 0x00, 0x00, 0x00, 0x00, 0x00, 0x00, 0x00, 0x00,
        0x00, 0x00, 0x00, 0x00, 0x00, 0x00, 0x00, 0x00, 0x00, 0x00, 0x00, 0x00,
        0x00, 0x00, 0x00, 0x00, 0x00, 0x00, 0x00, 0x00, 0x00, 0x00, 0x00, 0x00,
        0x00, 0x00, 0x00, 0x00, 0x00, 0x00, 0x00, 0x00, 0x00, 0x00, 0x00, 0x00,
        0x00, 0x00, 0x00, 0x00, 0x00, 0x00, 0x00, 0x00, 0x00, 0x00, 0x00, 0x00,
        0x00, 0x00, 0x00, 0x00, 0x00, 0x00, 0x00, 0x00, 0x00, 0x00, 0x00, 0x00,
        0x00, 0x00, 0x00, 0x00, 0x00, 0x00, 0x00, 0x00, 0x00, 0x00, 0x00, 0x00,
        0x00, 0x00, 0x00, 0x00, 0x00, 0x00, 0x00, 0x00, 0x00, 0x00, 0x00, 0x00,
        0x00, 0x00, 0x00, 0x00, 0x00, 0x00, 0x00, 0x00, 0x00, 0x00, 0x00, 0x00,
        0x00, 0x00, 0x00, 0x00, 0x00, 0x00, 0x00, 0x00, 0x00, 0x00, 0x00, 0x00,
        0x00, 0x00, 0x00, 0x00, 0x00, 0x00, 0x00, 0x00, 0x00, 0x00, 0x00, 0x00,
        0x00, 0x00, 0x00, 0x00, 0x00, 0x00, 0x00, 0x00, 0x00, 0x00, 0x00, 0x00,
        0x00, 0x00, 0x00, 0x00, 0x00, 0x00, 0x00, 0x00, 0x00, 0x00, 0x00, 0x00,
        0x00, 0x00, 0x00, 0x00, 0x00, 0x00, 0x00, 0x00, 0x00, 0x00, 0x00, 0x00,
        0x00, 0x00, 0x00, 0x00, 0x00, 0x00, 0x00, 0x00, 0x00, 0x00, 0x00, 0x00,
        0x00, 0x00, 0x00, 0x00, 0x00, 0x00, 0x00, 0x00, 0x00, 0x00, 0x00, 0x00,
        0x00, 0x00, 0xff, 0xff, 0xff, 0xff, 0xff, 0xff, 0xff, 0xff, 0xff, 0xff,
        0xff, 0xff, 0xff, 0xff, 0xff, 0xff, 0xff, 0xff, 0x08, 0x42, 0x08, 0x42,
        0x65, 0x29, 0xc3, 0x18, 0x82, 0x10, 0x61, 0x08, 0xa2, 0x10, 0x41, 0x08,
        0xd1, 0xac, 0xb8, 0xe6, 0xf9, 0xee, 0x98, 0xe6, 0x97, 0xee, 0x15, 0xe6,
        0xb2, 0xd5, 0x50, 0xcd, 0xd4, 0xdd, 0x71, 0xd5, 0x70, 0xd5, 0x2b, 0xb4,
        0x25, 0x72, 0x2b, 0xb4, 0x91, 0xd5, 0x30, 0xcd, 0xad, 0xc4, 0x2b, 0xb4,
        0x6d, 0xb4, 0x2b, 0xb4, 0x89, 0xa3, 0xa7, 0x82, 0xe3, 0x30, 0x84, 0x49,
        0x70, 0xd5, 0x50, 0xcd, 0x06, 0x5a, 0xe3, 0x30, 0x28, 0x93, 0x50, 0xcd,
        0xef, 0xc4, 0x2c, 0xb4, 0x6a, 0x9b, 0x6a, 0x9b, 0x28, 0x93, 0x89, 0xa3,
        0x89, 0xa3, 0xca, 0xa3, 0xaa, 0x62, 0x20, 0x00, 0x21, 0x08, 0xa2, 0x10,
        0xa2, 0x10, 0x41, 0x08, 0x41, 0x08, 0x61, 0x08, 0x61, 0x08, 0x82, 0x10,
        0x82, 0x10, 0x82, 0x10, 0x82, 0x10, 0x82, 0x10, 0x82, 0x10, 0x82, 0x10,
        0x61, 0x08, 0x61, 0x08, 0x61, 0x08, 0x61, 0x08, 0x41, 0x08, 0x41, 0x08,
        0xa2, 0x10, 0xa2, 0x10, 0x21, 0x08, 0x41, 0x08, 0x20, 0x00, 0x41, 0x08,
        0x20, 0x00, 0x41, 0x08, 0xe7, 0x49, 0xac, 0x93, 0x4b, 0x83, 0x47, 0x6a,
        0x06, 0x5a, 0x8b, 0x93, 0x4b, 0x83, 0x0a, 0x7b, 0x07, 0x52, 0x07, 0x52,
        0x07, 0x52, 0x07, 0x52, 0x07, 0x52, 0x07, 0x52, 0xe7, 0x49, 0x41, 0x08,
        0x20, 0x00, 0x20, 0x00, 0x20, 0x00, 0x41, 0x08, 0x20, 0x00, 0x41, 0x08,
        0x21, 0x08, 0x21, 0x08, 0xa2, 0x10, 0xa2, 0x10, 0x41, 0x08, 0x41, 0x08,
        0x61, 0x08, 0x61, 0x08, 0xa2, 0x10, 0xa2, 0x10, 0xc3, 0x18, 0xc3, 0x18,
        0x65, 0x29, 0x65, 0x29, 0x08, 0x42, 0xff, 0xff, 0xff, 0xff, 0xff, 0xff,
        0xff, 0xff, 0x00, 0x00, 0x00, 0x00, 0x00, 0x00, 0x00, 0x00, 0x00, 0x00,
        0x00, 0x00, 0x00, 0x00, 0x00, 0x00, 0x00, 0x00, 0x00, 0x00, 0x00, 0x00,
        0x00, 0x00, 0x00, 0x00, 0x00, 0x00, 0x00, 0x00, 0x00, 0x00, 0x00, 0x00,
        0x00, 0x00, 0x00, 0x00, 0x00, 0x00, 0x00, 0x00, 0x00, 0x00, 0x00, 0x00,
        0x00, 0x00, 0x00, 0x00, 0x00, 0x00, 0x00, 0x00, 0x00, 0x00, 0x00, 0x00,
        0x00, 0x00, 0x00, 0x00, 0x00, 0x00, 0x00, 0x00, 0x00, 0x00, 0x00, 0x00,
        0x00, 0x00, 0x00, 0x00, 0x00, 0x00, 0x00, 0x00, 0x00, 0x00, 0x00, 0x00,
        0x00, 0x00, 0x00, 0x00, 0x00, 0x00, 0x00, 0x00, 0x00, 0x00, 0x00, 0x00,
        0x00, 0x00, 0x00, 0x00, 0x00, 0x00, 0x00, 0x00, 0x00, 0x00, 0x00, 0x00,
        0x00, 0x00, 0x00, 0x00, 0x00, 0x00, 0x00, 0x00, 0x00, 0x00, 0x00, 0x00,
        0x00, 0x00, 0x00, 0x00, 0x00, 0x00, 0x00, 0x00, 0x00, 0x00, 0x00, 0x00,
        0x00, 0x00, 0x00, 0x00, 0x00, 0x00, 0x00, 0x00, 0x00, 0x00, 0x00, 0x00,
        0x00, 0x00, 0x00, 0x00, 0x00, 0x00, 0x00, 0x00, 0x00, 0x00, 0x00, 0x00,
        0x00, 0x00, 0x00, 0x00, 0x00, 0x00, 0x00, 0x00, 0x00, 0x00, 0x00, 0x00,
        0x00, 0x00, 0x00, 0x00, 0x00, 0x00, 0x00, 0x00, 0x00, 0x00, 0x00, 0x00,
        0x00, 0x00, 0x00, 0x00, 0x00, 0x00, 0x00, 0x00, 0x00, 0x00, 0x00, 0x00,
        0x00, 0x00, 0x00, 0x00, 0x00, 0x00, 0x00, 0x00, 0x00, 0x00, 0x00, 0x00,
        0x00, 0x00, 0x00, 0x00, 0x00, 0x00, 0x00, 0x00, 0x00, 0x00, 0x00, 0x00,
        0x00, 0x00, 0x00, 0x00, 0x00, 0x00, 0x00, 0x00, 0x00, 0x00, 0x00, 0x00,
        0x00, 0x00, 0x00, 0x00, 0x00, 0x00, 0xff, 0xff, 0xff, 0xff, 0xff, 0xff,
        0xff, 0xff, 0xff, 0xff, 0xff, 0xff, 0x08, 0x42, 0x08, 0x42, 0x65, 0x29,
        0xc3, 0x18, 0xc3, 0x18, 0x82, 0x10, 0x61, 0x08, 0xa2, 0x10, 0x41, 0x08,
        0xd6, 0xcd, 0xd9, 0xe6, 0xb8, 0xee, 0x77, 0xe6, 0x35, 0xde, 0x35, 0xde,
        0x71, 0xd5, 0x51, 0xcd, 0xb2, 0xd5, 0x71, 0xd5, 0xb2, 0xd5, 0xb2, 0xdd,
        0x2b, 0xb4, 0x6d, 0xb4, 0x91, 0xd5, 0x30, 0xcd, 0x30, 0xcd, 0x0c, 0xac,
        0x2b, 0xb4, 0xce, 0xc4, 0x6d, 0xb4, 0x48, 0x9b, 0x06, 0x5a, 0x23, 0x41,
        0xcf, 0xbc, 0xd3, 0xdd, 0x6a, 0x9b, 0x06, 0x5a, 0x29, 0x83, 0x91, 0xd5,
        0xae, 0xbc, 0xcb, 0x9b, 0xec, 0xa3, 0x4a, 0x8b, 0xe8, 0x82, 0xe8, 0x82,
        0xcb, 0x9b, 0x4b, 0x7b, 0x20, 0x00, 0x21, 0x08, 0xa2, 0x10, 0x41, 0x08,
        0x61, 0x08, 0x61, 0x08, 0x82, 0x10, 0x82, 0x10, 0xa2, 0x10, 0xa2, 0x10,
        0xa2, 0x10, 0xc3, 0x18, 0xc3, 0x18, 0xc3, 0x18, 0xc3, 0x18, 0xc3, 0x18,
        0xc3, 0x18, 0xc3, 0x18, 0xa2, 0x10, 0xa2, 0x10, 0x82, 0x10, 0x82, 0x10,
        0x61, 0x08, 0x61, 0x08, 0x61, 0x08, 0x41, 0x08, 0x41, 0x08, 0xa2, 0x10,
        0x21, 0x08, 0x21, 0x08, 0x21, 0x08, 0xaa, 0x5a, 0xaa, 0x5a, 0xaa, 0x5a,
        0xaa, 0x5a, 0xaa, 0x5a, 0xaa, 0x5a, 0x20, 0x00, 0x41, 0x08, 0x21, 0x08,
        0x41, 0x08, 0x21, 0x08, 0x41, 0x08, 0x21, 0x08, 0x21, 0x08, 0x21, 0x08,
        0x21, 0x08, 0xa2, 0x10, 0xa2, 0x10, 0xa2, 0x10, 0x41, 0x08, 0x41, 0x08,
        0x41, 0x08, 0x41, 0x08, 0x61, 0x08, 0x61, 0x08, 0x61, 0x08, 0x82, 0x10,
        0xa2, 0x10, 0xc3, 0x18, 0xc3, 0x18, 0x65, 0x29, 0x65, 0x29, 0x65, 0x29,
        0x08, 0x42, 0x08, 0x42, 0xff, 0xff, 0xff, 0xff, 0xff, 0xff, 0xff, 0xff,
        0x00, 0x00, 0x00, 0x00, 0x00, 0x00, 0x00, 0x00, 0x00, 0x00, 0x00, 0x00,
        0x00, 0x00, 0x00, 0x00, 0x00, 0x00, 0x00, 0x00, 0x00, 0x00, 0x00, 0x00,
        0x00, 0x00, 0x00, 0x00, 0x00, 0x00, 0x00, 0x00, 0x00, 0x00, 0x00, 0x00,
        0x00, 0x00, 0x00, 0x00, 0x00, 0x00, 0x00, 0x00, 0x00, 0x00, 0x00, 0x00,
        0x00, 0x00, 0x00, 0x00, 0x00, 0x00, 0x00, 0x00, 0x00, 0x00, 0x00, 0x00,
        0x00, 0x00, 0x00, 0x00, 0x00, 0x00, 0x00, 0x00, 0x00, 0x00, 0x00, 0x00,
        0x00, 0x00, 0x00, 0x00, 0x00, 0x00, 0x00, 0x00, 0x00, 0x00, 0x00, 0x00,
        0x00, 0x00, 0x00, 0x00, 0x00, 0x00, 0x00, 0x00, 0x00, 0x00, 0x00, 0x00,
        0x00, 0x00, 0x00, 0x00, 0x00, 0x00, 0x00, 0x00, 0x00, 0x00, 0x00, 0x00,
        0x00, 0x00, 0x00, 0x00, 0x00, 0x00, 0x00, 0x00, 0x00, 0x00, 0x00, 0x00,
        0x00, 0x00, 0x00, 0x00, 0x00, 0x00, 0x00, 0x00, 0x00, 0x00, 0x00, 0x00,
        0x00, 0x00, 0x00, 0x00, 0x00, 0x00, 0x00, 0x00, 0x00, 0x00, 0x00, 0x00,
        0x00, 0x00, 0x00, 0x00, 0x00, 0x00, 0x00, 0x00, 0x00, 0x00, 0x00, 0x00,
        0x00, 0x00, 0x00, 0x00, 0x00, 0x00, 0x00, 0x00, 0x00, 0x00, 0x00, 0x00,
        0x00, 0x00, 0x00, 0x00, 0x00, 0x00, 0x00, 0x00, 0x00, 0x00, 0x00, 0x00,
        0x00, 0x00, 0x00, 0x00, 0x00, 0x00, 0x00, 0x00, 0x00, 0x00, 0x00, 0x00,
        0x00, 0x00, 0x00, 0x00, 0x00, 0x00, 0x00, 0x00, 0x00, 0x00, 0x00, 0x00,
        0x00, 0x00, 0x00, 0x00, 0x00, 0x00, 0x00, 0x00, 0x00, 0x00, 0x00, 0x00,
        0x00, 0x00, 0x00, 0x00, 0x00, 0x00, 0x00, 0x00, 0x00, 0x00, 0x00, 0x00,
        0x00, 0x00, 0x00, 0x00, 0x00, 0x00, 0xff, 0xff, 0xff, 0xff, 0xff, 0xff,
        0xff, 0xff, 0xff, 0xff, 0x08, 0x42, 0x08, 0x42, 0x08, 0x42, 0x08, 0x42,
        0x65, 0x29, 0xc3, 0x18, 0xa2, 0x10, 0x61, 0x08, 0x41, 0x08, 0x41, 0x08,
        0xd1, 0xac, 0x99, 0xe6, 0xb8, 0xe6, 0x57, 0xe6, 0x35, 0xde, 0xb3, 0xd5,
        0xd4, 0xdd, 0x35, 0xde, 0xb3, 0xd5, 0xf4, 0xdd, 0xb2, 0xd5, 0x30, 0xcd,
        0xef, 0xc4, 0xcb, 0x9b, 0x92, 0xd5, 0xd3, 0xdd, 0xae, 0xbc, 0xcb, 0x9b,
        0xae, 0xbc, 0xae, 0xbc, 0x6a, 0x9b, 0x6a, 0x9b, 0xa7, 0x7a, 0x23, 0x41,
        0xc9, 0x7a, 0xd3, 0xdd, 0x10, 0xc5, 0xcb, 0x9b, 0x88, 0x6a, 0x4d, 0xac,
        0x51, 0xcd, 0xcb, 0x9b, 0xcb, 0x9b, 0xcb, 0x9b, 0xe8, 0x82, 0xa7, 0x7a,
        0x07, 0x52, 0x20, 0x00, 0x21, 0x08, 0x41, 0x08, 0x61, 0x08, 0x82, 0x10,
        0x82, 0x10, 0xa2, 0x10, 0xa2, 0x10, 0xc3, 0x18, 0xc3, 0x18, 0xc3, 0x18,
        0x65, 0x29, 0x65, 0x29, 0x65, 0x29, 0x65, 0x29, 0x65, 0x29, 0x65, 0x29,
        0x65, 0x29, 0x65, 0x29, 0x65, 0x29, 0x65, 0x29, 0x65, 0x29, 0xc3, 0x18,
        0xc3, 0x18, 0xc3, 0x18, 0xa2, 0x10, 0xa2, 0x10, 0x82, 0x10, 0x82, 0x10,
        0x61, 0x08, 0x61, 0x08, 0x41, 0x08, 0x61, 0x08, 0x61, 0x08, 0x61, 0x08,
        0x61, 0x08, 0x61, 0x08, 0x61, 0x08, 0x61, 0x08, 0x41, 0x08, 0x41, 0x08,
        0x41, 0x08, 0x41, 0x08, 0x41, 0x08, 0x41, 0x08, 0x61, 0x08, 0x61, 0x08,
        0x61, 0x08, 0x61, 0x08, 0x82, 0x10, 0x82, 0x10, 0x82, 0x10, 0xa2, 0x10,
        0xa2, 0x10, 0xa2, 0x10, 0xa2, 0x10, 0xc3, 0x18, 0xc3, 0x18, 0xc3, 0x18,
        0x65, 0x29, 0x65, 0x29, 0x65, 0x29, 0x08, 0x42, 0x08, 0x42, 0x08, 0x42,
        0x08, 0x42, 0xff, 0xff, 0xff, 0xff, 0xff, 0xff, 0xff, 0xff, 0x00, 0x00,
        0x00, 0x00, 0x00, 0x00, 0x00, 0x00, 0x00, 0x00, 0x00, 0x00, 0x00, 0x00,
        0x00, 0x00, 0x00, 0x00, 0x00, 0x00, 0x00, 0x00, 0x00, 0x00, 0x00, 0x00,
        0x00, 0x00, 0x00, 0x00, 0x00, 0x00, 0x00, 0x00, 0x00, 0x00, 0x00, 0x00,
        0x00, 0x00, 0x00, 0x00, 0x00, 0x00, 0x00, 0x00, 0x00, 0x00, 0x00, 0x00,
        0x00, 0x00, 0x00, 0x00, 0x00, 0x00, 0x00, 0x00, 0x00, 0x00, 0x00, 0x00,
        0x00, 0x00, 0x00, 0x00, 0x00, 0x00, 0x00, 0x00, 0x00, 0x00, 0x00, 0x00,
        0x00, 0x00, 0x00, 0x00, 0x00, 0x00, 0x00, 0x00, 0x00, 0x00, 0x00, 0x00,
        0x00, 0x00, 0x00, 0x00, 0x00, 0x00, 0x00, 0x00, 0x00, 0x00, 0x00, 0x00,
        0x00, 0x00, 0x00, 0x00, 0x00, 0x00, 0x00, 0x00, 0x00, 0x00, 0x00, 0x00,
        0x00, 0x00, 0x00, 0x00, 0x00, 0x00, 0x00, 0x00, 0x00, 0x00, 0x00, 0x00,
        0x00, 0x00, 0x00, 0x00, 0x00, 0x00, 0x00, 0x00, 0x00, 0x00, 0x00, 0x00,
        0x00, 0x00, 0x00, 0x00, 0x00, 0x00, 0x00, 0x00, 0x00, 0x00, 0x00, 0x00,
        0x00, 0x00, 0x00, 0x00, 0x00, 0x00, 0x00, 0x00, 0x00, 0x00, 0x00, 0x00,
        0x00, 0x00, 0x00, 0x00, 0x00, 0x00, 0x00, 0x00, 0x00, 0x00, 0x00, 0x00,
        0x00, 0x00, 0x00, 0x00, 0x00, 0x00, 0x00, 0x00, 0x00, 0x00, 0x00, 0x00,
        0x00, 0x00, 0x00, 0x00, 0x00, 0x00, 0x00, 0x00, 0x00, 0x00, 0x00, 0x00,
        0x00, 0x00, 0x00, 0x00, 0x00, 0x00, 0x00, 0x00, 0x00, 0x00, 0x00, 0x00,
        0x00, 0x00, 0x00, 0x00, 0x00, 0x00, 0x00, 0x00, 0x00, 0x00, 0x00, 0x00,
        0x00, 0x00, 0x00, 0x00, 0x00, 0x00, 0x00, 0x00, 0x00, 0x00, 0x00, 0x00,
        0x00, 0x00, 0x00, 0x00, 0x00, 0x00, 0x00, 0x00, 0x00, 0x00, 0xff, 0xff,
        0xff, 0xff, 0xff, 0xff, 0x08, 0x42, 0x08, 0x42, 0x08, 0x42, 0x08, 0x42,
        0x65, 0x29, 0xc3, 0x18, 0xa2, 0x10, 0x61, 0x08, 0x41, 0x08, 0x21, 0x08,
        0x54, 0xbd, 0x99, 0xe6, 0x99, 0xe6, 0x78, 0xde, 0xd4, 0xd5, 0xd4, 0xd5,
        0xd4, 0xd5, 0x93, 0xcd, 0xd4, 0xd5, 0xd4, 0xd5, 0x35, 0xde, 0x92, 0xd5,
        0xb3, 0xd5, 0xcc, 0x93, 0x8e, 0xb4, 0x56, 0xe6, 0x10, 0xc5, 0x8e, 0xb4,
        0xae, 0xbc, 0x8b, 0x93, 0xec, 0xa3, 0x8b, 0x93, 0xa7, 0x7a, 0x06, 0x5a,
        0x06, 0x5a, 0x6f, 0xac, 0xd4, 0xd5, 0x4d, 0xac, 0xc9, 0x7a, 0x06, 0x5a,
        0x2e, 0xa4, 0x8e, 0xb4, 0x2e, 0xa4, 0x4b, 0x83, 0xc9, 0x7a, 0xe7, 0x49,
        0x41, 0x08, 0x21, 0x08, 0x41, 0x08, 0x82, 0x10, 0xa2, 0x10, 0xc3, 0x18,
        0xc3, 0x18, 0x65, 0x29, 0x65, 0x29, 0x65, 0x29, 0x08, 0x42, 0x08, 0x42,
        0x08, 0x42, 0x08, 0x42, 0xff, 0xff, 0x08, 0x42, 0x08, 0x42, 0x08, 0x42,
        0xff, 0xff, 0x08, 0x42, 0x08, 0x42, 0x08, 0x42, 0x08, 0x42, 0x08, 0x42,
        0x08, 0x42, 0x08, 0x42, 0x65, 0x29, 0x65, 0x29, 0x65, 0x29, 0xc3, 0x18,
        0xc3, 0x18, 0xa2, 0x10, 0xa2, 0x10, 0x82, 0x10, 0x82, 0x10, 0x82, 0x10,
        0x82, 0x10, 0x82, 0x10, 0x82, 0x10, 0xa2, 0x10, 0x82, 0x10, 0xa2, 0x10,
        0xa2, 0x10, 0xa2, 0x10, 0xa2, 0x10, 0xa2, 0x10, 0xa2, 0x10, 0xa2, 0x10,
        0xc3, 0x18, 0xc3, 0x18, 0xc3, 0x18, 0xc3, 0x18, 0xc3, 0x18, 0x65, 0x29,
        0x65, 0x29, 0x65, 0x29, 0x65, 0x29, 0x65, 0x29, 0x65, 0x29, 0x65, 0x29,
        0x08, 0x42, 0x08, 0x42, 0x08, 0x42, 0x08, 0x42, 0xff, 0xff, 0xff, 0xff,
        0xff, 0xff, 0xff, 0xff, 0xff, 0xff, 0xff, 0xff, 0x00, 0x00, 0x00, 0x00,
        0x00, 0x00, 0x00, 0x00, 0x00, 0x00, 0x00, 0x00, 0x00, 0x00, 0x00, 0x00,
        0x00, 0x00, 0x00, 0x00, 0x00, 0x00, 0x00, 0x00, 0x00, 0x00, 0x00, 0x00,
        0x00, 0x00, 0x00, 0x00, 0x00, 0x00, 0x00, 0x00, 0x00, 0x00, 0x00, 0x00,
        0x00, 0x00, 0x00, 0x00, 0x00, 0x00, 0x00, 0x00, 0x00, 0x00, 0x00, 0x00,
        0x00, 0x00, 0x00, 0x00, 0x00, 0x00, 0x00, 0x00, 0x00, 0x00, 0x00, 0x00,
        0x00, 0x00, 0x00, 0x00, 0x00, 0x00, 0x00, 0x00, 0x00, 0x00, 0x00, 0x00,
        0x00, 0x00, 0x00, 0x00, 0x00, 0x00, 0x00, 0x00, 0x00, 0x00, 0x00, 0x00,
        0x00, 0x00, 0x00, 0x00, 0x00, 0x00, 0x00, 0x00, 0x00, 0x00, 0x00, 0x00,
        0x00, 0x00, 0x00, 0x00, 0x00, 0x00, 0x00, 0x00, 0x00, 0x00, 0x00, 0x00,
        0x00, 0x00, 0x00, 0x00, 0x00, 0x00, 0x00, 0x00, 0x00, 0x00, 0x00, 0x00,
        0x00, 0x00, 0x00, 0x00, 0x00, 0x00, 0x00, 0x00, 0x00, 0x00, 0x00, 0x00,
        0x00, 0x00, 0x00, 0x00, 0x00, 0x00, 0x00, 0x00, 0x00, 0x00, 0x00, 0x00,
        0x00, 0x00, 0x00, 0x00, 0x00, 0x00, 0x00, 0x00, 0x00, 0x00, 0x00, 0x00,
        0x00, 0x00, 0x00, 0x00, 0x00, 0x00, 0x00, 0x00, 0x00, 0x00, 0x00, 0x00,
        0x00, 0x00, 0x00, 0x00, 0x00, 0x00, 0x00, 0x00, 0x00, 0x00, 0x00, 0x00,
        0x00, 0x00, 0x00, 0x00, 0x00, 0x00, 0x00, 0x00, 0x00, 0x00, 0x00, 0x00,
        0x00, 0x00, 0x00, 0x00, 0x00, 0x00, 0x00, 0x00, 0x00, 0x00, 0x00, 0x00,
        0x00, 0x00, 0x00, 0x00, 0x00, 0x00, 0x00, 0x00, 0x00, 0x00, 0x00, 0x00,
        0x00, 0x00, 0x00, 0x00, 0x00, 0x00, 0x00, 0x00, 0x00, 0x00, 0x00, 0x00,
        0x00, 0x00, 0x00, 0x00, 0x00, 0x00, 0x00, 0x00, 0x00, 0x00, 0xff, 0xff,
        0xff, 0xff, 0xff, 0xff, 0x08, 0x42, 0x08, 0x42, 0x08, 0x42, 0x65, 0x29,
        0x08, 0x42, 0xc3, 0x18, 0xa2, 0x10, 0x82, 0x10, 0x41, 0x08, 0xa2, 0x10,
        0xaa, 0x5a, 0xd6, 0xcd, 0xfa, 0xee, 0x99, 0xe6, 0x16, 0xd6, 0x16, 0xd6,
        0x93, 0xcd, 0x32, 0xc5, 0xb4, 0xcd, 0x93, 0xcd, 0x37, 0xde, 0x15, 0xde,
        0xd4, 0xd5, 0x6f, 0xac, 0xcc, 0x93, 0x32, 0xc5, 0x72, 0xcd, 0x4d, 0xac,
        0x2e, 0xa4, 0xec, 0xa3, 0x8b, 0x93, 0x8b, 0x93, 0x29, 0x83, 0x47, 0x6a,
        0x06, 0x5a, 0x88, 0x6a, 0x6f, 0xac, 0xb0, 0xb4, 0xcc, 0x93, 0xc5, 0x51,
        0x06, 0x5a, 0x0a, 0x7b, 0x07, 0x52, 0xe7, 0x49, 0x41, 0x08, 0xa2, 0x10,
        0x41, 0x08, 0x82, 0x10, 0xa2, 0x10, 0xc3, 0x18, 0x65, 0x29, 0x65, 0x29,
        0x08, 0x42, 0x08, 0x42, 0x08, 0x42, 0xff, 0xff, 0xff, 0xff, 0xff, 0xff,
        0xff, 0xff, 0xff, 0xff, 0xff, 0xff, 0xff, 0xff, 0xff, 0xff, 0xff, 0xff,
        0xff, 0xff, 0xff, 0xff, 0xff, 0xff, 0xff, 0xff, 0xff, 0xff, 0xff, 0xff,
        0xff, 0xff, 0xff, 0xff, 0xff, 0xff, 0xff, 0xff, 0xff, 0xff, 0x08, 0x42,
        0x08, 0x42, 0x65, 0x29, 0x65, 0x29, 0xc3, 0x18, 0xc3, 0x18, 0xc3, 0x18,
        0xc3, 0x18, 0xc3, 0x18, 0xc3, 0x18, 0xc3, 0x18, 0xc3, 0x18, 0xc3, 0x18,
        0xc3, 0x18, 0x65, 0x29, 0x65, 0x29, 0x65, 0x29, 0x65, 0x29, 0x65, 0x29,
        0x65, 0x29, 0x65, 0x29, 0x65, 0x29, 0x65, 0x29, 0x08, 0x42, 0x08, 0x42,
        0x08, 0x42, 0x08, 0x42, 0x08, 0x42, 0x08, 0x42, 0x08, 0x42, 0x08, 0x02,
        0xff, 0xff, 0xff, 0xff, 0xff, 0xff, 0xff, 0xff, 0xff, 0xff, 0xff, 0xff,
        0xff, 0xff, 0x00, 0x00, 0x00, 0x00, 0x00, 0x00, 0x00, 0x00, 0x00, 0x00,
        0x00, 0x00, 0x00, 0x00, 0x00, 0x00, 0x00, 0x00, 0x00, 0x00, 0x00, 0x00,
        0x00, 0x00, 0x00, 0x00, 0x00, 0x00, 0x00, 0x00, 0x00, 0x00, 0x00, 0x00,
        0x00, 0x00, 0x00, 0x00, 0x00, 0x00, 0x00, 0x00, 0x00, 0x00, 0x00, 0x00,
        0x00, 0x00, 0x00, 0x00, 0x00, 0x00, 0x00, 0x00, 0x00, 0x00, 0x00, 0x00,
        0x00, 0x00, 0x00, 0x00, 0x00, 0x00, 0x00, 0x00, 0x00, 0x00, 0x00, 0x00,
        0x00, 0x00, 0x00, 0x00, 0x00, 0x00, 0x00, 0x00, 0x00, 0x00, 0x00, 0x00,
        0x00, 0x00, 0x00, 0x00, 0x00, 0x00, 0x00, 0x00, 0x00, 0x00, 0x00, 0x00,
        0x00, 0x00, 0x00, 0x00, 0x00, 0x00, 0x00, 0x00, 0x00, 0x00, 0x00, 0x00,
        0x00, 0x00, 0x00, 0x00, 0x00, 0x00, 0x00, 0x00, 0x00, 0x00, 0x00, 0x00,
        0x00, 0x00, 0x00, 0x00, 0x00, 0x00, 0x00, 0x00, 0x00, 0x00, 0x00, 0x00,
        0x00, 0x00, 0x00, 0x00, 0x00, 0x00, 0x00, 0x00, 0x00, 0x00, 0x00, 0x00,
        0x00, 0x00, 0x00, 0x00, 0x00, 0x00, 0x00, 0x00, 0x00, 0x00, 0x00, 0x00,
        0x00, 0x00, 0x00, 0x00, 0x00, 0x00, 0x00, 0x00, 0x00, 0x00, 0x00, 0x00,
        0x00, 0x00, 0x00, 0x00, 0x00, 0x00, 0x00, 0x00, 0x00, 0x00, 0x00, 0x00,
        0x00, 0x00, 0x00, 0x00, 0x00, 0x00, 0x00, 0x00, 0x00, 0x00, 0x00, 0x00,
        0x00, 0x00, 0x00, 0x00, 0x00, 0x00, 0x00, 0x00, 0x00, 0x00, 0x00, 0x00,
        0x00, 0x00, 0x00, 0x00, 0x00, 0x00, 0x00, 0x00, 0x00, 0x00, 0x00, 0x00,
        0x00, 0x00, 0x00, 0x00, 0x00, 0x00, 0x00, 0x00, 0x00, 0x00, 0x00, 0x00,
        0x00, 0x00, 0x00, 0x00, 0x00, 0x00, 0x00, 0x00, 0x00, 0x00, 0x00, 0x00,
        0x00, 0x00, 0x00, 0x00, 0x00, 0x00, 0x00, 0x00, 0x00, 0x00, 0x00, 0x00,
        0xff, 0xff, 0xff, 0xff, 0xff, 0xff, 0x08, 0x42, 0x08, 0x42, 0x08, 0x42,
        0x08, 0x42, 0x65, 0x29, 0xc3, 0x18, 0xa2, 0x10, 0x82, 0x10, 0x41, 0x08,
        0x21, 0x08, 0x41, 0x08, 0xd6, 0xcd, 0xd9, 0xe6, 0x78, 0xde, 0x57, 0xde,
        0xf5, 0xd5, 0x53, 0xc5, 0xb0, 0xb4, 0x32, 0xc5, 0xb4, 0xcd, 0x57, 0xde,
        0x15, 0xde, 0x72, 0xcd, 0x6f, 0xac, 0x29, 0x83, 0x6f, 0xac, 0xb0, 0xb4,
        0x6f, 0xac, 0xb0, 0xb4, 0xcc, 0x93, 0xcc, 0x93, 0xcc, 0x93, 0xc9, 0x7a,
        0x88, 0x6a, 0x68, 0x5a, 0x0a, 0x7b, 0xac, 0x93, 0x4b, 0x7b, 0xe7, 0x49,
        0x41, 0x08, 0x41, 0x08, 0x61, 0x08, 0x65, 0x29, 0x08, 0x42, 0x65, 0x29,
        0x08, 0x42, 0x08, 0x42, 0x08, 0x42, 0xff, 0xff, 0xff, 0xff, 0xff, 0xff,
        0xff, 0xff, 0xff, 0xff, 0xff, 0xff, 0xff, 0xff, 0xff, 0xff, 0x00, 0x00,
        0x00, 0x00, 0x00, 0x00, 0x00, 0x00, 0x00, 0x00, 0x00, 0x00, 0x00, 0x00,
        0x00, 0x00, 0x00, 0x00, 0x00, 0x00, 0x00, 0x00, 0x00, 0x00, 0x00, 0x00,
        0xff, 0xff, 0xff, 0xff, 0xff, 0xff, 0xff, 0xff, 0xff, 0xff, 0xff, 0xff,
        0xff, 0xff, 0xff, 0xff, 0xff, 0xff, 0x08, 0x42, 0x08, 0x42, 0x08, 0x42,
        0xff, 0xff, 0x08, 0x42, 0xff, 0xff, 0x08, 0x42, 0xff, 0xff, 0x08, 0x42,
        0x08, 0x42, 0x08, 0x42, 0x08, 0x42, 0x08, 0x42, 0xff, 0xff, 0xff, 0xff,
        0xff, 0xff, 0xff, 0xff, 0xff, 0xff, 0xff, 0xff, 0xff, 0xff, 0xff, 0xff,
        0xff, 0xff, 0xff, 0xff, 0xff, 0xff, 0xff, 0xff, 0xff, 0xff, 0xff, 0xff,
        0xff, 0xff, 0xff, 0xff, 0xff, 0xff, 0xff, 0xff, 0x00, 0x00, 0x00, 0x00,
        0x00, 0x00, 0x00, 0x00, 0x00, 0x00, 0x00, 0x00, 0x00, 0x00, 0x00, 0x00,
        0x00, 0x00, 0x00, 0x00, 0x00, 0x00, 0x00, 0x00, 0x00, 0x00, 0x00, 0x00,
        0x00, 0x00, 0x00, 0x00, 0x00, 0x00, 0x00, 0x00, 0x00, 0x00, 0x00, 0x00,
        0x00, 0x00, 0x00, 0x00, 0x00, 0x00, 0x00, 0x00, 0x00, 0x00, 0x00, 0x00,
        0x00, 0x00, 0x00, 0x00, 0x00, 0x00, 0x00, 0x00, 0x00, 0x00, 0x00, 0x00,
        0x00, 0x00, 0x00, 0x00, 0x00, 0x00, 0x00, 0x00, 0x00, 0x00, 0x00, 0x00,
        0x00, 0x00, 0x00, 0x00, 0x00, 0x00, 0x00, 0x00, 0x00, 0x00, 0x00, 0x00,
        0x00, 0x00, 0x00, 0x00, 0x00, 0x00, 0x00, 0x00, 0x00, 0x00, 0x00, 0x00,
        0x00, 0x00, 0x00, 0x00, 0x00, 0x00, 0x00, 0x00, 0x00, 0x00, 0x00, 0x00,
        0x00, 0x00, 0x00, 0x00, 0x00, 0x00, 0x00, 0x00, 0x00, 0x00, 0x00, 0x00,
        0x00, 0x00, 0x00, 0x00, 0x00, 0x00, 0x00, 0x00, 0x00, 0x00, 0x00, 0x00,
        0x00, 0x00, 0x00, 0x00, 0x00, 0x00, 0x00, 0x00, 0x00, 0x00, 0x00, 0x00,
        0x00, 0x00, 0x00, 0x00, 0x00, 0x00, 0x00, 0x00, 0x00, 0x00, 0x00, 0x00,
        0x00, 0x00, 0x00, 0x00, 0x00, 0x00, 0x00, 0x00, 0x00, 0x00, 0x00, 0x00,
        0x00, 0x00, 0x00, 0x00, 0x00, 0x00, 0x00, 0x00, 0x00, 0x00, 0x00, 0x00,
        0x00, 0x00, 0x00, 0x00, 0x00, 0x00, 0x00, 0x00, 0x00, 0x00, 0x00, 0x00,
        0x00, 0x00, 0x00, 0x00, 0x00, 0x00, 0x00, 0x00, 0x00, 0x00, 0x00, 0x00,
        0x00, 0x00, 0x00, 0x00, 0x00, 0x00, 0x00, 0x00, 0x00, 0x00, 0x00, 0x00,
        0x00, 0x00, 0x00, 0x00, 0x00, 0x00, 0x00, 0x00, 0x00, 0x00, 0x00, 0x00,
        0x00, 0x00, 0x00, 0x00, 0x00, 0x00, 0x00, 0x00, 0x00, 0x00, 0x00, 0x00,
        0x00, 0x00, 0x00, 0x00, 0x00, 0x00, 0x00, 0x00, 0x00, 0x00, 0x00, 0x00,
        0x00, 0x00, 0x00, 0x00, 0xff, 0xff, 0xff, 0xff, 0xff, 0xff, 0x08, 0x42,
        0x08, 0x42, 0x08, 0x42, 0x65, 0x29, 0xc3, 0x18, 0xa2, 0x10, 0x82, 0x10,
        0xa2, 0x10, 0x21, 0x08, 0x20, 0x00, 0x0f, 0x94, 0xd1, 0xac, 0x95, 0xbd,
        0x95, 0xbd, 0xf2, 0xb4, 0xac, 0x93, 0xac, 0x93, 0xac, 0x93, 0xf2, 0xb4,
        0xf2, 0xb4, 0x4f, 0xa4, 0xac, 0x93, 0xac, 0x93, 0x0a, 0x7b, 0x68, 0x5a,
        0x0a, 0x7b, 0x0a, 0x7b, 0x4b, 0x7b, 0xe7, 0x49, 0xaa, 0x62, 0xaa, 0x62,
        0x41, 0x08, 0x20, 0x00, 0x20, 0x00, 0x41, 0x08, 0xa2, 0x10, 0x61, 0x08,
        0xc3, 0x18, 0x08, 0x42, 0xff, 0xff, 0xff, 0xff, 0xff, 0xff, 0x00, 0x00,
        0x00, 0x00, 0x00, 0x00, 0x00, 0x00, 0x00, 0x00, 0x00, 0x00, 0x00, 0x00,
        0x00, 0x00, 0x00, 0x00, 0x00, 0x00, 0x00, 0x00, 0x00, 0x00, 0x00, 0x00,
        0x00, 0x00, 0x00, 0x00, 0x00, 0x00, 0x00, 0x00, 0x00, 0x00, 0x00, 0x00,
        0x00, 0x00, 0x00, 0x00, 0x00, 0x00, 0x00, 0x00, 0x00, 0x00, 0x00, 0x00,
        0x00, 0x00, 0x00, 0x00, 0xff, 0xff, 0xff, 0xff, 0xff, 0xff, 0xff, 0xff,
        0xff, 0xff, 0xff, 0xff, 0xff, 0xff, 0xff, 0xff, 0xff, 0xff, 0xff, 0xff,
        0xff, 0xff, 0xff, 0xff, 0xff, 0xff, 0xff, 0xff, 0xff, 0xff, 0xff, 0xff,
        0xff, 0xff, 0xff, 0xff, 0xff, 0xff, 0xff, 0xff, 0xff, 0xff, 0xff, 0xff,
        0xff, 0xff, 0xff, 0xff, 0xff, 0xff, 0xff, 0xff, 0xff, 0xff, 0xff, 0xff,
        0xff, 0xff, 0xff, 0xff, 0xff, 0xff, 0x00, 0x00, 0x00, 0x00, 0x00, 0x00,
        0x00, 0x00, 0x00, 0x00, 0x00, 0x00, 0x00, 0x00, 0x00, 0x00, 0x00, 0x00,
        0x00, 0x00, 0x00, 0x00, 0x00, 0x00, 0x00, 0x00, 0x00, 0x00, 0x00, 0x00,
        0x00, 0x00, 0x00, 0x00, 0x00, 0x00, 0x00, 0x00, 0x00, 0x00, 0x00, 0x00,
        0x00, 0x00, 0x00, 0x00, 0x00, 0x00, 0x00, 0x00, 0x00, 0x00, 0x00, 0x00,
        0x00, 0x00, 0x00, 0x00, 0x00, 0x00, 0x00, 0x00, 0x00, 0x00, 0x00, 0x00,
        0x00, 0x00, 0x00, 0x00, 0x00, 0x00, 0x00, 0x00, 0x00, 0x00, 0x00, 0x00,
        0x00, 0x00, 0x00, 0x00, 0x00, 0x00, 0x00, 0x00, 0x00, 0x00, 0x00, 0x00,
        0x00, 0x00, 0x00, 0x00, 0x00, 0x00, 0x00, 0x00, 0x00, 0x00, 0x00, 0x00,
        0x00, 0x00, 0x00, 0x00, 0x00, 0x00, 0x00, 0x00, 0x00, 0x00, 0x00, 0x00,
        0x00, 0x00, 0x00, 0x00, 0x00, 0x00, 0x00, 0x00, 0x00, 0x00, 0x00, 0x00,
        0x00, 0x00, 0x00, 0x00, 0x00, 0x00, 0x00, 0x00, 0x00, 0x00, 0x00, 0x00,
        0x00, 0x00, 0x00, 0x00, 0x00, 0x00, 0x00, 0x00, 0x00, 0x00, 0x00, 0x00,
        0x00, 0x00, 0x00, 0x00, 0x00, 0x00, 0x00, 0x00, 0x00, 0x00, 0x00, 0x00,
        0x00, 0x00, 0x00, 0x00, 0x00, 0x00, 0x00, 0x00, 0x00, 0x00, 0x00, 0x00,
        0x00, 0x00, 0x00, 0x00, 0x00, 0x00, 0x00, 0x00, 0x00, 0x00, 0x00, 0x00,
        0x00, 0x00, 0x00, 0x00, 0x00, 0x00, 0x00, 0x00, 0x00, 0x00, 0x00, 0x00,
        0x00, 0x00, 0x00, 0x00, 0x00, 0x00, 0x00, 0x00, 0x00, 0x00, 0x00, 0x00,
        0x00, 0x00, 0x00, 0x00, 0x00, 0x00, 0x00, 0x00, 0x00, 0x00, 0x00, 0x00,
        0x00, 0x00, 0x00, 0x00, 0x00, 0x00, 0x00, 0x00, 0x00, 0x00, 0x00, 0x00,
        0x00, 0x00, 0x00, 0x00, 0x00, 0x00, 0x00, 0x00, 0x00, 0x00, 0x00, 0x00,
        0x00, 0x00, 0x00, 0x00, 0x00, 0x00, 0x00, 0x00, 0x00, 0x00, 0x00, 0x00,
        0x00, 0x00, 0x00, 0x00, 0x00, 0x00, 0x00, 0x00, 0x00, 0x00, 0x00, 0x00,
        0x00, 0x00, 0x00, 0x00, 0x00, 0x00, 0xff, 0xff, 0xff, 0xff, 0xff, 0xff,
        0xff, 0xff, 0xff, 0xff, 0x08, 0x42, 0x08, 0x42, 0x65, 0x29, 0xc3, 0x18,
        0xa2, 0x10, 0x82, 0x10, 0x61, 0x08, 0x82, 0x10, 0x41, 0x08, 0xa2, 0x10,
        0x2f, 0x94, 0xa2, 0x10, 0x21, 0x08, 0x21, 0x08, 0x21, 0x08, 0x21, 0x08,
        0x21, 0x08, 0xa2, 0x10, 0xa2, 0x10, 0xa2, 0x10, 0xa2, 0x10, 0xa2, 0x10,
        0xa2, 0x10, 0x41, 0x08, 0x82, 0x10, 0xa2, 0x10, 0xa2, 0x10, 0xc3, 0x18,
        0xc3, 0x18, 0xc3, 0x18, 0xc3, 0x18, 0x65, 0x29, 0x65, 0x29, 0x08, 0x42,
        0xff, 0xff, 0xff, 0xff, 0x00, 0x00, 0x00, 0x00, 0x00, 0x00, 0x00, 0x00,
        0x00, 0x00, 0x00, 0x00, 0x00, 0x00, 0x00, 0x00, 0x00, 0x00, 0x00, 0x00,
        0x00, 0x00, 0x00, 0x00, 0x00, 0x00, 0x00, 0x00, 0x00, 0x00, 0x00, 0x00,
        0x00, 0x00, 0x00, 0x00, 0x00, 0x00, 0x00, 0x00, 0x00, 0x00, 0x00, 0x00,
        0x00, 0x00, 0x00, 0x00, 0x00, 0x00, 0x00, 0x00, 0x00, 0x00, 0x00, 0x00,
        0x00, 0x00, 0x00, 0x00, 0x00, 0x00, 0x00, 0x00, 0x00, 0x00, 0x00, 0x00,
        0x00, 0x00, 0x00, 0x00, 0x00, 0x00, 0x00, 0x00, 0x00, 0x00, 0x00, 0x00,
        0x00, 0x00, 0x00, 0x00, 0x00, 0x00, 0x00, 0x00, 0x00, 0x00, 0x00, 0x00,
        0x00, 0x00, 0x00, 0x00, 0x00, 0x00, 0x00, 0x00, 0x00, 0x00, 0x00, 0x00,
        0x00, 0x00, 0x00, 0x00, 0x00, 0x00, 0x00, 0x00, 0x00, 0x00, 0x00, 0x00,
        0x00, 0x00, 0x00, 0x00, 0x00, 0x00, 0x00, 0x00, 0x00, 0x00, 0x00, 0x00,
        0x00, 0x00, 0x00, 0x00, 0x00, 0x00, 0x00, 0x00, 0x00, 0x00, 0x00, 0x00,
        0x00, 0x00, 0x00, 0x00, 0x00, 0x00, 0x00, 0x00, 0x00, 0x00, 0x00, 0x00,
        0x00, 0x00, 0x00, 0x00, 0x00, 0x00, 0x00, 0x00, 0x00, 0x00, 0x00, 0x00,
        0x00, 0x00, 0x00, 0x00, 0x00, 0x00, 0x00, 0x00, 0x00, 0x00, 0x00, 0x00,
        0x00, 0x00, 0x00, 0x00, 0x00, 0x00, 0x00, 0x00, 0x00, 0x00, 0x00, 0x00,
        0x00, 0x00, 0x00, 0x00, 0x00, 0x00, 0x00, 0x00, 0x00, 0x00, 0x00, 0x00,
        0x00, 0x00, 0x00, 0x00, 0x00, 0x00, 0x00, 0x00, 0x00, 0x00, 0x00, 0x00,
        0x00, 0x00, 0x00, 0x00, 0x00, 0x00, 0x00, 0x00, 0x00, 0x00, 0x00, 0x00,
        0x00, 0x00, 0x00, 0x00, 0x00, 0x00, 0x00, 0x00, 0x00, 0x00, 0x00, 0x00,
        0x00, 0x00, 0x00, 0x00, 0x00, 0x00, 0x00, 0x00, 0x00, 0x00, 0x00, 0x00,
        0x00, 0x00, 0x00, 0x00, 0x00, 0x00, 0x00, 0x00, 0x00, 0x00, 0x00, 0x00,
        0x00, 0x00, 0x00, 0x00, 0x00, 0x00, 0x00, 0x00, 0x00, 0x00, 0x00, 0x00,
        0x00, 0x00, 0x00, 0x00, 0x00, 0x00, 0x00, 0x00, 0x00, 0x00, 0x00, 0x00,
        0x00, 0x00, 0x00, 0x00, 0x00, 0x00, 0x00, 0x00, 0x00, 0x00, 0x00, 0x00,
        0x00, 0x00, 0x00, 0x00, 0x00, 0x00, 0x00, 0x00, 0x00, 0x00, 0x00, 0x00,
        0x00, 0x00, 0x00, 0x00, 0x00, 0x00, 0x00, 0x00, 0x00, 0x00, 0x00, 0x00,
        0x00, 0x00, 0x00, 0x00, 0x00, 0x00, 0x00, 0x00, 0x00, 0x00, 0x00, 0x00,
        0x00, 0x00, 0x00, 0x00, 0x00, 0x00, 0x00, 0x00, 0x00, 0x00, 0x00, 0x00,
        0x00, 0x00, 0x00, 0x00, 0x00, 0x00, 0x00, 0x00, 0x00, 0x00, 0x00, 0x00,
        0x00, 0x00, 0x00, 0x00, 0x00, 0x00, 0x00, 0x00, 0x00, 0x00, 0x00, 0x00,
        0x00, 0x00, 0x00, 0x00, 0x00, 0x00, 0x00, 0x00, 0x00, 0x00, 0x00, 0x00,
        0x00, 0x00, 0x00, 0x00, 0x00, 0x00, 0x00, 0x00, 0x00, 0x00, 0x00, 0x00,
        0x00, 0x00, 0x00, 0x00, 0x00, 0x00, 0xff, 0xff, 0xff, 0xff, 0xff, 0xff,
        0xff, 0xff, 0xff, 0xff, 0xff, 0xff, 0xff, 0xff, 0xff, 0xff, 0xff, 0xff,
        0xff, 0xff, 0xff, 0xff, 0x08, 0x46, 0xff, 0xff, 0x08, 0x42, 0xff, 0xff,
        0x00, 0x00, 0xff, 0xff, 0xff, 0xff, 0x00, 0x00, 0x00, 0x00, 0xff, 0xff,
        0xff, 0xff, 0xff, 0xff, 0xff, 0xff, 0xff, 0xff, 0xff, 0xff, 0xff, 0xff,
        0xff, 0xff, 0x00, 0x00, 0xff, 0xff, 0xff, 0xff, 0xff, 0xff, 0xff, 0xff,
        0xff, 0xff, 0xff, 0xff, 0xff, 0xff, 0xff, 0xff, 0xff, 0xff, 0xff, 0xff,
        0x00, 0x00, 0x00, 0x00, 0x00, 0x00, 0x00, 0x00, 0x00, 0x00, 0x00, 0x00,
        0x00, 0x00, 0x00, 0x00, 0x00, 0x00, 0x00, 0x00, 0x00, 0x00, 0x00, 0x00,
        0x00, 0x00, 0x00, 0x00, 0x00, 0x00, 0x00, 0x00, 0x00, 0x00, 0x00, 0x00,
        0x00, 0x00, 0x00, 0x00, 0x00, 0x00, 0x00, 0x00, 0x00, 0x00, 0x00, 0x00,
        0x00, 0x00, 0x00, 0x00, 0x00, 0x00, 0x00, 0x00, 0x00, 0x00, 0x00, 0x00,
        0x00, 0x00, 0x00, 0x00, 0x00, 0x00, 0x00, 0x00, 0x00, 0x00, 0x00, 0x00,
        0x00, 0x00, 0x00, 0x00, 0x00, 0x00, 0x00, 0x00, 0x00, 0x00, 0x00, 0x00,
        0x00, 0x00, 0x00, 0x00, 0x00, 0x00, 0x00, 0x00, 0x00, 0x00, 0x00, 0x00,
        0x00, 0x00, 0x00, 0x00, 0x00, 0x00, 0x00, 0x00, 0x00, 0x00, 0x00, 0x00,
        0x00, 0x00, 0x00, 0x00, 0x00, 0x00, 0x00, 0x00, 0x00, 0x00, 0x00, 0x00,
        0x00, 0x00, 0x00, 0x00, 0x00, 0x00, 0x00, 0x00, 0x00, 0x00, 0x00, 0x00,
        0x00, 0x00, 0x00, 0x00, 0x00, 0x00, 0x00, 0x00, 0x00, 0x00, 0x00, 0x00,
        0x00, 0x00, 0x00, 0x00, 0x00, 0x00, 0x00, 0x00, 0x00, 0x00, 0x00, 0x00,
        0x00, 0x00, 0x00, 0x00, 0x00, 0x00, 0x00, 0x00, 0x00, 0x00, 0x00, 0x00,
        0x00, 0x00, 0x00, 0x00, 0x00, 0x00, 0x00, 0x00, 0x00, 0x00, 0x00, 0x00,
        0x00, 0x00, 0x00, 0x00, 0x00, 0x00, 0x00, 0x00, 0x00, 0x00, 0x00, 0x00,
        0x00, 0x00, 0x00, 0x00, 0x00, 0x00, 0x00, 0x00, 0x00, 0x00, 0x00, 0x00,
        0x00, 0x00, 0x00, 0x00, 0x00, 0x00, 0x00, 0x00, 0x00, 0x00, 0x00, 0x00,
};

const lv_image_dsc_t cat_img = {
    .header.cf = LV_COLOR_FORMAT_RGB565,
    .header.magic = LV_IMAGE_HEADER_MAGIC,
    .header.w = 240,
    .header.h = 240,
    .data_size = 57600 * 2,
    .data = cat_1_optimized_map,
};

#endif